customer_id,customer_name,gender,age,city,state,customer_segment,registration_date
10001,Customer_00001,Male,21,Kolkata,West Bengal,Low Value,2025-01-11
10002,Customer_00002,Female,56,Coimbatore,Tamil Nadu,High Value,2023-04-18
10003,Customer_00003,Male,22,Jodhpur,Rajasthan,Regular,2025-11-08
10004,Customer_00004,Male,28,Hyderabad,Telangana,Regular,2023-06-09
10005,Customer_00005,Male,32,Siliguri,West Bengal,High Value,2023-04-10
10006,Customer_00006,Female,51,Kochi,Kerala,Low Value,2023-09-22
10007,Customer_00007,Female,30,Delhi,Delhi,Regular,2025-01-19
10008,Customer_00008,Female,65,Kolkata,West Bengal,VIP,2025-12-08
10009,Customer_00009,Female,24,Jodhpur,Rajasthan,Low Value,2024-11-07
10010,Customer_00010,Male,57,Hyderabad,Telangana,Regular,2025-03-09
10011,Customer_00011,Female,23,Chennai,Tamil Nadu,Regular,2025-12-18
10012,Customer_00012,Male,56,Jaipur,Rajasthan,Regular,2023-07-02
10013,Customer_00013,Male,47,Udaipur,Rajasthan,Low Value,2024-10-20
10014,Customer_00014,Female,39,New Delhi,Delhi,VIP,2024-08-30
10015,Customer_00015,Female,42,Surat,Gujarat,Regular,2024-10-04
10016,Customer_00016,Male,45,Warangal,Telangana,Regular,2023-12-13
10017,Customer_00017,Male,37,Hubballi,Karnataka,VIP,2025-03-22
10018,Customer_00018,Female,56,Udaipur,Rajasthan,Regular,2025-03-11
10019,Customer_00019,Male,20,Ahmedabad,Gujarat,Regular,2025-11-19
10020,Customer_00020,Male,22,Mysuru,Karnataka,Regular,2023-05-26
10021,Customer_00021,Male,18,Warangal,Telangana,VIP,2024-05-17
10022,Customer_00022,Male,32,Thane,Maharashtra,Regular,2025-03-09
10023,Customer_00023,Female,43,Kozhikode,Kerala,Low Value,2025-08-25
10024,Customer_00024,Male,20,Vadodara,Gujarat,Regular,2024-04-15
10025,Customer_00025,Male,57,Noida,Uttar Pradesh,Regular,2024-11-20
10026,Customer_00026,Female,58,Thane,Maharashtra,High Value,2023-01-01
10027,Customer_00027,Female,64,Kozhikode,Kerala,Regular,2023-04-20
10028,Customer_00028,Male,59,Delhi,Delhi,VIP,2025-06-12
10029,Customer_00029,Male,51,Siliguri,West Bengal,Regular,2025-12-23
10030,Customer_00030,Male,22,Chennai,Tamil Nadu,Regular,2025-01-25
10031,Customer_00031,Female,48,Agra,Uttar Pradesh,Low Value,2023-02-22
10032,Customer_00032,Female,30,Delhi,Delhi,Regular,2023-09-19
10033,Customer_00033,Female,60,Warangal,Telangana,Regular,2025-06-04
10034,Customer_00034,Female,18,Delhi,Delhi,Regular,2023-08-22
10035,Customer_00035,Female,39,Kolkata,West Bengal,Low Value,2023-03-14
10036,Customer_00036,Female,32,Warangal,Telangana,Regular,2025-08-08
10037,Customer_00037,Female,43,Lucknow,Uttar Pradesh,Regular,2024-04-28
10038,Customer_00038,Male,35,Kolkata,West Bengal,Low Value,2025-10-26
10039,Customer_00039,Other,65,Mangaluru,Karnataka,VIP,2025-05-26
10040,Customer_00040,Male,26,Madurai,Tamil Nadu,High Value,2025-05-08
10041,Customer_00041,Male,18,Noida,Uttar Pradesh,High Value,2023-05-17
10042,Customer_00042,Female,60,Mysuru,Karnataka,Low Value,2025-02-17
10043,Customer_00043,Male,26,Kozhikode,Kerala,VIP,2024-09-19
10044,Customer_00044,Female,40,Kanpur,Uttar Pradesh,Low Value,2024-07-08
10045,Customer_00045,Female,60,Kochi,Kerala,Regular,2025-01-12
10046,Customer_00046,Male,62,Warangal,Telangana,VIP,2024-07-23
10047,Customer_00047,Female,19,Bengaluru,Karnataka,Regular,2024-02-14
10048,Customer_00048,Male,31,Coimbatore,Tamil Nadu,High Value,2025-11-25
10049,Customer_00049,Male,55,Siliguri,West Bengal,Regular,2023-08-18
10050,Customer_00050,Female,57,Jaipur,Rajasthan,Regular,2023-09-19
10051,Customer_00051,Female,35,Delhi,Delhi,Regular,2025-06-10
10052,Customer_00052,Female,33,Nagpur,Maharashtra,VIP,2024-03-23
10053,Customer_00053,Male,46,Chennai,Tamil Nadu,Regular,2023-07-05
10054,Customer_00054,Female,61,Mysuru,Karnataka,Low Value,2023-12-18
10055,Customer_00055,Male,28,Udaipur,Rajasthan,Regular,2024-01-19
10056,Customer_00056,Female,23,Chennai,Tamil Nadu,Low Value,2025-11-25
10057,Customer_00057,Male,20,Hubballi,Karnataka,High Value,2023-11-22
10058,Customer_00058,Female,31,Surat,Gujarat,Low Value,2024-04-09
10059,Customer_00059,Male,19,Ahmedabad,Gujarat,Regular,2024-04-10
10060,Customer_00060,Male,49,Thiruvananthapuram,Kerala,VIP,2023-06-11
10061,Customer_00061,Male,48,Chennai,Tamil Nadu,Low Value,2024-07-09
10062,Customer_00062,Female,28,Surat,Gujarat,Low Value,2023-10-27
10063,Customer_00063,Female,39,Mangaluru,Karnataka,Regular,2023-12-22
10064,Customer_00064,Female,20,Kozhikode,Kerala,High Value,2024-07-17
10065,Customer_00065,Male,48,Hubballi,Karnataka,Regular,2025-03-03
10066,Customer_00066,Female,50,Kozhikode,Kerala,Regular,2025-10-19
10067,Customer_00067,Male,41,Coimbatore,Tamil Nadu,Low Value,2024-08-08
10068,Customer_00068,Female,18,Udaipur,Rajasthan,High Value,2025-01-19
10069,Customer_00069,Male,61,Kolkata,West Bengal,Low Value,2023-05-20
10070,Customer_00070,Female,32,Agra,Uttar Pradesh,Regular,2023-08-23
10071,Customer_00071,Female,54,Jodhpur,Rajasthan,Low Value,2025-10-23
10072,Customer_00072,Female,44,Hyderabad,Telangana,Low Value,2023-09-13
10073,Customer_00073,Female,55,Bengaluru,Karnataka,Regular,2024-01-06
10074,Customer_00074,Female,65,Hyderabad,Telangana,Regular,2023-10-05
10075,Customer_00075,Female,44,Jodhpur,Rajasthan,Low Value,2024-05-30
10076,Customer_00076,Male,61,Kozhikode,Kerala,Regular,2025-06-22
10077,Customer_00077,Female,29,Kanpur,Uttar Pradesh,Regular,2023-09-27
10078,Customer_00078,Male,20,Lucknow,Uttar Pradesh,Regular,2024-04-20
10079,Customer_00079,Female,47,Pune,Maharashtra,High Value,2025-07-16
10080,Customer_00080,Male,49,Kanpur,Uttar Pradesh,Low Value,2023-03-05
10081,Customer_00081,Male,40,Siliguri,West Bengal,High Value,2024-04-04
10082,Customer_00082,Male,19,Noida,Uttar Pradesh,Low Value,2025-11-05
10083,Customer_00083,Male,24,Udaipur,Rajasthan,Regular,2024-07-17
10084,Customer_00084,Female,51,Pune,Maharashtra,Regular,2025-11-08
10085,Customer_00085,Male,49,Jaipur,Rajasthan,Regular,2025-06-26
10086,Customer_00086,Female,56,Udaipur,Rajasthan,Regular,2023-04-03
10087,Customer_00087,Male,49,New Delhi,Delhi,Regular,2025-02-11
10088,Customer_00088,Female,60,Thane,Maharashtra,Regular,2025-03-20
10089,Customer_00089,Female,60,Jodhpur,Rajasthan,Regular,2025-11-06
10090,Customer_00090,Female,31,New Delhi,Delhi,Low Value,2025-04-19
10091,Customer_00091,Female,20,Delhi,Delhi,Regular,2024-05-02
10092,Customer_00092,Male,63,Mumbai,Maharashtra,Regular,2025-10-30
10093,Customer_00093,Female,49,Hyderabad,Telangana,Regular,2025-01-18
10094,Customer_00094,Male,60,Kozhikode,Kerala,High Value,2024-06-11
10095,Customer_00095,Male,53,Kolkata,West Bengal,Regular,2024-07-07
10096,Customer_00096,Female,34,Kozhikode,Kerala,Regular,2024-05-29
10097,Customer_00097,Male,65,Noida,Uttar Pradesh,Regular,2024-01-12
10098,Customer_00098,Female,20,Kolkata,West Bengal,Regular,2024-04-28
10099,Customer_00099,Female,27,Noida,Uttar Pradesh,Regular,2024-03-27
10100,Customer_00100,Male,64,Jodhpur,Rajasthan,High Value,2025-02-25
10101,Customer_00101,Male,57,Bengaluru,Karnataka,Regular,2025-11-29
10102,Customer_00102,Male,35,Mumbai,Maharashtra,Low Value,2023-10-29
10103,Customer_00103,Female,20,Kolkata,West Bengal,Regular,2025-12-21
10104,Customer_00104,Female,56,Siliguri,West Bengal,Regular,2025-09-25
10105,Customer_00105,Male,27,Jaipur,Rajasthan,VIP,2023-01-18
10106,Customer_00106,Male,26,Hyderabad,Telangana,Low Value,2024-02-02
10107,Customer_00107,Female,63,Delhi,Delhi,Regular,2025-10-03
10108,Customer_00108,Female,63,Jaipur,Rajasthan,Regular,2024-08-16
10109,Customer_00109,Male,28,Surat,Gujarat,Low Value,2023-07-08
10110,Customer_00110,Male,50,New Delhi,Delhi,Regular,2023-04-14
10111,Customer_00111,Female,53,Pune,Maharashtra,Regular,2023-02-02
10112,Customer_00112,Male,43,Delhi,Delhi,Regular,2025-01-18
10113,Customer_00113,Male,44,Warangal,Telangana,VIP,2024-01-09
10114,Customer_00114,Female,55,Delhi,Delhi,Regular,2025-11-01
10115,Customer_00115,Female,39,Nashik,Maharashtra,VIP,2025-01-10
10116,Customer_00116,Male,43,Hyderabad,Telangana,Regular,2025-06-08
10117,Customer_00117,Male,39,Thiruvananthapuram,Kerala,VIP,2024-03-31
10118,Customer_00118,Male,22,Kolkata,West Bengal,Low Value,2023-09-06
10119,Customer_00119,Male,52,Siliguri,West Bengal,High Value,2024-03-23
10120,Customer_00120,Female,19,Noida,Uttar Pradesh,Regular,2025-10-14
10121,Customer_00121,Male,52,Kozhikode,Kerala,Regular,2025-09-06
10122,Customer_00122,Female,26,Kozhikode,Kerala,Regular,2025-10-24
10123,Customer_00123,Female,35,New Delhi,Delhi,Regular,2023-06-22
10124,Customer_00124,Male,60,Kolkata,West Bengal,Regular,2024-01-06
10125,Customer_00125,Male,29,Nashik,Maharashtra,Regular,2025-03-01
10126,Customer_00126,Female,20,Madurai,Tamil Nadu,Regular,2025-01-18
10127,Customer_00127,Female,35,Coimbatore,Tamil Nadu,Regular,2025-02-25
10128,Customer_00128,Female,55,Hyderabad,Telangana,Regular,2025-04-19
10129,Customer_00129,Male,24,Kolkata,West Bengal,High Value,2024-02-04
10130,Customer_00130,Female,50,Siliguri,West Bengal,Low Value,2025-12-17
10131,Customer_00131,Female,23,Coimbatore,Tamil Nadu,Regular,2024-07-01
10132,Customer_00132,Female,35,Kolkata,West Bengal,High Value,2024-02-12
10133,Customer_00133,Male,62,Delhi,Delhi,Regular,2024-10-02
10134,Customer_00134,Female,39,Surat,Gujarat,Low Value,2023-03-05
10135,Customer_00135,Female,56,Hubballi,Karnataka,VIP,2024-07-27
10136,Customer_00136,Male,26,Thiruvananthapuram,Kerala,Regular,2024-02-24
10137,Customer_00137,Male,52,Noida,Uttar Pradesh,Regular,2023-05-26
10138,Customer_00138,Male,40,Warangal,Telangana,High Value,2023-01-17
10139,Customer_00139,Male,29,Surat,Gujarat,Low Value,2023-04-08
10140,Customer_00140,Male,41,Chennai,Tamil Nadu,Regular,2024-03-27
10141,Customer_00141,Female,57,Kochi,Kerala,Regular,2025-09-01
10142,Customer_00142,Male,26,Siliguri,West Bengal,Low Value,2025-06-16
10143,Customer_00143,Male,30,Agra,Uttar Pradesh,Regular,2025-10-12
10144,Customer_00144,Female,57,Siliguri,West Bengal,Low Value,2024-04-23
10145,Customer_00145,Male,59,Mumbai,Maharashtra,Regular,2023-07-20
10146,Customer_00146,Male,34,Thane,Maharashtra,Regular,2023-06-28
10147,Customer_00147,Female,24,Agra,Uttar Pradesh,Low Value,2024-05-22
10148,Customer_00148,Female,34,Lucknow,Uttar Pradesh,VIP,2024-03-28
10149,Customer_00149,Female,41,Coimbatore,Tamil Nadu,Regular,2023-09-27
10150,Customer_00150,Female,19,Noida,Uttar Pradesh,Regular,2024-04-30
10151,Customer_00151,Male,52,New Delhi,Delhi,VIP,2024-07-31
10152,Customer_00152,Female,45,Kolkata,West Bengal,Regular,2023-12-04
10153,Customer_00153,Male,36,Surat,Gujarat,High Value,2025-05-10
10154,Customer_00154,Female,50,Jaipur,Rajasthan,Regular,2025-01-26
10155,Customer_00155,Male,38,Noida,Uttar Pradesh,Regular,2025-01-26
10156,Customer_00156,Female,27,Hyderabad,Telangana,Low Value,2024-08-06
10157,Customer_00157,Female,63,Nashik,Maharashtra,High Value,2025-12-08
10158,Customer_00158,Female,62,Delhi,Delhi,Regular,2023-12-12
10159,Customer_00159,Male,26,Kozhikode,Kerala,High Value,2024-12-02
10160,Customer_00160,Male,55,Jodhpur,Rajasthan,Regular,2023-10-20
10161,Customer_00161,Female,23,Ahmedabad,Gujarat,Regular,2025-03-06
10162,Customer_00162,Female,59,Udaipur,Rajasthan,Regular,2025-10-18
10163,Customer_00163,Male,52,Agra,Uttar Pradesh,Low Value,2023-03-18
10164,Customer_00164,Female,35,Coimbatore,Tamil Nadu,Low Value,2025-03-27
10165,Customer_00165,Female,36,Mumbai,Maharashtra,VIP,2025-06-14
10166,Customer_00166,Male,22,Pune,Maharashtra,Regular,2024-10-12
10167,Customer_00167,Female,42,Kochi,Kerala,Regular,2024-06-30
10168,Customer_00168,Female,28,Coimbatore,Tamil Nadu,Regular,2024-01-29
10169,Customer_00169,Male,27,Kolkata,West Bengal,High Value,2023-11-21
10170,Customer_00170,Male,34,Mysuru,Karnataka,Regular,2023-05-31
10171,Customer_00171,Female,53,Delhi,Delhi,Regular,2025-05-28
10172,Customer_00172,Female,43,Mumbai,Maharashtra,Regular,2025-11-21
10173,Customer_00173,Male,48,Warangal,Telangana,Low Value,2023-09-29
10174,Customer_00174,Female,49,Nashik,Maharashtra,Regular,2025-04-15
10175,Customer_00175,Female,38,Jodhpur,Rajasthan,VIP,2024-01-03
10176,Customer_00176,Female,35,Nashik,Maharashtra,VIP,2024-08-12
10177,Customer_00177,Male,35,Pune,Maharashtra,Low Value,2024-08-10
10178,Customer_00178,Female,18,Bengaluru,Karnataka,Low Value,2024-07-25
10179,Customer_00179,Male,31,Mangaluru,Karnataka,Regular,2023-03-21
10180,Customer_00180,Male,25,Surat,Gujarat,Regular,2023-09-15
10181,Customer_00181,Male,19,Kolkata,West Bengal,Low Value,2023-10-06
10182,Customer_00182,Male,32,Warangal,Telangana,Regular,2024-05-18
10183,Customer_00183,Female,51,Mumbai,Maharashtra,Low Value,2024-07-11
10184,Customer_00184,Male,53,Pune,Maharashtra,Regular,2024-05-05
10185,Customer_00185,Female,18,New Delhi,Delhi,Regular,2024-07-19
10186,Customer_00186,Male,38,Mangaluru,Karnataka,Regular,2024-06-04
10187,Customer_00187,Male,59,Warangal,Telangana,High Value,2023-11-22
10188,Customer_00188,Other,18,Kochi,Kerala,Regular,2023-03-25
10189,Customer_00189,Female,49,Ahmedabad,Gujarat,Regular,2025-04-20
10190,Customer_00190,Male,37,Kolkata,West Bengal,Low Value,2023-11-16
10191,Customer_00191,Female,64,Chennai,Tamil Nadu,Regular,2023-10-31
10192,Customer_00192,Male,53,Siliguri,West Bengal,Regular,2024-11-20
10193,Customer_00193,Male,56,Udaipur,Rajasthan,High Value,2024-02-11
10194,Customer_00194,Female,47,Thane,Maharashtra,VIP,2025-11-15
10195,Customer_00195,Female,24,Surat,Gujarat,Regular,2024-11-14
10196,Customer_00196,Male,39,Udaipur,Rajasthan,Regular,2023-08-21
10197,Customer_00197,Female,62,Warangal,Telangana,Regular,2025-10-18
10198,Customer_00198,Female,27,Coimbatore,Tamil Nadu,VIP,2024-07-02
10199,Customer_00199,Male,25,Hubballi,Karnataka,Low Value,2025-11-02
10200,Customer_00200,Female,44,Surat,Gujarat,Regular,2024-05-10
10201,Customer_00201,Female,27,Surat,Gujarat,Low Value,2024-09-09
10202,Customer_00202,Female,31,Nashik,Maharashtra,Regular,2025-04-27
10203,Customer_00203,Male,63,Lucknow,Uttar Pradesh,High Value,2025-10-02
10204,Customer_00204,Female,28,Surat,Gujarat,Regular,2024-01-19
10205,Customer_00205,Male,23,Delhi,Delhi,Regular,2025-10-13
10206,Customer_00206,Female,38,Madurai,Tamil Nadu,Regular,2024-10-03
10207,Customer_00207,Female,50,Chennai,Tamil Nadu,Regular,2023-11-12
10208,Customer_00208,Male,36,Delhi,Delhi,High Value,2023-09-13
10209,Customer_00209,Female,56,Kochi,Kerala,Regular,2024-03-16
10210,Customer_00210,Female,41,Delhi,Delhi,Low Value,2023-10-26
10211,Customer_00211,Female,35,New Delhi,Delhi,High Value,2025-07-03
10212,Customer_00212,Male,52,Chennai,Tamil Nadu,Regular,2023-09-13
10213,Customer_00213,Male,60,Siliguri,West Bengal,Low Value,2024-10-12
10214,Customer_00214,Female,54,Coimbatore,Tamil Nadu,Regular,2023-02-16
10215,Customer_00215,Male,36,Noida,Uttar Pradesh,Regular,2025-06-21
10216,Customer_00216,Female,41,Nagpur,Maharashtra,Regular,2024-04-07
10217,Customer_00217,Male,51,Jodhpur,Rajasthan,Regular,2023-01-31
10218,Customer_00218,Male,39,Siliguri,West Bengal,Regular,2023-02-24
10219,Customer_00219,Male,21,Bengaluru,Karnataka,Regular,2023-06-02
10220,Customer_00220,Male,27,Jodhpur,Rajasthan,VIP,2024-03-31
10221,Customer_00221,Female,19,Nagpur,Maharashtra,Regular,2023-10-13
10222,Customer_00222,Male,25,Lucknow,Uttar Pradesh,Regular,2023-02-05
10223,Customer_00223,Male,50,Agra,Uttar Pradesh,Regular,2025-03-28
10224,Customer_00224,Male,55,Bengaluru,Karnataka,Regular,2023-09-13
10225,Customer_00225,Female,60,Siliguri,West Bengal,High Value,2023-06-27
10226,Customer_00226,Male,45,Kozhikode,Kerala,VIP,2024-05-22
10227,Customer_00227,Female,27,Delhi,Delhi,Low Value,2023-01-21
10228,Customer_00228,Female,62,Kolkata,West Bengal,Regular,2023-03-16
10229,Customer_00229,Female,18,Kozhikode,Kerala,Regular,2024-12-19
10230,Customer_00230,Female,51,Noida,Uttar Pradesh,High Value,2024-04-04
10231,Customer_00231,Female,20,Coimbatore,Tamil Nadu,VIP,2025-11-26
10232,Customer_00232,Female,26,Nashik,Maharashtra,Regular,2024-09-21
10233,Customer_00233,Male,22,Hubballi,Karnataka,Low Value,2023-01-01
10234,Customer_00234,Male,59,Mumbai,Maharashtra,Low Value,2025-07-24
10235,Customer_00235,Male,27,Hyderabad,Telangana,Low Value,2023-11-07
10236,Customer_00236,Female,29,Hyderabad,Telangana,Low Value,2025-01-31
10237,Customer_00237,Female,35,Siliguri,West Bengal,Low Value,2024-11-13
10238,Customer_00238,Female,38,Lucknow,Uttar Pradesh,Regular,2023-11-11
10239,Customer_00239,Male,38,Kanpur,Uttar Pradesh,High Value,2023-11-03
10240,Customer_00240,Female,18,Delhi,Delhi,Regular,2024-09-10
10241,Customer_00241,Male,20,Delhi,Delhi,High Value,2023-01-07
10242,Customer_00242,Male,22,New Delhi,Delhi,Regular,2025-11-01
10243,Customer_00243,Male,42,Chennai,Tamil Nadu,High Value,2024-05-28
10244,Customer_00244,Male,25,Jaipur,Rajasthan,Regular,2023-12-15
10245,Customer_00245,Female,34,Surat,Gujarat,Regular,2025-07-05
10246,Customer_00246,Male,26,Jodhpur,Rajasthan,High Value,2025-10-27
10247,Customer_00247,Male,49,Nashik,Maharashtra,Regular,2024-05-14
10248,Customer_00248,Female,23,Udaipur,Rajasthan,Low Value,2024-04-19
10249,Customer_00249,Female,57,Chennai,Tamil Nadu,Regular,2024-06-07
10250,Customer_00250,Female,38,Thane,Maharashtra,Low Value,2025-12-16
10251,Customer_00251,Male,24,Jodhpur,Rajasthan,High Value,2024-08-12
10252,Customer_00252,Female,24,Madurai,Tamil Nadu,High Value,2023-08-21
10253,Customer_00253,Female,64,Vadodara,Gujarat,Regular,2025-03-01
10254,Customer_00254,Male,56,Udaipur,Rajasthan,Regular,2025-11-19
10255,Customer_00255,Female,44,Madurai,Tamil Nadu,Regular,2024-01-02
10256,Customer_00256,Male,25,New Delhi,Delhi,Regular,2023-02-25
10257,Customer_00257,Male,26,Lucknow,Uttar Pradesh,Regular,2023-01-10
10258,Customer_00258,Female,45,New Delhi,Delhi,Low Value,2023-05-27
10259,Customer_00259,Female,32,Kanpur,Uttar Pradesh,Regular,2023-12-30
10260,Customer_00260,Male,19,Mangaluru,Karnataka,High Value,2023-09-10
10261,Customer_00261,Female,24,Bengaluru,Karnataka,Regular,2025-07-28
10262,Customer_00262,Female,64,Hubballi,Karnataka,High Value,2025-01-05
10263,Customer_00263,Female,35,Vadodara,Gujarat,Regular,2023-12-06
10264,Customer_00264,Male,39,Delhi,Delhi,High Value,2024-09-15
10265,Customer_00265,Female,27,Noida,Uttar Pradesh,Regular,2024-12-05
10266,Customer_00266,Male,50,Coimbatore,Tamil Nadu,High Value,2023-11-19
10267,Customer_00267,Female,24,Thane,Maharashtra,VIP,2025-05-10
10268,Customer_00268,Male,20,Madurai,Tamil Nadu,Regular,2023-04-05
10269,Customer_00269,Male,31,Nashik,Maharashtra,Regular,2024-07-06
10270,Customer_00270,Female,61,Hyderabad,Telangana,Regular,2025-02-28
10271,Customer_00271,Male,63,Chennai,Tamil Nadu,Regular,2024-07-06
10272,Customer_00272,Male,53,Jaipur,Rajasthan,High Value,2023-04-26
10273,Customer_00273,Male,30,Jaipur,Rajasthan,Regular,2024-09-23
10274,Customer_00274,Female,33,Siliguri,West Bengal,High Value,2023-09-27
10275,Customer_00275,Male,33,New Delhi,Delhi,Low Value,2025-05-10
10276,Customer_00276,Female,22,Mumbai,Maharashtra,Regular,2023-10-18
10277,Customer_00277,Male,42,Pune,Maharashtra,High Value,2023-01-09
10278,Customer_00278,Male,55,New Delhi,Delhi,Regular,2024-09-21
10279,Customer_00279,Male,55,Ahmedabad,Gujarat,Low Value,2025-05-13
10280,Customer_00280,Male,55,Siliguri,West Bengal,Regular,2024-04-19
10281,Customer_00281,Male,56,Vadodara,Gujarat,Low Value,2024-06-20
10282,Customer_00282,Male,65,Ahmedabad,Gujarat,Regular,2024-11-15
10283,Customer_00283,Female,58,Vadodara,Gujarat,High Value,2025-10-31
10284,Customer_00284,Female,43,New Delhi,Delhi,Regular,2024-09-04
10285,Customer_00285,Male,30,Vadodara,Gujarat,Regular,2025-02-15
10286,Customer_00286,Male,61,Jodhpur,Rajasthan,Regular,2024-08-17
10287,Customer_00287,Female,43,Mangaluru,Karnataka,Regular,2023-10-03
10288,Customer_00288,Male,18,Hyderabad,Telangana,Regular,2024-01-05
10289,Customer_00289,Male,25,Nagpur,Maharashtra,Regular,2023-12-11
10290,Customer_00290,Female,21,Thane,Maharashtra,Regular,2024-01-03
10291,Customer_00291,Female,38,Warangal,Telangana,Regular,2024-12-31
10292,Customer_00292,Female,39,Delhi,Delhi,Low Value,2023-01-15
10293,Customer_00293,Male,54,Madurai,Tamil Nadu,Regular,2025-01-27
10294,Customer_00294,Male,20,Delhi,Delhi,Regular,2024-11-18
10295,Customer_00295,Female,36,Nagpur,Maharashtra,Regular,2023-01-04
10296,Customer_00296,Male,18,Mumbai,Maharashtra,Low Value,2024-06-16
10297,Customer_00297,Female,46,Hyderabad,Telangana,Regular,2025-09-12
10298,Customer_00298,Female,40,Surat,Gujarat,Regular,2025-04-13
10299,Customer_00299,Male,50,New Delhi,Delhi,Low Value,2023-12-29
10300,Customer_00300,Female,58,Kanpur,Uttar Pradesh,Low Value,2023-04-27
10301,Customer_00301,Female,40,Hyderabad,Telangana,Regular,2023-05-08
10302,Customer_00302,Female,22,Jaipur,Rajasthan,Regular,2023-03-19
10303,Customer_00303,Male,24,Pune,Maharashtra,Regular,2025-01-10
10304,Customer_00304,Male,23,Hyderabad,Telangana,Regular,2025-02-12
10305,Customer_00305,Female,39,Delhi,Delhi,Low Value,2023-03-23
10306,Customer_00306,Male,30,Thane,Maharashtra,Low Value,2023-12-08
10307,Customer_00307,Female,29,Madurai,Tamil Nadu,High Value,2025-03-29
10308,Customer_00308,Male,21,Hyderabad,Telangana,Regular,2024-07-31
10309,Customer_00309,Male,25,Kolkata,West Bengal,Regular,2023-04-06
10310,Customer_00310,Male,54,Nashik,Maharashtra,Low Value,2024-07-30
10311,Customer_00311,Female,48,New Delhi,Delhi,Regular,2024-06-04
10312,Customer_00312,Male,54,Bengaluru,Karnataka,Regular,2025-09-22
10313,Customer_00313,Male,62,Kanpur,Uttar Pradesh,VIP,2023-12-23
10314,Customer_00314,Male,43,Kochi,Kerala,Regular,2023-07-05
10315,Customer_00315,Female,60,Ahmedabad,Gujarat,High Value,2024-06-26
10316,Customer_00316,Male,25,Kozhikode,Kerala,Low Value,2023-05-31
10317,Customer_00317,Female,57,Delhi,Delhi,Regular,2025-12-18
10318,Customer_00318,Female,50,Jodhpur,Rajasthan,Regular,2023-01-10
10319,Customer_00319,Male,62,Udaipur,Rajasthan,Regular,2025-05-06
10320,Customer_00320,Female,46,Mangaluru,Karnataka,Low Value,2023-12-22
10321,Customer_00321,Male,22,Surat,Gujarat,Regular,2025-03-04
10322,Customer_00322,Female,45,Kolkata,West Bengal,High Value,2023-08-25
10323,Customer_00323,Female,57,Bengaluru,Karnataka,Low Value,2023-11-29
10324,Customer_00324,Male,34,Kozhikode,Kerala,Low Value,2023-01-17
10325,Customer_00325,Male,40,Bengaluru,Karnataka,Low Value,2023-11-20
10326,Customer_00326,Male,62,Kochi,Kerala,High Value,2023-01-23
10327,Customer_00327,Other,26,Nashik,Maharashtra,High Value,2025-07-19
10328,Customer_00328,Male,19,Jaipur,Rajasthan,VIP,2024-04-03
10329,Customer_00329,Female,49,Nashik,Maharashtra,High Value,2024-06-04
10330,Customer_00330,Male,48,Agra,Uttar Pradesh,Regular,2024-12-19
10331,Customer_00331,Female,24,Vadodara,Gujarat,High Value,2024-07-10
10332,Customer_00332,Male,47,Kolkata,West Bengal,Regular,2024-02-07
10333,Customer_00333,Female,20,Kochi,Kerala,Regular,2024-04-01
10334,Customer_00334,Male,26,Siliguri,West Bengal,Regular,2025-11-16
10335,Customer_00335,Female,27,Kozhikode,Kerala,Low Value,2024-02-01
10336,Customer_00336,Male,63,New Delhi,Delhi,High Value,2023-05-20
10337,Customer_00337,Male,64,Hubballi,Karnataka,Regular,2024-06-04
10338,Customer_00338,Male,43,Agra,Uttar Pradesh,Regular,2025-01-15
10339,Customer_00339,Female,18,Udaipur,Rajasthan,High Value,2023-04-02
10340,Customer_00340,Male,47,Thiruvananthapuram,Kerala,Regular,2023-03-18
10341,Customer_00341,Female,55,Siliguri,West Bengal,Regular,2025-05-01
10342,Customer_00342,Male,32,Kanpur,Uttar Pradesh,Regular,2025-04-24
10343,Customer_00343,Female,42,Coimbatore,Tamil Nadu,Low Value,2024-10-28
10344,Customer_00344,Female,23,Madurai,Tamil Nadu,Regular,2025-08-16
10345,Customer_00345,Female,35,Nagpur,Maharashtra,VIP,2025-09-15
10346,Customer_00346,Male,18,Jaipur,Rajasthan,Regular,2025-03-07
10347,Customer_00347,Male,20,Delhi,Delhi,VIP,2023-03-29
10348,Customer_00348,Male,34,Kolkata,West Bengal,Regular,2025-07-03
10349,Customer_00349,Male,65,Hubballi,Karnataka,Regular,2023-04-05
10350,Customer_00350,Female,25,Hubballi,Karnataka,High Value,2024-07-04
10351,Customer_00351,Female,57,Kolkata,West Bengal,Low Value,2024-02-03
10352,Customer_00352,Female,34,Vadodara,Gujarat,Low Value,2025-02-05
10353,Customer_00353,Male,42,New Delhi,Delhi,Low Value,2025-12-13
10354,Customer_00354,Female,58,Agra,Uttar Pradesh,Regular,2023-08-31
10355,Customer_00355,Male,29,Kozhikode,Kerala,Regular,2024-09-15
10356,Customer_00356,Female,46,Vadodara,Gujarat,Low Value,2024-12-01
10357,Customer_00357,Male,42,Kozhikode,Kerala,Regular,2024-07-17
10358,Customer_00358,Male,53,Thiruvananthapuram,Kerala,Low Value,2023-06-11
10359,Customer_00359,Male,42,Vadodara,Gujarat,VIP,2023-02-04
10360,Customer_00360,Female,46,Pune,Maharashtra,VIP,2025-08-23
10361,Customer_00361,Female,28,Coimbatore,Tamil Nadu,Regular,2023-02-06
10362,Customer_00362,Male,21,Kozhikode,Kerala,Regular,2025-04-25
10363,Customer_00363,Male,31,Vadodara,Gujarat,Regular,2025-04-08
10364,Customer_00364,Female,63,Surat,Gujarat,Low Value,2024-09-14
10365,Customer_00365,Female,55,Warangal,Telangana,High Value,2024-06-04
10366,Customer_00366,Male,34,Nagpur,Maharashtra,High Value,2023-04-15
10367,Customer_00367,Female,19,Jodhpur,Rajasthan,Low Value,2023-06-05
10368,Customer_00368,Other,25,Warangal,Telangana,High Value,2023-12-02
10369,Customer_00369,Female,53,Warangal,Telangana,Regular,2025-11-15
10370,Customer_00370,Male,27,Siliguri,West Bengal,Regular,2023-10-23
10371,Customer_00371,Female,24,Coimbatore,Tamil Nadu,High Value,2025-06-04
10372,Customer_00372,Female,53,Ahmedabad,Gujarat,Regular,2023-03-10
10373,Customer_00373,Male,33,Coimbatore,Tamil Nadu,Regular,2023-05-31
10374,Customer_00374,Female,31,Delhi,Delhi,Low Value,2025-05-06
10375,Customer_00375,Female,33,Kolkata,West Bengal,Regular,2024-07-30
10376,Customer_00376,Male,42,Jodhpur,Rajasthan,Regular,2024-10-23
10377,Customer_00377,Male,58,Madurai,Tamil Nadu,Regular,2025-01-26
10378,Customer_00378,Female,21,Hubballi,Karnataka,Regular,2024-03-27
10379,Customer_00379,Female,46,Thiruvananthapuram,Kerala,High Value,2024-07-23
10380,Customer_00380,Male,23,New Delhi,Delhi,Regular,2024-09-26
10381,Customer_00381,Female,18,Nagpur,Maharashtra,VIP,2023-12-28
10382,Customer_00382,Female,56,Jodhpur,Rajasthan,High Value,2023-07-22
10383,Customer_00383,Female,18,New Delhi,Delhi,Regular,2024-05-01
10384,Customer_00384,Male,57,Kochi,Kerala,Regular,2023-01-04
10385,Customer_00385,Female,20,Siliguri,West Bengal,VIP,2025-11-15
10386,Customer_00386,Male,18,Thiruvananthapuram,Kerala,Regular,2025-03-11
10387,Customer_00387,Male,18,Warangal,Telangana,Regular,2025-09-03
10388,Customer_00388,Female,56,Thiruvananthapuram,Kerala,VIP,2023-01-27
10389,Customer_00389,Male,38,Warangal,Telangana,Low Value,2025-12-01
10390,Customer_00390,Female,62,Kolkata,West Bengal,High Value,2025-08-22
10391,Customer_00391,Male,47,Kanpur,Uttar Pradesh,Low Value,2023-03-05
10392,Customer_00392,Male,49,Hyderabad,Telangana,VIP,2025-11-14
10393,Customer_00393,Male,50,Thane,Maharashtra,Low Value,2023-03-13
10394,Customer_00394,Other,65,Thiruvananthapuram,Kerala,VIP,2025-06-18
10395,Customer_00395,Female,39,Kochi,Kerala,Regular,2023-09-25
10396,Customer_00396,Female,47,Mumbai,Maharashtra,Regular,2023-04-05
10397,Customer_00397,Male,63,Bengaluru,Karnataka,Regular,2024-01-30
10398,Customer_00398,Male,21,Ahmedabad,Gujarat,Regular,2025-05-18
10399,Customer_00399,Female,40,Lucknow,Uttar Pradesh,VIP,2023-12-30
10400,Customer_00400,Male,61,Udaipur,Rajasthan,Regular,2023-04-27
10401,Customer_00401,Male,42,Warangal,Telangana,VIP,2023-06-13
10402,Customer_00402,Female,29,Mumbai,Maharashtra,Low Value,2025-05-26
10403,Customer_00403,Male,34,Siliguri,West Bengal,VIP,2025-02-28
10404,Customer_00404,Female,32,Warangal,Telangana,Regular,2024-07-30
10405,Customer_00405,Female,27,Vadodara,Gujarat,Regular,2023-11-02
10406,Customer_00406,Male,52,Siliguri,West Bengal,Regular,2025-02-10
10407,Customer_00407,Male,46,New Delhi,Delhi,High Value,2023-07-19
10408,Customer_00408,Male,29,Kozhikode,Kerala,Regular,2023-06-29
10409,Customer_00409,Female,18,Delhi,Delhi,Regular,2023-12-24
10410,Customer_00410,Female,18,Warangal,Telangana,Low Value,2025-01-09
10411,Customer_00411,Male,27,Vadodara,Gujarat,Regular,2024-03-05
10412,Customer_00412,Male,35,Agra,Uttar Pradesh,Regular,2025-10-24
10413,Customer_00413,Female,64,Warangal,Telangana,Regular,2024-10-14
10414,Customer_00414,Female,19,Mumbai,Maharashtra,Regular,2024-11-08
10415,Customer_00415,Male,25,Madurai,Tamil Nadu,Regular,2023-09-11
10416,Customer_00416,Male,39,Hyderabad,Telangana,Regular,2025-07-29
10417,Customer_00417,Male,39,Kozhikode,Kerala,Regular,2023-06-16
10418,Customer_00418,Female,43,Thiruvananthapuram,Kerala,Regular,2025-08-22
10419,Customer_00419,Female,43,Warangal,Telangana,Regular,2025-05-03
10420,Customer_00420,Male,26,Kolkata,West Bengal,Low Value,2025-12-21
10421,Customer_00421,Female,38,Madurai,Tamil Nadu,Regular,2023-06-23
10422,Customer_00422,Male,48,Mumbai,Maharashtra,Regular,2024-09-15
10423,Customer_00423,Male,60,Warangal,Telangana,Regular,2024-02-19
10424,Customer_00424,Male,23,Kolkata,West Bengal,Regular,2025-01-08
10425,Customer_00425,Female,31,Thiruvananthapuram,Kerala,VIP,2024-11-05
10426,Customer_00426,Male,50,Kochi,Kerala,High Value,2023-05-06
10427,Customer_00427,Female,24,Vadodara,Gujarat,VIP,2025-07-29
10428,Customer_00428,Male,41,Hyderabad,Telangana,Regular,2023-09-10
10429,Customer_00429,Male,26,Coimbatore,Tamil Nadu,Low Value,2023-07-16
10430,Customer_00430,Male,28,Mysuru,Karnataka,Regular,2024-02-17
10431,Customer_00431,Female,40,Madurai,Tamil Nadu,Regular,2025-02-14
10432,Customer_00432,Male,65,Thiruvananthapuram,Kerala,Low Value,2025-12-13
10433,Customer_00433,Female,19,Kochi,Kerala,Low Value,2023-08-22
10434,Customer_00434,Male,32,New Delhi,Delhi,Regular,2025-12-21
10435,Customer_00435,Male,52,Thiruvananthapuram,Kerala,Regular,2023-07-15
10436,Customer_00436,Male,53,Nashik,Maharashtra,High Value,2024-06-25
10437,Customer_00437,Male,45,Jaipur,Rajasthan,VIP,2023-10-22
10438,Customer_00438,Male,56,Hyderabad,Telangana,High Value,2024-10-06
10439,Customer_00439,Male,61,Madurai,Tamil Nadu,Regular,2023-06-05
10440,Customer_00440,Female,21,Udaipur,Rajasthan,Regular,2024-02-10
10441,Customer_00441,Female,27,Siliguri,West Bengal,VIP,2025-06-14
10442,Customer_00442,Male,23,Bengaluru,Karnataka,High Value,2024-12-26
10443,Customer_00443,Male,47,Nagpur,Maharashtra,High Value,2025-01-07
10444,Customer_00444,Male,63,Coimbatore,Tamil Nadu,Regular,2025-03-07
10445,Customer_00445,Male,52,Udaipur,Rajasthan,Regular,2024-07-07
10446,Customer_00446,Male,60,Mangaluru,Karnataka,Regular,2024-01-10
10447,Customer_00447,Female,27,New Delhi,Delhi,Regular,2024-03-30
10448,Customer_00448,Male,49,Thane,Maharashtra,Regular,2023-07-21
10449,Customer_00449,Male,59,Nashik,Maharashtra,High Value,2025-05-03
10450,Customer_00450,Male,59,Delhi,Delhi,High Value,2024-12-24
10451,Customer_00451,Male,20,Warangal,Telangana,Low Value,2023-12-06
10452,Customer_00452,Female,43,Delhi,Delhi,Low Value,2023-09-19
10453,Customer_00453,Male,32,Mumbai,Maharashtra,Regular,2024-06-26
10454,Customer_00454,Male,34,Pune,Maharashtra,Low Value,2024-07-04
10455,Customer_00455,Female,44,Jodhpur,Rajasthan,Regular,2024-09-29
10456,Customer_00456,Male,35,Thiruvananthapuram,Kerala,VIP,2023-06-14
10457,Customer_00457,Female,36,Bengaluru,Karnataka,Low Value,2025-01-27
10458,Customer_00458,Female,29,Delhi,Delhi,High Value,2024-09-12
10459,Customer_00459,Male,41,Bengaluru,Karnataka,Regular,2023-02-20
10460,Customer_00460,Female,22,New Delhi,Delhi,Regular,2024-05-03
10461,Customer_00461,Male,41,Siliguri,West Bengal,Regular,2023-07-17
10462,Customer_00462,Female,44,Pune,Maharashtra,Regular,2025-11-12
10463,Customer_00463,Male,65,Kochi,Kerala,Regular,2024-10-26
10464,Customer_00464,Male,47,Jodhpur,Rajasthan,Regular,2024-10-24
10465,Customer_00465,Female,32,Kochi,Kerala,Regular,2023-09-23
10466,Customer_00466,Female,64,Thiruvananthapuram,Kerala,Regular,2023-03-14
10467,Customer_00467,Other,55,Thiruvananthapuram,Kerala,Low Value,2023-03-18
10468,Customer_00468,Female,61,Mangaluru,Karnataka,Regular,2024-06-27
10469,Customer_00469,Male,51,Delhi,Delhi,Regular,2025-05-30
10470,Customer_00470,Male,44,Lucknow,Uttar Pradesh,High Value,2024-03-10
10471,Customer_00471,Male,37,Kolkata,West Bengal,Low Value,2025-12-24
10472,Customer_00472,Male,58,Chennai,Tamil Nadu,High Value,2023-12-23
10473,Customer_00473,Male,49,Thiruvananthapuram,Kerala,High Value,2025-07-24
10474,Customer_00474,Female,21,Warangal,Telangana,Regular,2023-01-18
10475,Customer_00475,Male,22,Bengaluru,Karnataka,Low Value,2024-11-06
10476,Customer_00476,Male,25,Jodhpur,Rajasthan,High Value,2024-07-28
10477,Customer_00477,Male,39,Coimbatore,Tamil Nadu,High Value,2025-01-20
10478,Customer_00478,Female,59,Noida,Uttar Pradesh,Regular,2025-09-22
10479,Customer_00479,Female,24,Warangal,Telangana,Regular,2025-10-29
10480,Customer_00480,Female,39,Lucknow,Uttar Pradesh,Regular,2024-09-23
10481,Customer_00481,Male,63,Madurai,Tamil Nadu,Regular,2024-01-07
10482,Customer_00482,Female,47,Thiruvananthapuram,Kerala,Regular,2025-08-27
10483,Customer_00483,Male,54,Warangal,Telangana,High Value,2023-12-19
10484,Customer_00484,Female,33,Lucknow,Uttar Pradesh,High Value,2023-08-12
10485,Customer_00485,Female,32,Jaipur,Rajasthan,Low Value,2025-08-11
10486,Customer_00486,Male,22,New Delhi,Delhi,Low Value,2024-01-03
10487,Customer_00487,Female,20,Thane,Maharashtra,High Value,2024-10-17
10488,Customer_00488,Female,40,Delhi,Delhi,High Value,2025-12-31
10489,Customer_00489,Male,27,Madurai,Tamil Nadu,VIP,2024-03-08
10490,Customer_00490,Female,22,Hubballi,Karnataka,Regular,2024-05-23
10491,Customer_00491,Male,40,Pune,Maharashtra,Regular,2024-05-22
10492,Customer_00492,Male,32,Siliguri,West Bengal,Regular,2024-09-08
10493,Customer_00493,Male,35,Jodhpur,Rajasthan,Regular,2024-02-24
10494,Customer_00494,Male,42,Kolkata,West Bengal,Regular,2025-12-31
10495,Customer_00495,Female,25,Hyderabad,Telangana,Low Value,2023-03-15
10496,Customer_00496,Male,48,Mumbai,Maharashtra,VIP,2024-07-27
10497,Customer_00497,Female,38,Siliguri,West Bengal,High Value,2023-05-26
10498,Customer_00498,Male,19,Siliguri,West Bengal,VIP,2023-02-15
10499,Customer_00499,Female,39,Agra,Uttar Pradesh,Low Value,2023-05-01
10500,Customer_00500,Female,25,New Delhi,Delhi,Regular,2025-12-02
10501,Customer_00501,Female,40,Agra,Uttar Pradesh,Regular,2023-04-09
10502,Customer_00502,Male,49,Nagpur,Maharashtra,High Value,2024-12-06
10503,Customer_00503,Male,25,Nagpur,Maharashtra,Regular,2023-11-07
10504,Customer_00504,Male,21,Madurai,Tamil Nadu,Regular,2024-02-27
10505,Customer_00505,Female,47,Kanpur,Uttar Pradesh,Regular,2023-09-29
10506,Customer_00506,Female,36,Ahmedabad,Gujarat,Regular,2025-04-04
10507,Customer_00507,Male,40,New Delhi,Delhi,VIP,2023-07-29
10508,Customer_00508,Male,35,Pune,Maharashtra,Regular,2025-01-08
10509,Customer_00509,Female,46,Madurai,Tamil Nadu,Regular,2025-03-03
10510,Customer_00510,Male,40,Lucknow,Uttar Pradesh,Regular,2025-11-11
10511,Customer_00511,Female,50,Delhi,Delhi,High Value,2025-01-29
10512,Customer_00512,Female,64,Noida,Uttar Pradesh,Low Value,2023-06-08
10513,Customer_00513,Female,35,Siliguri,West Bengal,Regular,2025-01-10
10514,Customer_00514,Male,61,Coimbatore,Tamil Nadu,Low Value,2023-12-09
10515,Customer_00515,Male,50,New Delhi,Delhi,Regular,2024-11-29
10516,Customer_00516,Female,24,Thiruvananthapuram,Kerala,Low Value,2024-02-01
10517,Customer_00517,Female,45,Warangal,Telangana,Low Value,2024-06-19
10518,Customer_00518,Male,18,Warangal,Telangana,Regular,2023-05-21
10519,Customer_00519,Male,56,Delhi,Delhi,Low Value,2025-08-18
10520,Customer_00520,Female,51,Agra,Uttar Pradesh,Regular,2023-08-28
10521,Customer_00521,Female,56,Coimbatore,Tamil Nadu,Regular,2023-10-19
10522,Customer_00522,Female,36,Warangal,Telangana,VIP,2025-03-27
10523,Customer_00523,Other,48,Chennai,Tamil Nadu,Regular,2023-03-23
10524,Customer_00524,Male,30,Hyderabad,Telangana,Regular,2024-07-13
10525,Customer_00525,Male,41,Kolkata,West Bengal,Regular,2025-05-19
10526,Customer_00526,Female,22,Lucknow,Uttar Pradesh,High Value,2023-06-20
10527,Customer_00527,Female,40,Kolkata,West Bengal,Regular,2025-09-03
10528,Customer_00528,Male,36,Hyderabad,Telangana,High Value,2024-08-02
10529,Customer_00529,Male,18,Thiruvananthapuram,Kerala,Regular,2024-06-09
10530,Customer_00530,Female,50,Thiruvananthapuram,Kerala,High Value,2024-06-25
10531,Customer_00531,Male,50,Kolkata,West Bengal,Low Value,2023-04-20
10532,Customer_00532,Male,49,Thiruvananthapuram,Kerala,High Value,2023-11-18
10533,Customer_00533,Female,45,Hyderabad,Telangana,Regular,2025-06-18
10534,Customer_00534,Female,54,Delhi,Delhi,Low Value,2024-12-14
10535,Customer_00535,Female,58,Siliguri,West Bengal,Regular,2023-03-25
10536,Customer_00536,Male,29,Hubballi,Karnataka,VIP,2025-08-13
10537,Customer_00537,Female,26,Agra,Uttar Pradesh,Regular,2024-01-11
10538,Customer_00538,Female,28,Thiruvananthapuram,Kerala,High Value,2025-12-12
10539,Customer_00539,Female,50,Kozhikode,Kerala,Low Value,2024-08-08
10540,Customer_00540,Female,36,Thane,Maharashtra,Regular,2023-04-10
10541,Customer_00541,Male,59,Surat,Gujarat,Regular,2023-05-09
10542,Customer_00542,Male,51,Kolkata,West Bengal,Regular,2025-07-06
10543,Customer_00543,Male,24,Udaipur,Rajasthan,VIP,2023-08-07
10544,Customer_00544,Male,48,Kochi,Kerala,Regular,2024-04-21
10545,Customer_00545,Female,19,Noida,Uttar Pradesh,Low Value,2023-01-22
10546,Customer_00546,Female,36,Bengaluru,Karnataka,Low Value,2024-07-13
10547,Customer_00547,Female,55,Thiruvananthapuram,Kerala,Regular,2024-09-20
10548,Customer_00548,Female,49,Bengaluru,Karnataka,Regular,2025-10-15
10549,Customer_00549,Male,27,Warangal,Telangana,VIP,2023-12-05
10550,Customer_00550,Male,58,Hyderabad,Telangana,Regular,2023-06-28
10551,Customer_00551,Male,25,Surat,Gujarat,Regular,2024-02-25
10552,Customer_00552,Male,43,Delhi,Delhi,Regular,2025-10-03
10553,Customer_00553,Male,47,Jodhpur,Rajasthan,Low Value,2023-02-18
10554,Customer_00554,Female,28,Mumbai,Maharashtra,High Value,2025-02-05
10555,Customer_00555,Other,58,Surat,Gujarat,VIP,2023-01-30
10556,Customer_00556,Male,37,Chennai,Tamil Nadu,VIP,2023-03-26
10557,Customer_00557,Male,37,Nashik,Maharashtra,High Value,2025-02-27
10558,Customer_00558,Female,26,Kolkata,West Bengal,VIP,2023-11-25
10559,Customer_00559,Male,25,Lucknow,Uttar Pradesh,Regular,2024-09-01
10560,Customer_00560,Female,32,Chennai,Tamil Nadu,Regular,2024-03-09
10561,Customer_00561,Female,51,Madurai,Tamil Nadu,High Value,2024-08-10
10562,Customer_00562,Female,41,Surat,Gujarat,Regular,2024-11-20
10563,Customer_00563,Male,50,New Delhi,Delhi,High Value,2024-02-29
10564,Customer_00564,Female,58,Vadodara,Gujarat,Regular,2025-02-08
10565,Customer_00565,Male,58,Siliguri,West Bengal,Regular,2024-05-26
10566,Customer_00566,Female,62,Kozhikode,Kerala,Regular,2025-10-08
10567,Customer_00567,Male,57,Kochi,Kerala,Low Value,2024-07-17
10568,Customer_00568,Male,44,Delhi,Delhi,VIP,2023-10-30
10569,Customer_00569,Female,38,Siliguri,West Bengal,Regular,2023-04-09
10570,Customer_00570,Female,22,Delhi,Delhi,Low Value,2024-07-10
10571,Customer_00571,Female,52,Mangaluru,Karnataka,Regular,2023-02-11
10572,Customer_00572,Female,38,Kozhikode,Kerala,Regular,2025-09-17
10573,Customer_00573,Female,21,Madurai,Tamil Nadu,Regular,2024-04-12
10574,Customer_00574,Male,65,Udaipur,Rajasthan,Regular,2024-03-15
10575,Customer_00575,Female,33,Agra,Uttar Pradesh,Low Value,2023-11-23
10576,Customer_00576,Female,48,Siliguri,West Bengal,VIP,2024-07-22
10577,Customer_00577,Female,43,Thane,Maharashtra,VIP,2023-02-02
10578,Customer_00578,Female,52,Delhi,Delhi,Regular,2024-02-16
10579,Customer_00579,Male,23,Lucknow,Uttar Pradesh,High Value,2025-03-22
10580,Customer_00580,Female,50,Nashik,Maharashtra,Regular,2024-05-22
10581,Customer_00581,Male,38,Kanpur,Uttar Pradesh,High Value,2023-02-25
10582,Customer_00582,Male,33,Jodhpur,Rajasthan,High Value,2024-06-29
10583,Customer_00583,Female,64,Pune,Maharashtra,High Value,2023-07-15
10584,Customer_00584,Male,56,Vadodara,Gujarat,Low Value,2024-02-17
10585,Customer_00585,Female,51,Warangal,Telangana,High Value,2024-09-28
10586,Customer_00586,Male,59,Vadodara,Gujarat,High Value,2025-01-11
10587,Customer_00587,Male,32,Thiruvananthapuram,Kerala,High Value,2023-05-17
10588,Customer_00588,Female,23,Warangal,Telangana,Low Value,2024-06-22
10589,Customer_00589,Female,19,Ahmedabad,Gujarat,Regular,2024-11-19
10590,Customer_00590,Female,41,Warangal,Telangana,Regular,2024-12-19
10591,Customer_00591,Female,45,Hyderabad,Telangana,High Value,2025-07-21
10592,Customer_00592,Female,18,Coimbatore,Tamil Nadu,Low Value,2023-11-02
10593,Customer_00593,Male,18,Delhi,Delhi,Regular,2024-01-23
10594,Customer_00594,Male,45,Delhi,Delhi,Regular,2024-12-25
10595,Customer_00595,Male,53,Madurai,Tamil Nadu,Regular,2025-07-03
10596,Customer_00596,Female,37,Noida,Uttar Pradesh,Low Value,2024-07-02
10597,Customer_00597,Female,65,Mysuru,Karnataka,Regular,2024-05-20
10598,Customer_00598,Male,25,Lucknow,Uttar Pradesh,Low Value,2024-01-23
10599,Customer_00599,Female,18,Mumbai,Maharashtra,Low Value,2023-10-20
10600,Customer_00600,Female,43,Thane,Maharashtra,High Value,2023-06-28
10601,Customer_00601,Male,60,Hyderabad,Telangana,Regular,2024-11-02
10602,Customer_00602,Male,42,Vadodara,Gujarat,VIP,2023-03-21
10603,Customer_00603,Female,27,Vadodara,Gujarat,Low Value,2025-11-03
10604,Customer_00604,Female,29,Delhi,Delhi,High Value,2025-12-13
10605,Customer_00605,Female,58,Kolkata,West Bengal,Low Value,2024-03-22
10606,Customer_00606,Male,24,Agra,Uttar Pradesh,Regular,2025-02-04
10607,Customer_00607,Other,29,Kozhikode,Kerala,Regular,2025-12-24
10608,Customer_00608,Male,64,Jodhpur,Rajasthan,VIP,2024-05-17
10609,Customer_00609,Male,57,Ahmedabad,Gujarat,Regular,2024-07-23
10610,Customer_00610,Other,34,Jaipur,Rajasthan,Low Value,2023-04-06
10611,Customer_00611,Male,22,Warangal,Telangana,VIP,2024-08-07
10612,Customer_00612,Female,31,Jaipur,Rajasthan,Regular,2023-09-05
10613,Customer_00613,Male,51,Thiruvananthapuram,Kerala,VIP,2023-05-07
10614,Customer_00614,Female,65,Chennai,Tamil Nadu,Regular,2024-05-13
10615,Customer_00615,Female,34,Kozhikode,Kerala,High Value,2023-02-15
10616,Customer_00616,Male,52,Jaipur,Rajasthan,Regular,2025-09-08
10617,Customer_00617,Female,18,Thiruvananthapuram,Kerala,Low Value,2023-09-25
10618,Customer_00618,Male,53,Bengaluru,Karnataka,Regular,2023-04-04
10619,Customer_00619,Female,32,Warangal,Telangana,Regular,2025-01-05
10620,Customer_00620,Male,36,Kanpur,Uttar Pradesh,Regular,2024-09-03
10621,Customer_00621,Male,59,Coimbatore,Tamil Nadu,High Value,2023-03-12
10622,Customer_00622,Male,22,Vadodara,Gujarat,Regular,2024-08-15
10623,Customer_00623,Male,36,Pune,Maharashtra,Regular,2024-03-24
10624,Customer_00624,Female,60,Kanpur,Uttar Pradesh,High Value,2024-09-11
10625,Customer_00625,Male,56,Thane,Maharashtra,Regular,2024-09-05
10626,Customer_00626,Male,22,Hyderabad,Telangana,Regular,2023-04-01
10627,Customer_00627,Male,29,Madurai,Tamil Nadu,Regular,2025-05-26
10628,Customer_00628,Male,36,New Delhi,Delhi,Low Value,2024-06-11
10629,Customer_00629,Female,64,Vadodara,Gujarat,High Value,2025-02-13
10630,Customer_00630,Female,29,Mysuru,Karnataka,Regular,2024-11-02
10631,Customer_00631,Male,53,Delhi,Delhi,Regular,2025-02-03
10632,Customer_00632,Female,29,Hyderabad,Telangana,High Value,2023-12-27
10633,Customer_00633,Female,35,Kanpur,Uttar Pradesh,Low Value,2024-01-13
10634,Customer_00634,Male,65,Mangaluru,Karnataka,Regular,2023-12-11
10635,Customer_00635,Female,60,Thiruvananthapuram,Kerala,Regular,2025-03-08
10636,Customer_00636,Female,51,Jodhpur,Rajasthan,Regular,2024-03-30
10637,Customer_00637,Female,65,Mysuru,Karnataka,VIP,2025-06-26
10638,Customer_00638,Female,50,Hyderabad,Telangana,Regular,2023-03-08
10639,Customer_00639,Male,35,Kolkata,West Bengal,Regular,2025-09-13
10640,Customer_00640,Female,46,Jodhpur,Rajasthan,Regular,2025-09-05
10641,Customer_00641,Female,62,Nagpur,Maharashtra,Regular,2023-02-12
10642,Customer_00642,Male,22,Vadodara,Gujarat,Regular,2023-08-17
10643,Customer_00643,Female,42,Pune,Maharashtra,Regular,2023-08-22
10644,Customer_00644,Male,41,Hubballi,Karnataka,Regular,2024-05-11
10645,Customer_00645,Other,46,Nashik,Maharashtra,Regular,2025-04-27
10646,Customer_00646,Female,55,Hyderabad,Telangana,Regular,2025-11-21
10647,Customer_00647,Male,50,Kochi,Kerala,Regular,2023-04-23
10648,Customer_00648,Male,27,Kanpur,Uttar Pradesh,Low Value,2025-08-30
10649,Customer_00649,Female,54,Ahmedabad,Gujarat,VIP,2024-04-03
10650,Customer_00650,Male,50,Thane,Maharashtra,Low Value,2023-01-06
10651,Customer_00651,Male,40,Nagpur,Maharashtra,Regular,2025-09-18
10652,Customer_00652,Male,28,Hubballi,Karnataka,Regular,2024-05-08
10653,Customer_00653,Male,41,Lucknow,Uttar Pradesh,Low Value,2023-03-12
10654,Customer_00654,Male,41,Delhi,Delhi,Regular,2025-07-27
10655,Customer_00655,Male,24,Thane,Maharashtra,Low Value,2024-11-04
10656,Customer_00656,Male,38,Hyderabad,Telangana,High Value,2025-11-22
10657,Customer_00657,Female,37,Kolkata,West Bengal,High Value,2023-05-23
10658,Customer_00658,Female,27,Vadodara,Gujarat,Regular,2025-01-05
10659,Customer_00659,Male,42,Pune,Maharashtra,Low Value,2024-12-26
10660,Customer_00660,Male,64,Hyderabad,Telangana,Low Value,2023-08-05
10661,Customer_00661,Female,53,Warangal,Telangana,Regular,2024-03-09
10662,Customer_00662,Male,65,Ahmedabad,Gujarat,Regular,2025-04-13
10663,Customer_00663,Male,64,New Delhi,Delhi,Regular,2025-12-13
10664,Customer_00664,Male,32,Warangal,Telangana,Low Value,2024-12-20
10665,Customer_00665,Female,61,Kolkata,West Bengal,Regular,2025-07-30
10666,Customer_00666,Female,57,Warangal,Telangana,Regular,2025-06-25
10667,Customer_00667,Female,57,Hyderabad,Telangana,Regular,2025-09-21
10668,Customer_00668,Female,23,Warangal,Telangana,Regular,2023-02-24
10669,Customer_00669,Female,54,Thiruvananthapuram,Kerala,Regular,2025-11-24
10670,Customer_00670,Male,19,Kochi,Kerala,Low Value,2025-05-10
10671,Customer_00671,Female,29,New Delhi,Delhi,Regular,2025-10-03
10672,Customer_00672,Male,21,Pune,Maharashtra,Low Value,2024-07-19
10673,Customer_00673,Female,40,Warangal,Telangana,VIP,2025-02-09
10674,Customer_00674,Female,30,Lucknow,Uttar Pradesh,Regular,2025-05-27
10675,Customer_00675,Female,34,Mumbai,Maharashtra,Regular,2025-04-03
10676,Customer_00676,Male,48,Delhi,Delhi,Regular,2024-05-28
10677,Customer_00677,Male,33,Coimbatore,Tamil Nadu,Low Value,2025-05-11
10678,Customer_00678,Female,58,Mumbai,Maharashtra,VIP,2024-02-26
10679,Customer_00679,Female,43,Nashik,Maharashtra,VIP,2024-05-31
10680,Customer_00680,Female,45,Jaipur,Rajasthan,Regular,2024-12-05
10681,Customer_00681,Male,18,Mangaluru,Karnataka,VIP,2025-03-19
10682,Customer_00682,Female,64,Jodhpur,Rajasthan,Low Value,2023-02-13
10683,Customer_00683,Female,29,Siliguri,West Bengal,High Value,2025-05-07
10684,Customer_00684,Female,54,Kozhikode,Kerala,Regular,2025-03-11
10685,Customer_00685,Female,37,Kochi,Kerala,VIP,2023-08-07
10686,Customer_00686,Female,19,Mangaluru,Karnataka,Regular,2024-07-21
10687,Customer_00687,Female,53,Ahmedabad,Gujarat,Regular,2025-06-26
10688,Customer_00688,Female,32,Surat,Gujarat,VIP,2023-09-15
10689,Customer_00689,Female,55,Delhi,Delhi,Regular,2025-08-18
10690,Customer_00690,Male,39,Bengaluru,Karnataka,Regular,2025-06-11
10691,Customer_00691,Male,61,Nagpur,Maharashtra,Low Value,2023-10-16
10692,Customer_00692,Female,49,Surat,Gujarat,High Value,2025-08-29
10693,Customer_00693,Female,37,Warangal,Telangana,Regular,2023-04-13
10694,Customer_00694,Female,53,Noida,Uttar Pradesh,Low Value,2025-03-14
10695,Customer_00695,Male,50,Nagpur,Maharashtra,Regular,2025-11-15
10696,Customer_00696,Male,32,Siliguri,West Bengal,Low Value,2023-10-29
10697,Customer_00697,Female,63,Hyderabad,Telangana,Low Value,2025-12-14
10698,Customer_00698,Female,20,Hyderabad,Telangana,Regular,2023-02-25
10699,Customer_00699,Male,46,Hubballi,Karnataka,Regular,2025-10-11
10700,Customer_00700,Male,64,New Delhi,Delhi,High Value,2024-01-09
10701,Customer_00701,Female,44,Siliguri,West Bengal,Regular,2025-04-10
10702,Customer_00702,Male,22,Vadodara,Gujarat,Low Value,2025-07-08
10703,Customer_00703,Female,48,Hubballi,Karnataka,Regular,2024-04-01
10704,Customer_00704,Male,39,Vadodara,Gujarat,Regular,2023-05-12
10705,Customer_00705,Female,52,Bengaluru,Karnataka,Regular,2024-05-07
10706,Customer_00706,Female,24,Hubballi,Karnataka,Regular,2023-04-20
10707,Customer_00707,Female,23,Hubballi,Karnataka,Low Value,2024-08-04
10708,Customer_00708,Male,43,Delhi,Delhi,Regular,2025-03-06
10709,Customer_00709,Female,18,Hubballi,Karnataka,High Value,2025-03-20
10710,Customer_00710,Male,36,Chennai,Tamil Nadu,Low Value,2025-06-04
10711,Customer_00711,Male,24,Agra,Uttar Pradesh,Regular,2025-02-11
10712,Customer_00712,Other,53,Surat,Gujarat,Regular,2025-07-25
10713,Customer_00713,Female,29,Mumbai,Maharashtra,Regular,2024-07-26
10714,Customer_00714,Female,37,Udaipur,Rajasthan,Regular,2025-03-19
10715,Customer_00715,Male,40,Siliguri,West Bengal,Low Value,2025-05-28
10716,Customer_00716,Male,42,Kozhikode,Kerala,Regular,2025-10-29
10717,Customer_00717,Male,47,Delhi,Delhi,Regular,2024-02-17
10718,Customer_00718,Female,46,Thane,Maharashtra,High Value,2025-04-09
10719,Customer_00719,Female,48,Hyderabad,Telangana,Low Value,2024-07-19
10720,Customer_00720,Female,35,Chennai,Tamil Nadu,VIP,2023-04-14
10721,Customer_00721,Female,58,Kochi,Kerala,Low Value,2024-11-07
10722,Customer_00722,Male,36,Udaipur,Rajasthan,Regular,2025-08-02
10723,Customer_00723,Male,21,Pune,Maharashtra,Regular,2023-09-27
10724,Customer_00724,Male,18,Kozhikode,Kerala,Low Value,2024-04-10
10725,Customer_00725,Male,58,Pune,Maharashtra,High Value,2025-03-11
10726,Customer_00726,Male,32,Coimbatore,Tamil Nadu,Regular,2025-10-01
10727,Customer_00727,Female,25,Udaipur,Rajasthan,Regular,2023-08-22
10728,Customer_00728,Male,32,Hyderabad,Telangana,Regular,2025-07-01
10729,Customer_00729,Female,32,Bengaluru,Karnataka,Regular,2025-11-21
10730,Customer_00730,Male,56,Surat,Gujarat,Regular,2023-12-23
10731,Customer_00731,Other,39,Hyderabad,Telangana,Regular,2025-08-21
10732,Customer_00732,Female,35,Mangaluru,Karnataka,Low Value,2023-04-04
10733,Customer_00733,Female,33,Delhi,Delhi,Regular,2023-09-01
10734,Customer_00734,Male,19,Kanpur,Uttar Pradesh,Regular,2023-02-27
10735,Customer_00735,Female,53,Kolkata,West Bengal,Low Value,2025-08-22
10736,Customer_00736,Female,37,Siliguri,West Bengal,Regular,2023-11-16
10737,Customer_00737,Male,33,Vadodara,Gujarat,VIP,2025-11-08
10738,Customer_00738,Male,20,Jaipur,Rajasthan,Regular,2023-12-23
10739,Customer_00739,Male,47,Madurai,Tamil Nadu,High Value,2023-04-27
10740,Customer_00740,Female,19,Jodhpur,Rajasthan,High Value,2023-10-23
10741,Customer_00741,Female,52,Madurai,Tamil Nadu,Regular,2024-06-08
10742,Customer_00742,Female,43,Jodhpur,Rajasthan,VIP,2024-02-05
10743,Customer_00743,Male,22,Kanpur,Uttar Pradesh,Regular,2025-01-08
10744,Customer_00744,Male,19,New Delhi,Delhi,VIP,2024-06-12
10745,Customer_00745,Female,37,Delhi,Delhi,High Value,2024-07-10
10746,Customer_00746,Male,51,Mysuru,Karnataka,High Value,2024-07-03
10747,Customer_00747,Female,51,Thiruvananthapuram,Kerala,VIP,2023-12-26
10748,Customer_00748,Female,37,Delhi,Delhi,Regular,2023-03-05
10749,Customer_00749,Male,42,New Delhi,Delhi,Regular,2025-02-03
10750,Customer_00750,Female,37,Warangal,Telangana,Low Value,2025-02-12
10751,Customer_00751,Male,42,Warangal,Telangana,Low Value,2024-09-15
10752,Customer_00752,Female,31,Bengaluru,Karnataka,Low Value,2023-04-12
10753,Customer_00753,Male,64,Kochi,Kerala,High Value,2024-07-14
10754,Customer_00754,Female,61,Vadodara,Gujarat,Regular,2025-11-12
10755,Customer_00755,Male,60,Hyderabad,Telangana,VIP,2025-04-23
10756,Customer_00756,Male,60,Vadodara,Gujarat,Regular,2025-12-23
10757,Customer_00757,Female,56,Nagpur,Maharashtra,VIP,2025-04-18
10758,Customer_00758,Male,29,Warangal,Telangana,Regular,2024-11-11
10759,Customer_00759,Female,65,Agra,Uttar Pradesh,High Value,2024-10-06
10760,Customer_00760,Male,22,Kozhikode,Kerala,High Value,2024-02-03
10761,Customer_00761,Female,19,Hubballi,Karnataka,Low Value,2024-02-09
10762,Customer_00762,Male,33,Nashik,Maharashtra,Regular,2025-04-05
10763,Customer_00763,Female,47,Kozhikode,Kerala,Low Value,2024-10-08
10764,Customer_00764,Male,64,Lucknow,Uttar Pradesh,Regular,2023-02-04
10765,Customer_00765,Male,60,Kozhikode,Kerala,Low Value,2024-02-24
10766,Customer_00766,Male,55,Agra,Uttar Pradesh,Regular,2024-01-12
10767,Customer_00767,Female,62,Kanpur,Uttar Pradesh,Low Value,2023-08-08
10768,Customer_00768,Male,59,Ahmedabad,Gujarat,Regular,2024-11-27
10769,Customer_00769,Female,41,Udaipur,Rajasthan,Regular,2023-12-08
10770,Customer_00770,Female,47,Mumbai,Maharashtra,Regular,2025-01-22
10771,Customer_00771,Male,54,Kochi,Kerala,Regular,2024-02-20
10772,Customer_00772,Female,56,Coimbatore,Tamil Nadu,Low Value,2025-07-26
10773,Customer_00773,Male,28,Nagpur,Maharashtra,Low Value,2025-10-03
10774,Customer_00774,Male,31,Udaipur,Rajasthan,Regular,2024-11-10
10775,Customer_00775,Female,40,Nagpur,Maharashtra,Regular,2025-01-17
10776,Customer_00776,Female,33,Delhi,Delhi,Regular,2025-03-16
10777,Customer_00777,Female,38,Coimbatore,Tamil Nadu,Low Value,2023-11-08
10778,Customer_00778,Male,21,Jaipur,Rajasthan,Regular,2023-02-24
10779,Customer_00779,Male,50,Surat,Gujarat,VIP,2024-11-24
10780,Customer_00780,Male,64,Kozhikode,Kerala,Regular,2024-06-17
10781,Customer_00781,Female,31,Siliguri,West Bengal,VIP,2023-04-15
10782,Customer_00782,Female,36,Udaipur,Rajasthan,Regular,2023-10-21
10783,Customer_00783,Female,22,Mysuru,Karnataka,Regular,2025-05-29
10784,Customer_00784,Male,53,Kozhikode,Kerala,Regular,2024-07-04
10785,Customer_00785,Male,48,Jaipur,Rajasthan,Regular,2025-06-29
10786,Customer_00786,Male,62,Delhi,Delhi,VIP,2024-01-10
10787,Customer_00787,Male,35,Siliguri,West Bengal,High Value,2024-03-25
10788,Customer_00788,Male,61,Delhi,Delhi,Regular,2025-12-19
10789,Customer_00789,Female,48,Kolkata,West Bengal,High Value,2025-03-22
10790,Customer_00790,Female,47,Mangaluru,Karnataka,Regular,2024-01-25
10791,Customer_00791,Female,38,Thiruvananthapuram,Kerala,Low Value,2024-10-28
10792,Customer_00792,Male,64,Ahmedabad,Gujarat,Low Value,2023-05-21
10793,Customer_00793,Male,47,Delhi,Delhi,Low Value,2025-05-23
10794,Customer_00794,Female,58,Delhi,Delhi,Low Value,2025-04-22
10795,Customer_00795,Male,21,Lucknow,Uttar Pradesh,Regular,2024-08-19
10796,Customer_00796,Female,22,Kolkata,West Bengal,Regular,2025-08-09
10797,Customer_00797,Male,58,Hyderabad,Telangana,High Value,2024-07-05
10798,Customer_00798,Male,62,Kochi,Kerala,Low Value,2024-01-08
10799,Customer_00799,Female,27,Siliguri,West Bengal,Regular,2024-10-09
10800,Customer_00800,Male,44,Kanpur,Uttar Pradesh,High Value,2023-11-29
10801,Customer_00801,Female,33,Nagpur,Maharashtra,Regular,2024-01-28
10802,Customer_00802,Female,47,Siliguri,West Bengal,Regular,2024-01-30
10803,Customer_00803,Male,30,Vadodara,Gujarat,Regular,2023-02-04
10804,Customer_00804,Male,53,Kozhikode,Kerala,Low Value,2023-06-06
10805,Customer_00805,Female,38,Kanpur,Uttar Pradesh,Regular,2025-06-22
10806,Customer_00806,Female,62,Thane,Maharashtra,Low Value,2025-08-24
10807,Customer_00807,Male,57,Madurai,Tamil Nadu,Regular,2024-01-31
10808,Customer_00808,Female,62,Noida,Uttar Pradesh,Regular,2023-07-26
10809,Customer_00809,Male,32,Madurai,Tamil Nadu,Low Value,2024-09-12
10810,Customer_00810,Male,37,Kozhikode,Kerala,Low Value,2025-03-15
10811,Customer_00811,Male,37,New Delhi,Delhi,VIP,2024-04-06
10812,Customer_00812,Male,62,Lucknow,Uttar Pradesh,High Value,2023-09-09
10813,Customer_00813,Male,22,Bengaluru,Karnataka,Regular,2025-05-16
10814,Customer_00814,Other,49,Madurai,Tamil Nadu,Regular,2023-07-28
10815,Customer_00815,Male,23,Vadodara,Gujarat,Regular,2025-08-12
10816,Customer_00816,Male,47,Mangaluru,Karnataka,Low Value,2024-06-22
10817,Customer_00817,Male,43,Jaipur,Rajasthan,High Value,2025-04-14
10818,Customer_00818,Female,54,Udaipur,Rajasthan,Regular,2024-05-17
10819,Customer_00819,Female,30,Nagpur,Maharashtra,High Value,2025-08-13
10820,Customer_00820,Male,46,New Delhi,Delhi,Low Value,2024-05-28
10821,Customer_00821,Male,22,Kozhikode,Kerala,Low Value,2024-08-02
10822,Customer_00822,Male,42,Noida,Uttar Pradesh,Regular,2025-04-19
10823,Customer_00823,Male,30,Hyderabad,Telangana,High Value,2025-09-12
10824,Customer_00824,Male,41,Surat,Gujarat,Regular,2023-03-24
10825,Customer_00825,Male,48,Madurai,Tamil Nadu,Regular,2025-12-01
10826,Customer_00826,Male,37,Thiruvananthapuram,Kerala,Regular,2023-06-05
10827,Customer_00827,Female,25,Mangaluru,Karnataka,Low Value,2024-03-28
10828,Customer_00828,Male,26,Jaipur,Rajasthan,Low Value,2024-09-08
10829,Customer_00829,Female,38,Ahmedabad,Gujarat,Regular,2024-09-15
10830,Customer_00830,Female,37,Hyderabad,Telangana,Regular,2024-05-21
10831,Customer_00831,Female,32,Lucknow,Uttar Pradesh,Regular,2024-09-13
10832,Customer_00832,Male,43,Thane,Maharashtra,Regular,2023-10-20
10833,Customer_00833,Male,59,Warangal,Telangana,Regular,2024-10-16
10834,Customer_00834,Male,28,Ahmedabad,Gujarat,Regular,2025-07-25
10835,Customer_00835,Female,54,Hyderabad,Telangana,VIP,2025-01-26
10836,Customer_00836,Male,58,Ahmedabad,Gujarat,Regular,2025-09-22
10837,Customer_00837,Female,28,Vadodara,Gujarat,High Value,2024-10-28
10838,Customer_00838,Female,44,Siliguri,West Bengal,Regular,2023-03-01
10839,Customer_00839,Male,47,Chennai,Tamil Nadu,Regular,2023-11-23
10840,Customer_00840,Female,36,Udaipur,Rajasthan,Regular,2025-03-09
10841,Customer_00841,Male,51,Kolkata,West Bengal,Regular,2025-02-23
10842,Customer_00842,Male,55,Agra,Uttar Pradesh,Regular,2025-02-05
10843,Customer_00843,Male,40,Kolkata,West Bengal,Low Value,2024-06-02
10844,Customer_00844,Male,18,Delhi,Delhi,Regular,2024-09-29
10845,Customer_00845,Female,20,New Delhi,Delhi,Low Value,2023-03-24
10846,Customer_00846,Male,20,Udaipur,Rajasthan,Regular,2023-01-28
10847,Customer_00847,Male,45,Hyderabad,Telangana,Regular,2023-09-23
10848,Customer_00848,Female,31,Coimbatore,Tamil Nadu,VIP,2024-02-01
10849,Customer_00849,Female,47,Udaipur,Rajasthan,Regular,2025-08-19
10850,Customer_00850,Male,22,Ahmedabad,Gujarat,Low Value,2025-02-01
10851,Customer_00851,Female,32,Mysuru,Karnataka,Low Value,2025-09-06
10852,Customer_00852,Female,55,Madurai,Tamil Nadu,Low Value,2025-03-21
10853,Customer_00853,Male,31,Chennai,Tamil Nadu,Regular,2024-08-03
10854,Customer_00854,Male,31,Ahmedabad,Gujarat,Regular,2024-09-02
10855,Customer_00855,Male,25,Surat,Gujarat,Regular,2023-07-12
10856,Customer_00856,Female,25,Thane,Maharashtra,Regular,2023-08-15
10857,Customer_00857,Female,36,Jodhpur,Rajasthan,High Value,2024-03-26
10858,Customer_00858,Female,49,Surat,Gujarat,Low Value,2025-07-20
10859,Customer_00859,Female,48,Delhi,Delhi,Low Value,2024-10-16
10860,Customer_00860,Male,46,Agra,Uttar Pradesh,Regular,2023-07-22
10861,Customer_00861,Male,58,Mangaluru,Karnataka,Regular,2024-02-06
10862,Customer_00862,Male,28,Jodhpur,Rajasthan,High Value,2024-04-16
10863,Customer_00863,Female,62,Kochi,Kerala,Regular,2025-06-08
10864,Customer_00864,Female,30,New Delhi,Delhi,Regular,2023-06-28
10865,Customer_00865,Male,44,Hyderabad,Telangana,Low Value,2025-11-07
10866,Customer_00866,Female,36,Vadodara,Gujarat,Regular,2024-04-07
10867,Customer_00867,Male,43,Thiruvananthapuram,Kerala,Regular,2025-04-14
10868,Customer_00868,Male,54,Ahmedabad,Gujarat,Regular,2024-08-31
10869,Customer_00869,Male,65,Chennai,Tamil Nadu,VIP,2025-07-14
10870,Customer_00870,Male,26,Delhi,Delhi,Low Value,2025-07-24
10871,Customer_00871,Male,45,Chennai,Tamil Nadu,Regular,2023-10-27
10872,Customer_00872,Male,49,Nagpur,Maharashtra,Low Value,2023-12-17
10873,Customer_00873,Male,20,Coimbatore,Tamil Nadu,Regular,2023-07-06
10874,Customer_00874,Male,49,Mumbai,Maharashtra,Regular,2024-09-14
10875,Customer_00875,Female,22,Nashik,Maharashtra,VIP,2023-03-12
10876,Customer_00876,Male,25,Kochi,Kerala,Regular,2023-11-05
10877,Customer_00877,Female,31,Ahmedabad,Gujarat,Regular,2023-06-26
10878,Customer_00878,Male,20,Hyderabad,Telangana,Regular,2024-03-02
10879,Customer_00879,Male,41,Coimbatore,Tamil Nadu,Regular,2025-01-09
10880,Customer_00880,Male,30,New Delhi,Delhi,High Value,2024-06-14
10881,Customer_00881,Male,60,Pune,Maharashtra,Low Value,2024-02-22
10882,Customer_00882,Female,46,Ahmedabad,Gujarat,Low Value,2023-09-05
10883,Customer_00883,Male,25,Hubballi,Karnataka,VIP,2023-07-28
10884,Customer_00884,Female,59,Udaipur,Rajasthan,Low Value,2023-08-04
10885,Customer_00885,Female,48,Kochi,Kerala,Regular,2024-12-13
10886,Customer_00886,Female,43,Hyderabad,Telangana,Regular,2024-03-13
10887,Customer_00887,Female,35,Kolkata,West Bengal,Regular,2023-11-07
10888,Customer_00888,Female,35,Kozhikode,Kerala,Low Value,2024-01-18
10889,Customer_00889,Male,24,Bengaluru,Karnataka,High Value,2025-09-07
10890,Customer_00890,Female,65,Udaipur,Rajasthan,Regular,2023-05-01
10891,Customer_00891,Male,55,Mangaluru,Karnataka,Regular,2024-02-11
10892,Customer_00892,Male,65,Chennai,Tamil Nadu,Regular,2023-09-02
10893,Customer_00893,Male,33,Mumbai,Maharashtra,Regular,2023-03-07
10894,Customer_00894,Female,50,Warangal,Telangana,High Value,2025-07-30
10895,Customer_00895,Female,20,Kanpur,Uttar Pradesh,Regular,2023-08-16
10896,Customer_00896,Male,55,Mumbai,Maharashtra,Low Value,2025-05-31
10897,Customer_00897,Female,21,Noida,Uttar Pradesh,Low Value,2023-05-17
10898,Customer_00898,Male,53,Jodhpur,Rajasthan,Low Value,2023-07-13
10899,Customer_00899,Male,21,Surat,Gujarat,Regular,2024-12-06
10900,Customer_00900,Male,59,Siliguri,West Bengal,Regular,2024-10-19
10901,Customer_00901,Male,26,New Delhi,Delhi,Regular,2024-10-18
10902,Customer_00902,Male,57,Thane,Maharashtra,VIP,2025-07-18
10903,Customer_00903,Female,34,Hyderabad,Telangana,Low Value,2024-07-09
10904,Customer_00904,Female,34,Mysuru,Karnataka,High Value,2025-08-15
10905,Customer_00905,Male,50,Hyderabad,Telangana,Low Value,2025-11-05
10906,Customer_00906,Female,37,Udaipur,Rajasthan,High Value,2023-02-21
10907,Customer_00907,Female,31,Noida,Uttar Pradesh,Low Value,2024-05-28
10908,Customer_00908,Female,39,Hubballi,Karnataka,High Value,2025-01-13
10909,Customer_00909,Female,44,New Delhi,Delhi,VIP,2025-12-20
10910,Customer_00910,Male,60,Delhi,Delhi,Regular,2024-11-22
10911,Customer_00911,Female,20,Nagpur,Maharashtra,Regular,2024-06-26
10912,Customer_00912,Female,41,Jodhpur,Rajasthan,Regular,2024-02-14
10913,Customer_00913,Male,47,Vadodara,Gujarat,Regular,2023-06-04
10914,Customer_00914,Male,25,Udaipur,Rajasthan,High Value,2024-09-24
10915,Customer_00915,Female,39,Noida,Uttar Pradesh,Low Value,2023-02-20
10916,Customer_00916,Male,42,Warangal,Telangana,Regular,2025-10-20
10917,Customer_00917,Other,27,New Delhi,Delhi,Regular,2025-09-20
10918,Customer_00918,Male,46,Warangal,Telangana,Regular,2024-06-07
10919,Customer_00919,Female,57,Warangal,Telangana,Regular,2023-12-21
10920,Customer_00920,Male,18,Warangal,Telangana,Regular,2025-12-04
10921,Customer_00921,Female,38,Delhi,Delhi,High Value,2025-03-12
10922,Customer_00922,Female,56,Kochi,Kerala,Regular,2025-04-19
10923,Customer_00923,Male,41,Chennai,Tamil Nadu,Regular,2023-09-13
10924,Customer_00924,Female,26,Kanpur,Uttar Pradesh,Regular,2023-09-05
10925,Customer_00925,Male,61,Kozhikode,Kerala,Regular,2024-06-16
10926,Customer_00926,Male,43,Agra,Uttar Pradesh,Regular,2023-02-10
10927,Customer_00927,Male,26,Mangaluru,Karnataka,VIP,2025-02-28
10928,Customer_00928,Female,37,Jaipur,Rajasthan,Regular,2023-07-14
10929,Customer_00929,Male,52,Jaipur,Rajasthan,Regular,2025-12-30
10930,Customer_00930,Male,53,Kolkata,West Bengal,High Value,2023-11-04
10931,Customer_00931,Male,59,Udaipur,Rajasthan,High Value,2023-03-17
10932,Customer_00932,Female,53,Delhi,Delhi,VIP,2025-02-25
10933,Customer_00933,Female,26,Ahmedabad,Gujarat,Low Value,2025-03-05
10934,Customer_00934,Male,39,Nagpur,Maharashtra,Regular,2023-08-18
10935,Customer_00935,Male,18,Kolkata,West Bengal,High Value,2023-03-26
10936,Customer_00936,Female,22,Nashik,Maharashtra,VIP,2024-02-01
10937,Customer_00937,Male,26,Lucknow,Uttar Pradesh,Regular,2023-08-03
10938,Customer_00938,Female,54,Thane,Maharashtra,Regular,2025-10-21
10939,Customer_00939,Female,55,Nashik,Maharashtra,Regular,2024-01-12
10940,Customer_00940,Female,36,Kolkata,West Bengal,Low Value,2024-02-16
10941,Customer_00941,Male,25,Mysuru,Karnataka,Regular,2025-03-10
10942,Customer_00942,Female,59,Hyderabad,Telangana,High Value,2024-02-14
10943,Customer_00943,Female,60,Udaipur,Rajasthan,Regular,2023-08-04
10944,Customer_00944,Female,49,Jaipur,Rajasthan,Low Value,2025-01-21
10945,Customer_00945,Male,30,New Delhi,Delhi,Regular,2023-12-15
10946,Customer_00946,Male,37,Siliguri,West Bengal,Regular,2025-04-10
10947,Customer_00947,Male,53,Delhi,Delhi,Regular,2024-10-15
10948,Customer_00948,Female,60,Ahmedabad,Gujarat,Regular,2025-10-18
10949,Customer_00949,Female,61,Surat,Gujarat,Regular,2025-11-30
10950,Customer_00950,Male,54,New Delhi,Delhi,Low Value,2023-01-03
10951,Customer_00951,Male,47,Kolkata,West Bengal,Regular,2025-12-18
10952,Customer_00952,Male,27,New Delhi,Delhi,Regular,2025-01-09
10953,Customer_00953,Female,48,Jodhpur,Rajasthan,High Value,2024-02-11
10954,Customer_00954,Female,42,Kozhikode,Kerala,High Value,2023-01-18
10955,Customer_00955,Male,46,Coimbatore,Tamil Nadu,Regular,2025-01-20
10956,Customer_00956,Male,41,Mumbai,Maharashtra,High Value,2024-08-08
10957,Customer_00957,Male,56,Coimbatore,Tamil Nadu,Regular,2025-06-06
10958,Customer_00958,Female,38,Kolkata,West Bengal,Regular,2023-11-28
10959,Customer_00959,Female,58,Madurai,Tamil Nadu,Regular,2025-10-09
10960,Customer_00960,Female,26,Vadodara,Gujarat,Low Value,2023-06-18
10961,Customer_00961,Male,59,Lucknow,Uttar Pradesh,Regular,2025-02-14
10962,Customer_00962,Female,59,Thane,Maharashtra,High Value,2025-04-28
10963,Customer_00963,Male,19,Warangal,Telangana,Regular,2025-07-29
10964,Customer_00964,Female,21,Kolkata,West Bengal,Low Value,2023-07-25
10965,Customer_00965,Male,25,Nashik,Maharashtra,Regular,2024-06-04
10966,Customer_00966,Female,49,Chennai,Tamil Nadu,VIP,2025-10-14
10967,Customer_00967,Female,31,Ahmedabad,Gujarat,VIP,2023-10-31
10968,Customer_00968,Female,30,Mysuru,Karnataka,Regular,2023-04-25
10969,Customer_00969,Female,38,Kochi,Kerala,High Value,2024-10-25
10970,Customer_00970,Male,41,Warangal,Telangana,Low Value,2023-03-28
10971,Customer_00971,Male,35,Kozhikode,Kerala,Low Value,2025-01-12
10972,Customer_00972,Female,62,Pune,Maharashtra,Regular,2024-03-03
10973,Customer_00973,Male,57,Surat,Gujarat,Regular,2024-03-25
10974,Customer_00974,Male,43,Vadodara,Gujarat,High Value,2025-02-24
10975,Customer_00975,Male,49,Madurai,Tamil Nadu,Low Value,2024-12-15
10976,Customer_00976,Female,61,Jodhpur,Rajasthan,Regular,2023-01-02
10977,Customer_00977,Male,50,Chennai,Tamil Nadu,Regular,2025-01-12
10978,Customer_00978,Male,48,Jodhpur,Rajasthan,Regular,2023-04-20
10979,Customer_00979,Male,35,Jaipur,Rajasthan,Regular,2024-11-09
10980,Customer_00980,Male,52,Warangal,Telangana,Regular,2024-01-06
10981,Customer_00981,Female,29,Coimbatore,Tamil Nadu,Regular,2025-06-08
10982,Customer_00982,Other,42,Mangaluru,Karnataka,Regular,2024-08-21
10983,Customer_00983,Female,62,New Delhi,Delhi,Regular,2025-11-11
10984,Customer_00984,Male,48,New Delhi,Delhi,Regular,2024-12-22
10985,Customer_00985,Female,27,Madurai,Tamil Nadu,High Value,2023-11-01
10986,Customer_00986,Female,64,Chennai,Tamil Nadu,Regular,2025-07-12
10987,Customer_00987,Male,51,Kozhikode,Kerala,Regular,2025-04-15
10988,Customer_00988,Female,20,Warangal,Telangana,Regular,2024-03-21
10989,Customer_00989,Female,63,Madurai,Tamil Nadu,Low Value,2025-07-20
10990,Customer_00990,Female,56,Kochi,Kerala,VIP,2023-10-05
10991,Customer_00991,Female,25,Jaipur,Rajasthan,High Value,2024-01-12
10992,Customer_00992,Male,49,Surat,Gujarat,High Value,2023-08-20
10993,Customer_00993,Male,60,Ahmedabad,Gujarat,Regular,2024-08-14
10994,Customer_00994,Female,46,Jaipur,Rajasthan,Regular,2024-03-01
10995,Customer_00995,Male,39,Siliguri,West Bengal,Regular,2025-12-14
10996,Customer_00996,Male,37,Kozhikode,Kerala,High Value,2024-03-16
10997,Customer_00997,Female,23,Thiruvananthapuram,Kerala,Regular,2023-02-03
10998,Customer_00998,Female,60,Jodhpur,Rajasthan,Low Value,2023-11-25
10999,Customer_00999,Male,46,Mysuru,Karnataka,Low Value,2025-04-24
11000,Customer_01000,Female,59,Kanpur,Uttar Pradesh,Low Value,2024-03-29
11001,Customer_01001,Female,34,Pune,Maharashtra,Regular,2025-02-02
11002,Customer_01002,Female,48,Jodhpur,Rajasthan,Low Value,2024-06-06
11003,Customer_01003,Male,51,Coimbatore,Tamil Nadu,High Value,2024-04-26
11004,Customer_01004,Male,55,Madurai,Tamil Nadu,High Value,2023-11-13
11005,Customer_01005,Male,54,Warangal,Telangana,VIP,2023-05-02
11006,Customer_01006,Male,21,Jaipur,Rajasthan,Regular,2024-08-03
11007,Customer_01007,Male,19,Hyderabad,Telangana,Low Value,2024-05-01
11008,Customer_01008,Male,29,Udaipur,Rajasthan,High Value,2025-11-01
11009,Customer_01009,Male,52,Kozhikode,Kerala,Regular,2023-05-05
11010,Customer_01010,Female,23,Nashik,Maharashtra,Regular,2024-10-20
11011,Customer_01011,Male,63,Kozhikode,Kerala,Low Value,2024-08-02
11012,Customer_01012,Female,25,Noida,Uttar Pradesh,Regular,2024-12-18
11013,Customer_01013,Female,38,Vadodara,Gujarat,Low Value,2025-02-08
11014,Customer_01014,Male,63,Delhi,Delhi,Regular,2025-06-22
11015,Customer_01015,Female,52,Jaipur,Rajasthan,Regular,2024-02-10
11016,Customer_01016,Female,65,Agra,Uttar Pradesh,Regular,2023-10-04
11017,Customer_01017,Male,32,Vadodara,Gujarat,Regular,2025-07-13
11018,Customer_01018,Female,24,Kolkata,West Bengal,VIP,2025-05-03
11019,Customer_01019,Male,32,Nashik,Maharashtra,Regular,2024-05-21
11020,Customer_01020,Female,62,Hyderabad,Telangana,Regular,2023-08-25
11021,Customer_01021,Male,23,Hyderabad,Telangana,Regular,2025-09-20
11022,Customer_01022,Female,64,Kozhikode,Kerala,Regular,2025-01-21
11023,Customer_01023,Male,34,Coimbatore,Tamil Nadu,Regular,2024-05-20
11024,Customer_01024,Female,21,Ahmedabad,Gujarat,Regular,2023-06-14
11025,Customer_01025,Male,39,Kolkata,West Bengal,VIP,2025-04-25
11026,Customer_01026,Female,49,Noida,Uttar Pradesh,Regular,2024-12-28
11027,Customer_01027,Female,39,Nashik,Maharashtra,High Value,2024-01-11
11028,Customer_01028,Male,44,Vadodara,Gujarat,High Value,2025-11-01
11029,Customer_01029,Female,63,Siliguri,West Bengal,Regular,2023-03-24
11030,Customer_01030,Male,32,New Delhi,Delhi,VIP,2024-03-06
11031,Customer_01031,Female,61,Jaipur,Rajasthan,Low Value,2024-04-22
11032,Customer_01032,Female,39,Hyderabad,Telangana,Regular,2025-02-21
11033,Customer_01033,Female,45,Agra,Uttar Pradesh,Low Value,2024-01-04
11034,Customer_01034,Female,59,Hyderabad,Telangana,VIP,2025-08-12
11035,Customer_01035,Male,55,Noida,Uttar Pradesh,Regular,2023-05-21
11036,Customer_01036,Male,26,Kozhikode,Kerala,Regular,2024-12-20
11037,Customer_01037,Male,51,Coimbatore,Tamil Nadu,Low Value,2025-10-12
11038,Customer_01038,Female,53,Agra,Uttar Pradesh,Regular,2023-10-15
11039,Customer_01039,Male,26,Warangal,Telangana,Regular,2023-12-21
11040,Customer_01040,Female,32,Kozhikode,Kerala,Low Value,2023-12-09
11041,Customer_01041,Female,62,Noida,Uttar Pradesh,Regular,2023-05-29
11042,Customer_01042,Male,37,New Delhi,Delhi,VIP,2023-07-29
11043,Customer_01043,Female,25,Madurai,Tamil Nadu,Regular,2024-10-15
11044,Customer_01044,Male,45,Lucknow,Uttar Pradesh,Regular,2025-09-02
11045,Customer_01045,Male,36,Kochi,Kerala,Regular,2024-06-19
11046,Customer_01046,Female,33,Vadodara,Gujarat,Regular,2025-12-08
11047,Customer_01047,Male,28,Mangaluru,Karnataka,VIP,2023-11-27
11048,Customer_01048,Male,59,Siliguri,West Bengal,Regular,2023-12-31
11049,Customer_01049,Female,25,Mysuru,Karnataka,Regular,2023-01-11
11050,Customer_01050,Male,50,Hubballi,Karnataka,Regular,2024-05-23
11051,Customer_01051,Female,27,Mumbai,Maharashtra,Regular,2024-08-02
11052,Customer_01052,Female,35,Delhi,Delhi,High Value,2024-09-13
11053,Customer_01053,Male,52,Surat,Gujarat,High Value,2025-06-19
11054,Customer_01054,Male,60,Jodhpur,Rajasthan,High Value,2024-12-18
11055,Customer_01055,Female,20,Noida,Uttar Pradesh,Regular,2025-11-21
11056,Customer_01056,Male,57,Kolkata,West Bengal,Regular,2023-11-23
11057,Customer_01057,Male,44,Coimbatore,Tamil Nadu,Low Value,2023-03-15
11058,Customer_01058,Female,45,Ahmedabad,Gujarat,VIP,2023-09-08
11059,Customer_01059,Male,63,Hyderabad,Telangana,Regular,2024-03-25
11060,Customer_01060,Female,23,Jaipur,Rajasthan,Regular,2025-06-24
11061,Customer_01061,Male,64,Nagpur,Maharashtra,Regular,2023-12-21
11062,Customer_01062,Male,31,Pune,Maharashtra,Low Value,2024-06-16
11063,Customer_01063,Male,24,Vadodara,Gujarat,High Value,2023-10-23
11064,Customer_01064,Female,27,Kozhikode,Kerala,VIP,2023-10-25
11065,Customer_01065,Female,32,Mysuru,Karnataka,Regular,2023-10-29
11066,Customer_01066,Female,48,Warangal,Telangana,Regular,2024-05-26
11067,Customer_01067,Male,46,Nashik,Maharashtra,VIP,2024-08-07
11068,Customer_01068,Male,59,Kolkata,West Bengal,Regular,2024-01-09
11069,Customer_01069,Male,34,Nagpur,Maharashtra,Regular,2023-05-12
11070,Customer_01070,Male,46,Coimbatore,Tamil Nadu,Regular,2025-06-28
11071,Customer_01071,Female,61,Lucknow,Uttar Pradesh,High Value,2023-02-22
11072,Customer_01072,Female,32,Nagpur,Maharashtra,Regular,2023-08-17
11073,Customer_01073,Male,43,Coimbatore,Tamil Nadu,Regular,2024-10-01
11074,Customer_01074,Female,29,Ahmedabad,Gujarat,Regular,2025-03-07
11075,Customer_01075,Male,42,Surat,Gujarat,Low Value,2025-03-01
11076,Customer_01076,Female,58,Jodhpur,Rajasthan,VIP,2024-05-09
11077,Customer_01077,Male,22,Nagpur,Maharashtra,Low Value,2025-05-02
11078,Customer_01078,Male,21,Siliguri,West Bengal,Regular,2024-11-01
11079,Customer_01079,Male,61,Nagpur,Maharashtra,Regular,2025-12-30
11080,Customer_01080,Male,65,Siliguri,West Bengal,Regular,2023-07-08
11081,Customer_01081,Female,58,Delhi,Delhi,Regular,2024-10-24
11082,Customer_01082,Male,48,Udaipur,Rajasthan,Low Value,2023-01-08
11083,Customer_01083,Male,20,New Delhi,Delhi,Low Value,2023-11-28
11084,Customer_01084,Female,20,Mumbai,Maharashtra,High Value,2025-11-05
11085,Customer_01085,Female,43,Jaipur,Rajasthan,High Value,2024-10-27
11086,Customer_01086,Female,34,New Delhi,Delhi,Regular,2024-10-30
11087,Customer_01087,Male,27,Bengaluru,Karnataka,Low Value,2023-06-10
11088,Customer_01088,Female,19,Nashik,Maharashtra,Regular,2023-12-17
11089,Customer_01089,Female,41,New Delhi,Delhi,Regular,2023-11-13
11090,Customer_01090,Male,28,Mangaluru,Karnataka,Regular,2025-07-25
11091,Customer_01091,Male,41,Mangaluru,Karnataka,Regular,2023-01-18
11092,Customer_01092,Male,52,Surat,Gujarat,Regular,2024-04-30
11093,Customer_01093,Male,40,Thane,Maharashtra,Regular,2024-01-02
11094,Customer_01094,Male,49,Hubballi,Karnataka,Low Value,2023-12-17
11095,Customer_01095,Male,40,Vadodara,Gujarat,Regular,2024-06-11
11096,Customer_01096,Female,51,New Delhi,Delhi,Regular,2025-05-21
11097,Customer_01097,Female,58,Chennai,Tamil Nadu,Regular,2025-07-21
11098,Customer_01098,Female,36,Nagpur,Maharashtra,Regular,2023-09-27
11099,Customer_01099,Female,19,Udaipur,Rajasthan,Regular,2025-05-20
11100,Customer_01100,Male,19,Kolkata,West Bengal,High Value,2025-12-27
11101,Customer_01101,Female,32,Siliguri,West Bengal,Regular,2025-11-19
11102,Customer_01102,Female,38,New Delhi,Delhi,Regular,2023-11-12
11103,Customer_01103,Male,52,Kochi,Kerala,Regular,2025-01-06
11104,Customer_01104,Female,22,Kozhikode,Kerala,Regular,2023-06-13
11105,Customer_01105,Female,60,New Delhi,Delhi,Regular,2025-07-14
11106,Customer_01106,Female,44,Mysuru,Karnataka,Regular,2023-11-16
11107,Customer_01107,Female,41,Thane,Maharashtra,Regular,2025-11-03
11108,Customer_01108,Male,24,Kolkata,West Bengal,Regular,2023-10-06
11109,Customer_01109,Male,23,Siliguri,West Bengal,Regular,2024-03-07
11110,Customer_01110,Male,63,Mangaluru,Karnataka,Low Value,2024-10-29
11111,Customer_01111,Female,50,Siliguri,West Bengal,Regular,2024-09-25
11112,Customer_01112,Female,34,Jaipur,Rajasthan,Regular,2024-06-05
11113,Customer_01113,Other,63,Mumbai,Maharashtra,Regular,2025-08-21
11114,Customer_01114,Male,59,Kanpur,Uttar Pradesh,Regular,2023-12-24
11115,Customer_01115,Male,47,Kolkata,West Bengal,Regular,2025-11-02
11116,Customer_01116,Female,25,New Delhi,Delhi,Regular,2024-12-25
11117,Customer_01117,Female,57,Jodhpur,Rajasthan,Regular,2024-11-03
11118,Customer_01118,Male,63,Siliguri,West Bengal,Regular,2023-08-20
11119,Customer_01119,Female,24,Jaipur,Rajasthan,Regular,2024-04-15
11120,Customer_01120,Female,23,Vadodara,Gujarat,High Value,2024-09-30
11121,Customer_01121,Female,21,Agra,Uttar Pradesh,Regular,2024-07-13
11122,Customer_01122,Female,18,Hyderabad,Telangana,High Value,2024-07-26
11123,Customer_01123,Male,32,Delhi,Delhi,Low Value,2024-08-24
11124,Customer_01124,Female,48,New Delhi,Delhi,Low Value,2023-09-12
11125,Customer_01125,Female,42,Nashik,Maharashtra,Low Value,2024-08-24
11126,Customer_01126,Male,64,Udaipur,Rajasthan,Low Value,2023-10-07
11127,Customer_01127,Male,50,Mangaluru,Karnataka,Regular,2023-04-27
11128,Customer_01128,Female,52,Delhi,Delhi,Low Value,2024-09-01
11129,Customer_01129,Male,22,Jaipur,Rajasthan,High Value,2025-05-01
11130,Customer_01130,Male,22,Jaipur,Rajasthan,VIP,2023-10-25
11131,Customer_01131,Female,53,Madurai,Tamil Nadu,Regular,2025-07-04
11132,Customer_01132,Male,34,Madurai,Tamil Nadu,VIP,2024-06-01
11133,Customer_01133,Female,31,Hyderabad,Telangana,Low Value,2024-01-13
11134,Customer_01134,Male,46,Vadodara,Gujarat,Regular,2024-03-01
11135,Customer_01135,Female,25,Warangal,Telangana,Regular,2024-06-20
11136,Customer_01136,Male,51,Siliguri,West Bengal,High Value,2024-07-06
11137,Customer_01137,Male,57,Mysuru,Karnataka,Regular,2023-06-18
11138,Customer_01138,Male,18,Siliguri,West Bengal,VIP,2024-05-29
11139,Customer_01139,Female,46,Thiruvananthapuram,Kerala,Low Value,2024-03-05
11140,Customer_01140,Female,53,Kolkata,West Bengal,High Value,2024-07-22
11141,Customer_01141,Male,54,Nagpur,Maharashtra,Regular,2023-03-24
11142,Customer_01142,Female,46,Kolkata,West Bengal,High Value,2023-11-26
11143,Customer_01143,Female,22,Warangal,Telangana,VIP,2024-11-21
11144,Customer_01144,Female,49,Delhi,Delhi,Regular,2024-04-01
11145,Customer_01145,Male,41,New Delhi,Delhi,High Value,2023-12-19
11146,Customer_01146,Female,36,Madurai,Tamil Nadu,Regular,2023-12-10
11147,Customer_01147,Male,29,Mangaluru,Karnataka,High Value,2025-01-31
11148,Customer_01148,Male,18,Mysuru,Karnataka,Regular,2023-07-17
11149,Customer_01149,Female,24,Thane,Maharashtra,Regular,2023-03-20
11150,Customer_01150,Female,34,Hyderabad,Telangana,Regular,2024-11-08
11151,Customer_01151,Male,51,Coimbatore,Tamil Nadu,Regular,2024-07-04
11152,Customer_01152,Male,60,Kochi,Kerala,Low Value,2025-03-30
11153,Customer_01153,Female,24,Hubballi,Karnataka,High Value,2023-08-02
11154,Customer_01154,Female,34,Delhi,Delhi,High Value,2024-10-30
11155,Customer_01155,Male,20,Siliguri,West Bengal,Regular,2025-09-15
11156,Customer_01156,Female,46,Siliguri,West Bengal,Regular,2025-06-12
11157,Customer_01157,Male,39,Chennai,Tamil Nadu,Regular,2023-06-08
11158,Customer_01158,Male,55,Hyderabad,Telangana,Regular,2025-01-08
11159,Customer_01159,Female,60,Hyderabad,Telangana,Regular,2024-07-10
11160,Customer_01160,Male,46,Surat,Gujarat,VIP,2023-07-20
11161,Customer_01161,Male,59,Noida,Uttar Pradesh,Regular,2023-01-22
11162,Customer_01162,Female,22,Mangaluru,Karnataka,Regular,2025-02-23
11163,Customer_01163,Female,47,Warangal,Telangana,Regular,2023-01-07
11164,Customer_01164,Male,40,Delhi,Delhi,Low Value,2025-03-14
11165,Customer_01165,Female,38,Chennai,Tamil Nadu,Regular,2025-02-06
11166,Customer_01166,Female,43,Kochi,Kerala,Low Value,2024-08-01
11167,Customer_01167,Male,64,Surat,Gujarat,Regular,2024-05-03
11168,Customer_01168,Female,38,Udaipur,Rajasthan,VIP,2025-07-14
11169,Customer_01169,Male,37,Thane,Maharashtra,High Value,2023-03-28
11170,Customer_01170,Male,40,Kozhikode,Kerala,Regular,2023-08-10
11171,Customer_01171,Female,21,Jodhpur,Rajasthan,Regular,2024-02-17
11172,Customer_01172,Female,38,Siliguri,West Bengal,High Value,2024-08-06
11173,Customer_01173,Male,38,Thane,Maharashtra,Regular,2023-07-21
11174,Customer_01174,Male,18,Bengaluru,Karnataka,Regular,2024-07-24
11175,Customer_01175,Male,32,Delhi,Delhi,High Value,2023-08-09
11176,Customer_01176,Male,34,Nagpur,Maharashtra,Regular,2023-06-06
11177,Customer_01177,Male,31,Noida,Uttar Pradesh,Low Value,2023-05-09
11178,Customer_01178,Male,36,Udaipur,Rajasthan,Regular,2025-05-26
11179,Customer_01179,Female,51,Bengaluru,Karnataka,Regular,2023-09-27
11180,Customer_01180,Male,23,Lucknow,Uttar Pradesh,Regular,2023-06-12
11181,Customer_01181,Male,62,Siliguri,West Bengal,Regular,2025-08-12
11182,Customer_01182,Female,23,Lucknow,Uttar Pradesh,High Value,2023-01-24
11183,Customer_01183,Female,22,Surat,Gujarat,Regular,2024-05-11
11184,Customer_01184,Male,24,Ahmedabad,Gujarat,Regular,2023-07-12
11185,Customer_01185,Male,50,Chennai,Tamil Nadu,Regular,2025-05-27
11186,Customer_01186,Female,30,Kochi,Kerala,High Value,2024-01-25
11187,Customer_01187,Male,18,Kochi,Kerala,High Value,2024-05-11
11188,Customer_01188,Male,30,Mysuru,Karnataka,Low Value,2025-08-21
11189,Customer_01189,Female,60,Kolkata,West Bengal,Regular,2025-03-16
11190,Customer_01190,Male,44,Hyderabad,Telangana,Regular,2023-05-09
11191,Customer_01191,Male,24,Surat,Gujarat,Regular,2025-10-17
11192,Customer_01192,Male,20,Mysuru,Karnataka,Low Value,2024-07-06
11193,Customer_01193,Male,42,Warangal,Telangana,Regular,2025-11-25
11194,Customer_01194,Male,50,Kochi,Kerala,Regular,2023-12-27
11195,Customer_01195,Other,57,Madurai,Tamil Nadu,Low Value,2025-02-03
11196,Customer_01196,Male,34,Lucknow,Uttar Pradesh,Regular,2023-10-14
11197,Customer_01197,Male,62,Surat,Gujarat,High Value,2025-02-06
11198,Customer_01198,Male,31,Mangaluru,Karnataka,High Value,2025-07-13
11199,Customer_01199,Female,54,Pune,Maharashtra,Regular,2024-01-04
11200,Customer_01200,Female,40,Warangal,Telangana,Low Value,2025-06-17
11201,Customer_01201,Male,41,Lucknow,Uttar Pradesh,Regular,2025-12-20
11202,Customer_01202,Female,46,Vadodara,Gujarat,Regular,2023-09-19
11203,Customer_01203,Male,55,Thiruvananthapuram,Kerala,Regular,2025-02-26
11204,Customer_01204,Male,44,Siliguri,West Bengal,Regular,2023-04-21
11205,Customer_01205,Male,55,Warangal,Telangana,Regular,2025-07-30
11206,Customer_01206,Male,57,Kochi,Kerala,High Value,2023-05-21
11207,Customer_01207,Male,62,Vadodara,Gujarat,Low Value,2025-01-14
11208,Customer_01208,Female,40,Hyderabad,Telangana,Regular,2024-06-18
11209,Customer_01209,Male,48,Lucknow,Uttar Pradesh,Regular,2023-03-20
11210,Customer_01210,Female,53,Ahmedabad,Gujarat,Regular,2025-11-20
11211,Customer_01211,Male,34,Jodhpur,Rajasthan,High Value,2024-05-23
11212,Customer_01212,Male,54,Bengaluru,Karnataka,Regular,2025-08-28
11213,Customer_01213,Male,20,Lucknow,Uttar Pradesh,Regular,2023-03-07
11214,Customer_01214,Female,53,Warangal,Telangana,Regular,2023-10-14
11215,Customer_01215,Male,22,Kolkata,West Bengal,Regular,2023-05-03
11216,Customer_01216,Female,63,Kochi,Kerala,Regular,2024-07-08
11217,Customer_01217,Male,32,Pune,Maharashtra,Low Value,2025-09-30
11218,Customer_01218,Male,23,Kochi,Kerala,VIP,2023-01-04
11219,Customer_01219,Male,27,Warangal,Telangana,Regular,2024-02-16
11220,Customer_01220,Male,49,Kochi,Kerala,Regular,2023-09-07
11221,Customer_01221,Male,40,Mangaluru,Karnataka,Regular,2024-03-28
11222,Customer_01222,Male,65,Surat,Gujarat,Regular,2023-06-07
11223,Customer_01223,Female,34,Pune,Maharashtra,Regular,2025-04-16
11224,Customer_01224,Male,63,New Delhi,Delhi,Low Value,2025-10-10
11225,Customer_01225,Female,37,Hyderabad,Telangana,VIP,2025-11-18
11226,Customer_01226,Male,61,Coimbatore,Tamil Nadu,Regular,2025-09-04
11227,Customer_01227,Female,58,New Delhi,Delhi,High Value,2023-12-01
11228,Customer_01228,Female,32,Thiruvananthapuram,Kerala,High Value,2023-06-02
11229,Customer_01229,Male,61,Hyderabad,Telangana,Regular,2025-01-18
11230,Customer_01230,Male,63,Udaipur,Rajasthan,High Value,2025-04-13
11231,Customer_01231,Female,39,Madurai,Tamil Nadu,Low Value,2025-03-18
11232,Customer_01232,Female,23,Mumbai,Maharashtra,Low Value,2025-01-27
11233,Customer_01233,Male,21,Kolkata,West Bengal,Regular,2025-11-21
11234,Customer_01234,Male,40,Jaipur,Rajasthan,Regular,2024-06-15
11235,Customer_01235,Female,61,New Delhi,Delhi,Regular,2023-02-22
11236,Customer_01236,Male,62,Ahmedabad,Gujarat,Low Value,2024-12-18
11237,Customer_01237,Female,36,Mysuru,Karnataka,Regular,2023-12-11
11238,Customer_01238,Male,62,Kolkata,West Bengal,VIP,2023-01-01
11239,Customer_01239,Male,48,Jodhpur,Rajasthan,Regular,2023-06-16
11240,Customer_01240,Female,61,Vadodara,Gujarat,Regular,2023-11-13
11241,Customer_01241,Female,20,Ahmedabad,Gujarat,Regular,2025-08-22
11242,Customer_01242,Male,45,Warangal,Telangana,Low Value,2025-06-16
11243,Customer_01243,Male,20,Udaipur,Rajasthan,Low Value,2023-09-30
11244,Customer_01244,Female,31,Mumbai,Maharashtra,Regular,2024-01-08
11245,Customer_01245,Female,35,Kozhikode,Kerala,Regular,2025-06-18
11246,Customer_01246,Male,44,Coimbatore,Tamil Nadu,Low Value,2023-07-20
11247,Customer_01247,Female,27,Coimbatore,Tamil Nadu,Regular,2023-05-20
11248,Customer_01248,Female,32,Delhi,Delhi,Regular,2023-11-02
11249,Customer_01249,Female,36,Delhi,Delhi,High Value,2025-12-20
11250,Customer_01250,Female,26,Madurai,Tamil Nadu,Low Value,2023-12-26
11251,Customer_01251,Male,21,Pune,Maharashtra,Regular,2023-11-03
11252,Customer_01252,Female,32,Mysuru,Karnataka,High Value,2023-11-29
11253,Customer_01253,Female,65,Agra,Uttar Pradesh,Low Value,2023-11-30
11254,Customer_01254,Male,25,Kochi,Kerala,Regular,2024-05-31
11255,Customer_01255,Male,18,Bengaluru,Karnataka,Low Value,2024-12-31
11256,Customer_01256,Male,24,Warangal,Telangana,VIP,2025-07-12
11257,Customer_01257,Female,48,Noida,Uttar Pradesh,Regular,2025-02-04
11258,Customer_01258,Male,35,Noida,Uttar Pradesh,Regular,2025-02-23
11259,Customer_01259,Female,29,Jaipur,Rajasthan,Regular,2023-01-21
11260,Customer_01260,Female,65,Mumbai,Maharashtra,Regular,2025-05-28
11261,Customer_01261,Female,47,Thane,Maharashtra,Low Value,2023-06-26
11262,Customer_01262,Female,50,Kanpur,Uttar Pradesh,Regular,2023-01-22
11263,Customer_01263,Female,64,Jodhpur,Rajasthan,Low Value,2025-04-16
11264,Customer_01264,Male,24,Kochi,Kerala,High Value,2025-08-17
11265,Customer_01265,Female,45,Noida,Uttar Pradesh,Regular,2024-07-01
11266,Customer_01266,Male,20,Kolkata,West Bengal,VIP,2023-09-07
11267,Customer_01267,Female,60,New Delhi,Delhi,Regular,2024-10-22
11268,Customer_01268,Male,23,Delhi,Delhi,Regular,2025-08-09
11269,Customer_01269,Other,48,Mangaluru,Karnataka,Low Value,2023-05-06
11270,Customer_01270,Female,55,Warangal,Telangana,Regular,2024-09-02
11271,Customer_01271,Female,32,New Delhi,Delhi,Regular,2025-10-06
11272,Customer_01272,Male,24,Surat,Gujarat,Regular,2023-02-13
11273,Customer_01273,Male,60,Mysuru,Karnataka,VIP,2024-07-01
11274,Customer_01274,Female,47,Delhi,Delhi,High Value,2024-03-10
11275,Customer_01275,Male,44,Warangal,Telangana,Regular,2025-11-19
11276,Customer_01276,Female,34,Nashik,Maharashtra,Regular,2025-03-04
11277,Customer_01277,Male,35,Nagpur,Maharashtra,Regular,2023-12-23
11278,Customer_01278,Female,39,Kozhikode,Kerala,Regular,2023-09-10
11279,Customer_01279,Male,43,Agra,Uttar Pradesh,Regular,2025-02-23
11280,Customer_01280,Female,44,Siliguri,West Bengal,Regular,2024-12-21
11281,Customer_01281,Female,57,Pune,Maharashtra,Low Value,2025-01-06
11282,Customer_01282,Male,41,Jodhpur,Rajasthan,High Value,2025-06-18
11283,Customer_01283,Male,25,Delhi,Delhi,Regular,2023-05-03
11284,Customer_01284,Male,38,Udaipur,Rajasthan,Regular,2024-11-15
11285,Customer_01285,Female,46,Warangal,Telangana,Low Value,2023-05-23
11286,Customer_01286,Female,60,Pune,Maharashtra,High Value,2025-09-29
11287,Customer_01287,Female,38,Kolkata,West Bengal,Regular,2025-07-26
11288,Customer_01288,Female,20,Warangal,Telangana,Regular,2024-05-25
11289,Customer_01289,Male,48,Surat,Gujarat,Regular,2023-02-26
11290,Customer_01290,Male,44,Ahmedabad,Gujarat,High Value,2023-02-11
11291,Customer_01291,Male,63,Udaipur,Rajasthan,VIP,2025-03-31
11292,Customer_01292,Male,44,Kanpur,Uttar Pradesh,Regular,2023-12-09
11293,Customer_01293,Female,26,Bengaluru,Karnataka,Regular,2023-11-28
11294,Customer_01294,Female,50,Lucknow,Uttar Pradesh,High Value,2023-12-07
11295,Customer_01295,Male,50,Thiruvananthapuram,Kerala,Regular,2023-12-07
11296,Customer_01296,Female,43,Noida,Uttar Pradesh,VIP,2025-04-28
11297,Customer_01297,Female,45,Kochi,Kerala,Low Value,2023-07-01
11298,Customer_01298,Male,61,Kozhikode,Kerala,Regular,2025-09-10
11299,Customer_01299,Male,60,Kolkata,West Bengal,Low Value,2024-06-06
11300,Customer_01300,Male,48,Nashik,Maharashtra,Regular,2023-07-01
11301,Customer_01301,Female,18,Siliguri,West Bengal,Low Value,2023-09-08
11302,Customer_01302,Female,37,Kozhikode,Kerala,Regular,2023-05-18
11303,Customer_01303,Female,29,Warangal,Telangana,Regular,2025-01-20
11304,Customer_01304,Male,34,Vadodara,Gujarat,Regular,2024-03-29
11305,Customer_01305,Male,32,Thiruvananthapuram,Kerala,Regular,2025-06-01
11306,Customer_01306,Female,51,Siliguri,West Bengal,Regular,2023-03-28
11307,Customer_01307,Female,33,Warangal,Telangana,Regular,2023-10-20
11308,Customer_01308,Female,21,Siliguri,West Bengal,High Value,2023-04-02
11309,Customer_01309,Female,25,Kanpur,Uttar Pradesh,Regular,2023-07-27
11310,Customer_01310,Male,51,Delhi,Delhi,Regular,2023-07-05
11311,Customer_01311,Female,63,Jaipur,Rajasthan,High Value,2023-06-05
11312,Customer_01312,Female,42,Mysuru,Karnataka,Regular,2023-10-20
11313,Customer_01313,Male,32,Kolkata,West Bengal,Regular,2024-06-16
11314,Customer_01314,Female,45,Bengaluru,Karnataka,Low Value,2023-06-10
11315,Customer_01315,Male,26,Madurai,Tamil Nadu,VIP,2025-04-30
11316,Customer_01316,Male,19,Kolkata,West Bengal,Regular,2023-06-05
11317,Customer_01317,Male,34,New Delhi,Delhi,Low Value,2023-05-23
11318,Customer_01318,Male,27,Mysuru,Karnataka,Regular,2024-07-15
11319,Customer_01319,Male,26,Kozhikode,Kerala,Regular,2023-02-04
11320,Customer_01320,Male,48,Kolkata,West Bengal,Low Value,2023-08-12
11321,Customer_01321,Female,19,Nashik,Maharashtra,Regular,2024-10-29
11322,Customer_01322,Male,41,Jodhpur,Rajasthan,Regular,2024-01-28
11323,Customer_01323,Male,36,Delhi,Delhi,Low Value,2024-02-12
11324,Customer_01324,Male,34,Mysuru,Karnataka,Low Value,2023-10-24
11325,Customer_01325,Female,60,New Delhi,Delhi,Regular,2023-11-19
11326,Customer_01326,Male,27,Warangal,Telangana,High Value,2023-02-08
11327,Customer_01327,Male,45,Jodhpur,Rajasthan,Regular,2024-05-19
11328,Customer_01328,Female,55,Thiruvananthapuram,Kerala,VIP,2025-01-22
11329,Customer_01329,Female,65,Kolkata,West Bengal,VIP,2023-08-28
11330,Customer_01330,Female,45,Kolkata,West Bengal,Regular,2024-11-17
11331,Customer_01331,Female,18,Kolkata,West Bengal,Low Value,2025-01-09
11332,Customer_01332,Male,20,Udaipur,Rajasthan,Low Value,2025-09-23
11333,Customer_01333,Female,32,Pune,Maharashtra,Regular,2024-05-01
11334,Customer_01334,Male,27,Chennai,Tamil Nadu,Regular,2025-02-03
11335,Customer_01335,Male,38,Vadodara,Gujarat,VIP,2024-09-14
11336,Customer_01336,Male,54,Noida,Uttar Pradesh,High Value,2025-01-05
11337,Customer_01337,Female,32,Hubballi,Karnataka,VIP,2023-10-25
11338,Customer_01338,Male,40,Pune,Maharashtra,Regular,2025-12-11
11339,Customer_01339,Female,31,Kozhikode,Kerala,High Value,2025-01-02
11340,Customer_01340,Female,32,Mysuru,Karnataka,Low Value,2025-09-27
11341,Customer_01341,Male,27,Kolkata,West Bengal,Regular,2023-10-31
11342,Customer_01342,Female,26,Delhi,Delhi,High Value,2024-10-25
11343,Customer_01343,Female,61,Thiruvananthapuram,Kerala,High Value,2025-06-17
11344,Customer_01344,Female,56,Mangaluru,Karnataka,Regular,2025-03-01
11345,Customer_01345,Male,22,Kolkata,West Bengal,Low Value,2024-10-08
11346,Customer_01346,Female,42,Mangaluru,Karnataka,Regular,2023-07-28
11347,Customer_01347,Male,59,Delhi,Delhi,Regular,2024-06-02
11348,Customer_01348,Female,43,Siliguri,West Bengal,Regular,2023-03-18
11349,Customer_01349,Male,25,Coimbatore,Tamil Nadu,Regular,2023-12-04
11350,Customer_01350,Male,39,Nagpur,Maharashtra,Low Value,2025-05-12
11351,Customer_01351,Female,42,Warangal,Telangana,Regular,2025-07-01
11352,Customer_01352,Female,65,Kanpur,Uttar Pradesh,Regular,2025-03-17
11353,Customer_01353,Female,29,Jodhpur,Rajasthan,Regular,2024-07-25
11354,Customer_01354,Male,26,Lucknow,Uttar Pradesh,Regular,2024-02-28
11355,Customer_01355,Male,27,Thiruvananthapuram,Kerala,Regular,2024-11-03
11356,Customer_01356,Female,65,Kanpur,Uttar Pradesh,VIP,2025-11-05
11357,Customer_01357,Female,27,Siliguri,West Bengal,Regular,2025-07-14
11358,Customer_01358,Female,26,Chennai,Tamil Nadu,Low Value,2023-04-08
11359,Customer_01359,Male,43,Hyderabad,Telangana,Regular,2023-10-27
11360,Customer_01360,Male,52,Nashik,Maharashtra,High Value,2025-01-16
11361,Customer_01361,Female,44,Thane,Maharashtra,Low Value,2023-10-01
11362,Customer_01362,Female,48,New Delhi,Delhi,Regular,2023-09-18
11363,Customer_01363,Male,36,Udaipur,Rajasthan,High Value,2025-07-24
11364,Customer_01364,Female,60,Bengaluru,Karnataka,Regular,2023-11-28
11365,Customer_01365,Female,55,Chennai,Tamil Nadu,Regular,2023-04-25
11366,Customer_01366,Male,23,Mangaluru,Karnataka,Regular,2023-09-25
11367,Customer_01367,Male,32,Hyderabad,Telangana,Regular,2023-01-12
11368,Customer_01368,Male,46,Kanpur,Uttar Pradesh,Regular,2023-03-14
11369,Customer_01369,Female,64,Thane,Maharashtra,Regular,2025-10-12
11370,Customer_01370,Male,62,Hyderabad,Telangana,Regular,2025-05-23
11371,Customer_01371,Male,22,Agra,Uttar Pradesh,High Value,2024-02-10
11372,Customer_01372,Female,31,Nashik,Maharashtra,Regular,2023-06-27
11373,Customer_01373,Male,19,Kanpur,Uttar Pradesh,Regular,2025-02-10
11374,Customer_01374,Male,40,Jaipur,Rajasthan,Regular,2025-08-03
11375,Customer_01375,Male,61,Coimbatore,Tamil Nadu,Regular,2024-02-04
11376,Customer_01376,Female,63,Thiruvananthapuram,Kerala,Regular,2023-09-27
11377,Customer_01377,Female,36,Warangal,Telangana,VIP,2024-04-30
11378,Customer_01378,Male,41,Warangal,Telangana,Low Value,2023-02-28
11379,Customer_01379,Female,37,Ahmedabad,Gujarat,VIP,2024-10-03
11380,Customer_01380,Female,64,Siliguri,West Bengal,High Value,2025-06-05
11381,Customer_01381,Male,44,Udaipur,Rajasthan,Regular,2023-09-23
11382,Customer_01382,Male,41,Jodhpur,Rajasthan,Regular,2023-03-16
11383,Customer_01383,Male,34,Bengaluru,Karnataka,VIP,2024-05-19
11384,Customer_01384,Male,42,Lucknow,Uttar Pradesh,Low Value,2023-12-23
11385,Customer_01385,Female,63,Kolkata,West Bengal,Low Value,2023-06-03
11386,Customer_01386,Female,48,Madurai,Tamil Nadu,Regular,2024-04-30
11387,Customer_01387,Male,45,Madurai,Tamil Nadu,Regular,2023-03-07
11388,Customer_01388,Male,45,Jaipur,Rajasthan,Regular,2024-01-15
11389,Customer_01389,Male,39,Madurai,Tamil Nadu,Regular,2024-02-11
11390,Customer_01390,Female,22,Vadodara,Gujarat,Regular,2023-10-04
11391,Customer_01391,Male,61,Warangal,Telangana,Low Value,2024-09-06
11392,Customer_01392,Female,59,Delhi,Delhi,Low Value,2023-11-10
11393,Customer_01393,Male,25,Kochi,Kerala,Low Value,2024-07-02
11394,Customer_01394,Female,55,Hubballi,Karnataka,Regular,2024-04-05
11395,Customer_01395,Female,45,Noida,Uttar Pradesh,High Value,2024-02-03
11396,Customer_01396,Male,64,Thiruvananthapuram,Kerala,Regular,2024-03-26
11397,Customer_01397,Female,29,Agra,Uttar Pradesh,Regular,2024-04-15
11398,Customer_01398,Female,42,Nagpur,Maharashtra,Regular,2025-08-13
11399,Customer_01399,Male,55,Thiruvananthapuram,Kerala,Regular,2024-12-07
11400,Customer_01400,Female,61,Delhi,Delhi,Regular,2023-04-13
11401,Customer_01401,Male,32,Udaipur,Rajasthan,Regular,2023-11-24
11402,Customer_01402,Female,61,Ahmedabad,Gujarat,Regular,2024-08-23
11403,Customer_01403,Male,58,Hyderabad,Telangana,Low Value,2023-09-03
11404,Customer_01404,Female,51,Hyderabad,Telangana,VIP,2025-12-17
11405,Customer_01405,Female,62,Surat,Gujarat,VIP,2023-04-15
11406,Customer_01406,Female,30,Siliguri,West Bengal,Regular,2024-11-22
11407,Customer_01407,Female,25,Mumbai,Maharashtra,Regular,2025-08-29
11408,Customer_01408,Female,30,Agra,Uttar Pradesh,Regular,2025-12-28
11409,Customer_01409,Male,53,New Delhi,Delhi,VIP,2025-09-19
11410,Customer_01410,Female,23,Coimbatore,Tamil Nadu,Regular,2023-06-02
11411,Customer_01411,Female,55,Kozhikode,Kerala,Regular,2025-11-24
11412,Customer_01412,Female,49,Thane,Maharashtra,Low Value,2025-08-14
11413,Customer_01413,Female,38,Thiruvananthapuram,Kerala,Low Value,2025-11-04
11414,Customer_01414,Female,61,Delhi,Delhi,Regular,2024-12-30
11415,Customer_01415,Female,61,Mangaluru,Karnataka,Regular,2023-03-15
11416,Customer_01416,Male,24,Mysuru,Karnataka,Low Value,2025-05-05
11417,Customer_01417,Male,43,Thane,Maharashtra,Regular,2023-10-12
11418,Customer_01418,Male,32,Jaipur,Rajasthan,Regular,2023-10-07
11419,Customer_01419,Male,59,New Delhi,Delhi,Low Value,2025-02-25
11420,Customer_01420,Female,40,New Delhi,Delhi,Regular,2024-11-16
11421,Customer_01421,Male,55,Surat,Gujarat,Low Value,2025-08-26
11422,Customer_01422,Male,58,Jaipur,Rajasthan,High Value,2023-10-18
11423,Customer_01423,Other,32,Kanpur,Uttar Pradesh,Regular,2025-07-20
11424,Customer_01424,Male,65,Kanpur,Uttar Pradesh,Low Value,2025-02-06
11425,Customer_01425,Male,57,Madurai,Tamil Nadu,High Value,2023-11-08
11426,Customer_01426,Male,33,Warangal,Telangana,Regular,2024-10-07
11427,Customer_01427,Male,49,Bengaluru,Karnataka,High Value,2025-11-21
11428,Customer_01428,Female,54,Kanpur,Uttar Pradesh,Low Value,2023-01-26
11429,Customer_01429,Female,35,Jaipur,Rajasthan,Regular,2023-09-12
11430,Customer_01430,Female,37,New Delhi,Delhi,High Value,2025-12-15
11431,Customer_01431,Male,63,Agra,Uttar Pradesh,Regular,2023-10-20
11432,Customer_01432,Female,19,New Delhi,Delhi,Regular,2024-09-28
11433,Customer_01433,Male,40,Lucknow,Uttar Pradesh,Regular,2023-08-18
11434,Customer_01434,Male,47,Bengaluru,Karnataka,Regular,2023-02-22
11435,Customer_01435,Male,20,Kochi,Kerala,Low Value,2025-08-11
11436,Customer_01436,Male,63,Noida,Uttar Pradesh,Regular,2023-04-11
11437,Customer_01437,Male,56,Jodhpur,Rajasthan,Regular,2025-03-14
11438,Customer_01438,Male,64,Noida,Uttar Pradesh,VIP,2025-05-18
11439,Customer_01439,Other,18,Hyderabad,Telangana,Low Value,2023-09-24
11440,Customer_01440,Male,58,Hubballi,Karnataka,High Value,2023-01-02
11441,Customer_01441,Male,39,Jodhpur,Rajasthan,Regular,2023-01-22
11442,Customer_01442,Male,46,Surat,Gujarat,Low Value,2024-07-31
11443,Customer_01443,Female,31,Jodhpur,Rajasthan,High Value,2023-07-31
11444,Customer_01444,Male,65,Warangal,Telangana,Regular,2024-06-12
11445,Customer_01445,Female,45,Thiruvananthapuram,Kerala,High Value,2024-01-23
11446,Customer_01446,Female,38,Bengaluru,Karnataka,Regular,2023-01-14
11447,Customer_01447,Male,62,Surat,Gujarat,Regular,2024-06-02
11448,Customer_01448,Male,49,Hyderabad,Telangana,Low Value,2024-09-07
11449,Customer_01449,Male,23,Hyderabad,Telangana,Low Value,2025-08-19
11450,Customer_01450,Female,18,Nagpur,Maharashtra,Regular,2024-02-07
11451,Customer_01451,Male,38,Mangaluru,Karnataka,Regular,2023-10-14
11452,Customer_01452,Male,21,Jaipur,Rajasthan,Regular,2024-01-19
11453,Customer_01453,Male,20,Delhi,Delhi,Regular,2025-04-05
11454,Customer_01454,Female,47,Kochi,Kerala,Regular,2023-11-08
11455,Customer_01455,Male,48,New Delhi,Delhi,Low Value,2024-12-26
11456,Customer_01456,Male,51,Jaipur,Rajasthan,Regular,2023-02-12
11457,Customer_01457,Female,36,Jodhpur,Rajasthan,Regular,2025-01-23
11458,Customer_01458,Female,37,Mangaluru,Karnataka,Regular,2025-09-19
11459,Customer_01459,Female,40,Jodhpur,Rajasthan,Regular,2025-05-25
11460,Customer_01460,Male,57,Pune,Maharashtra,VIP,2025-01-03
11461,Customer_01461,Female,42,Vadodara,Gujarat,Regular,2023-05-24
11462,Customer_01462,Female,32,Udaipur,Rajasthan,Regular,2023-07-28
11463,Customer_01463,Male,55,New Delhi,Delhi,Regular,2024-11-30
11464,Customer_01464,Female,40,Jodhpur,Rajasthan,Regular,2023-04-24
11465,Customer_01465,Male,19,Mumbai,Maharashtra,Regular,2023-06-24
11466,Customer_01466,Female,32,Lucknow,Uttar Pradesh,Low Value,2023-09-28
11467,Customer_01467,Male,61,Lucknow,Uttar Pradesh,Low Value,2023-03-04
11468,Customer_01468,Female,52,Warangal,Telangana,Regular,2025-10-04
11469,Customer_01469,Male,27,Thiruvananthapuram,Kerala,VIP,2025-03-06
11470,Customer_01470,Female,31,Madurai,Tamil Nadu,Low Value,2023-08-13
11471,Customer_01471,Male,44,Surat,Gujarat,Regular,2023-06-10
11472,Customer_01472,Female,31,Kolkata,West Bengal,Regular,2025-11-25
11473,Customer_01473,Female,52,Warangal,Telangana,High Value,2024-01-16
11474,Customer_01474,Male,50,Thiruvananthapuram,Kerala,High Value,2023-11-14
11475,Customer_01475,Female,18,Noida,Uttar Pradesh,High Value,2024-12-08
11476,Customer_01476,Other,51,Delhi,Delhi,VIP,2024-03-31
11477,Customer_01477,Male,36,Kolkata,West Bengal,Low Value,2023-12-10
11478,Customer_01478,Male,41,Thiruvananthapuram,Kerala,Regular,2025-11-29
11479,Customer_01479,Female,59,Kochi,Kerala,Regular,2024-02-18
11480,Customer_01480,Male,21,Hyderabad,Telangana,Low Value,2023-08-13
11481,Customer_01481,Male,53,Siliguri,West Bengal,Regular,2023-10-07
11482,Customer_01482,Male,30,Mangaluru,Karnataka,Low Value,2025-11-28
11483,Customer_01483,Male,49,Madurai,Tamil Nadu,Low Value,2024-12-29
11484,Customer_01484,Male,26,Mangaluru,Karnataka,Regular,2024-09-12
11485,Customer_01485,Male,56,Siliguri,West Bengal,Low Value,2025-09-01
11486,Customer_01486,Female,33,Mangaluru,Karnataka,Regular,2024-07-26
11487,Customer_01487,Female,20,Nashik,Maharashtra,VIP,2024-05-03
11488,Customer_01488,Male,37,Agra,Uttar Pradesh,Regular,2025-10-04
11489,Customer_01489,Female,27,Mumbai,Maharashtra,Regular,2025-07-25
11490,Customer_01490,Female,39,Jodhpur,Rajasthan,Low Value,2025-02-22
11491,Customer_01491,Female,65,Mysuru,Karnataka,Regular,2024-05-22
11492,Customer_01492,Male,20,Jodhpur,Rajasthan,Regular,2024-02-09
11493,Customer_01493,Male,28,Delhi,Delhi,VIP,2025-02-10
11494,Customer_01494,Female,42,Ahmedabad,Gujarat,Regular,2024-10-25
11495,Customer_01495,Female,59,Delhi,Delhi,VIP,2023-05-11
11496,Customer_01496,Female,65,Siliguri,West Bengal,Regular,2023-10-08
11497,Customer_01497,Female,25,Kozhikode,Kerala,Low Value,2024-02-24
11498,Customer_01498,Male,26,Noida,Uttar Pradesh,High Value,2024-09-28
11499,Customer_01499,Female,32,Mysuru,Karnataka,Regular,2025-03-18
11500,Customer_01500,Male,49,Warangal,Telangana,High Value,2023-12-14
11501,Customer_01501,Male,20,Vadodara,Gujarat,High Value,2024-03-04
11502,Customer_01502,Female,21,Coimbatore,Tamil Nadu,Regular,2024-06-30
11503,Customer_01503,Male,47,Madurai,Tamil Nadu,VIP,2025-07-28
11504,Customer_01504,Male,30,Chennai,Tamil Nadu,Regular,2024-02-06
11505,Customer_01505,Female,61,Mangaluru,Karnataka,VIP,2025-12-06
11506,Customer_01506,Male,38,Chennai,Tamil Nadu,High Value,2024-10-26
11507,Customer_01507,Female,58,Nashik,Maharashtra,Regular,2025-01-19
11508,Customer_01508,Other,63,Surat,Gujarat,Regular,2025-08-17
11509,Customer_01509,Female,36,Pune,Maharashtra,VIP,2024-09-28
11510,Customer_01510,Male,56,Kochi,Kerala,Regular,2025-05-28
11511,Customer_01511,Male,65,Vadodara,Gujarat,Low Value,2023-03-28
11512,Customer_01512,Male,39,Pune,Maharashtra,Regular,2024-05-29
11513,Customer_01513,Male,37,Ahmedabad,Gujarat,High Value,2025-09-30
11514,Customer_01514,Male,54,Kochi,Kerala,Regular,2025-05-10
11515,Customer_01515,Female,48,Jodhpur,Rajasthan,Regular,2025-07-04
11516,Customer_01516,Male,27,Bengaluru,Karnataka,VIP,2024-03-26
11517,Customer_01517,Female,35,Mysuru,Karnataka,Low Value,2023-12-07
11518,Customer_01518,Male,60,Chennai,Tamil Nadu,Low Value,2024-02-25
11519,Customer_01519,Female,56,New Delhi,Delhi,Low Value,2024-01-16
11520,Customer_01520,Female,63,Coimbatore,Tamil Nadu,Low Value,2023-01-05
11521,Customer_01521,Male,37,Siliguri,West Bengal,Regular,2024-10-09
11522,Customer_01522,Male,35,Mumbai,Maharashtra,Regular,2025-10-24
11523,Customer_01523,Female,28,Ahmedabad,Gujarat,Regular,2023-11-12
11524,Customer_01524,Female,39,Delhi,Delhi,Low Value,2024-06-14
11525,Customer_01525,Female,61,Kochi,Kerala,Regular,2023-12-21
11526,Customer_01526,Male,35,Kolkata,West Bengal,Regular,2025-11-22
11527,Customer_01527,Male,51,Thiruvananthapuram,Kerala,Regular,2024-10-23
11528,Customer_01528,Female,40,Hubballi,Karnataka,Low Value,2023-05-07
11529,Customer_01529,Female,18,Bengaluru,Karnataka,VIP,2023-12-15
11530,Customer_01530,Male,27,Coimbatore,Tamil Nadu,Regular,2025-12-03
11531,Customer_01531,Female,18,Mumbai,Maharashtra,Low Value,2025-01-11
11532,Customer_01532,Male,55,Delhi,Delhi,Regular,2024-12-28
11533,Customer_01533,Male,56,Lucknow,Uttar Pradesh,Low Value,2023-09-01
11534,Customer_01534,Male,26,Kolkata,West Bengal,Regular,2023-01-09
11535,Customer_01535,Male,48,Kolkata,West Bengal,VIP,2024-12-12
11536,Customer_01536,Female,24,Coimbatore,Tamil Nadu,Low Value,2025-04-25
11537,Customer_01537,Male,34,Hubballi,Karnataka,Regular,2023-03-27
11538,Customer_01538,Male,52,Coimbatore,Tamil Nadu,Regular,2023-09-28
11539,Customer_01539,Female,65,Surat,Gujarat,Regular,2024-05-27
11540,Customer_01540,Female,54,New Delhi,Delhi,Regular,2025-11-09
11541,Customer_01541,Female,35,Thane,Maharashtra,Regular,2023-05-10
11542,Customer_01542,Female,50,Jaipur,Rajasthan,Regular,2025-04-17
11543,Customer_01543,Male,21,Warangal,Telangana,Regular,2025-02-08
11544,Customer_01544,Female,40,Hyderabad,Telangana,Low Value,2025-10-27
11545,Customer_01545,Female,28,Chennai,Tamil Nadu,Regular,2025-05-01
11546,Customer_01546,Female,26,Surat,Gujarat,High Value,2025-07-25
11547,Customer_01547,Male,47,New Delhi,Delhi,Regular,2025-06-19
11548,Customer_01548,Male,25,Lucknow,Uttar Pradesh,Regular,2024-04-17
11549,Customer_01549,Female,57,Warangal,Telangana,Low Value,2023-12-04
11550,Customer_01550,Male,22,Delhi,Delhi,VIP,2023-11-15
11551,Customer_01551,Female,29,Nashik,Maharashtra,Low Value,2025-11-14
11552,Customer_01552,Female,18,Kochi,Kerala,Regular,2024-12-21
11553,Customer_01553,Female,32,Ahmedabad,Gujarat,Regular,2023-05-23
11554,Customer_01554,Female,42,Mysuru,Karnataka,High Value,2024-10-18
11555,Customer_01555,Female,35,New Delhi,Delhi,Regular,2025-12-14
11556,Customer_01556,Male,55,Mumbai,Maharashtra,High Value,2024-04-15
11557,Customer_01557,Female,59,Noida,Uttar Pradesh,Regular,2023-12-29
11558,Customer_01558,Female,63,Jaipur,Rajasthan,Regular,2024-10-11
11559,Customer_01559,Male,43,Bengaluru,Karnataka,Low Value,2023-07-28
11560,Customer_01560,Male,57,Jodhpur,Rajasthan,Regular,2025-12-24
11561,Customer_01561,Male,20,Agra,Uttar Pradesh,Regular,2024-07-02
11562,Customer_01562,Female,39,Pune,Maharashtra,Regular,2023-09-20
11563,Customer_01563,Male,43,Hyderabad,Telangana,Regular,2025-02-04
11564,Customer_01564,Female,36,Jodhpur,Rajasthan,Low Value,2023-01-01
11565,Customer_01565,Male,61,Mangaluru,Karnataka,Regular,2023-05-28
11566,Customer_01566,Male,61,Chennai,Tamil Nadu,Regular,2025-05-25
11567,Customer_01567,Female,64,Kolkata,West Bengal,High Value,2025-09-12
11568,Customer_01568,Male,56,New Delhi,Delhi,Regular,2024-05-27
11569,Customer_01569,Female,53,Hyderabad,Telangana,Regular,2024-09-20
11570,Customer_01570,Female,38,Jodhpur,Rajasthan,VIP,2025-08-29
11571,Customer_01571,Female,58,Kochi,Kerala,Low Value,2024-10-14
11572,Customer_01572,Male,65,New Delhi,Delhi,Regular,2024-04-10
11573,Customer_01573,Female,43,Madurai,Tamil Nadu,Regular,2025-02-02
11574,Customer_01574,Female,30,Noida,Uttar Pradesh,VIP,2025-10-16
11575,Customer_01575,Female,53,Siliguri,West Bengal,Regular,2025-07-17
11576,Customer_01576,Male,41,Pune,Maharashtra,Low Value,2025-03-04
11577,Customer_01577,Female,58,Chennai,Tamil Nadu,Low Value,2025-06-18
11578,Customer_01578,Female,43,Coimbatore,Tamil Nadu,Regular,2024-11-05
11579,Customer_01579,Female,38,Noida,Uttar Pradesh,High Value,2025-10-05
11580,Customer_01580,Male,35,Surat,Gujarat,Regular,2023-10-08
11581,Customer_01581,Male,32,Agra,Uttar Pradesh,Regular,2025-07-04
11582,Customer_01582,Male,32,Ahmedabad,Gujarat,Regular,2023-11-20
11583,Customer_01583,Male,23,Surat,Gujarat,Low Value,2025-03-01
11584,Customer_01584,Male,60,Warangal,Telangana,Regular,2025-12-21
11585,Customer_01585,Male,48,Hyderabad,Telangana,VIP,2023-07-06
11586,Customer_01586,Female,45,Mangaluru,Karnataka,Low Value,2025-07-03
11587,Customer_01587,Male,25,Udaipur,Rajasthan,VIP,2024-06-25
11588,Customer_01588,Female,46,Jaipur,Rajasthan,Low Value,2025-06-15
11589,Customer_01589,Male,38,Pune,Maharashtra,Regular,2024-09-30
11590,Customer_01590,Male,34,Jodhpur,Rajasthan,Low Value,2024-03-11
11591,Customer_01591,Male,41,Hyderabad,Telangana,High Value,2023-08-01
11592,Customer_01592,Male,53,Hubballi,Karnataka,VIP,2025-03-28
11593,Customer_01593,Female,48,Bengaluru,Karnataka,Regular,2025-08-19
11594,Customer_01594,Female,64,Ahmedabad,Gujarat,Regular,2025-08-17
11595,Customer_01595,Male,51,Agra,Uttar Pradesh,Regular,2025-07-05
11596,Customer_01596,Male,19,Nagpur,Maharashtra,Low Value,2025-09-19
11597,Customer_01597,Male,59,Vadodara,Gujarat,Low Value,2025-07-03
11598,Customer_01598,Female,20,Lucknow,Uttar Pradesh,Regular,2024-02-25
11599,Customer_01599,Female,47,Jodhpur,Rajasthan,High Value,2023-11-15
11600,Customer_01600,Female,25,Surat,Gujarat,Regular,2023-07-07
11601,Customer_01601,Female,24,New Delhi,Delhi,Regular,2023-06-11
11602,Customer_01602,Female,29,Jaipur,Rajasthan,Regular,2023-05-09
11603,Customer_01603,Male,36,Noida,Uttar Pradesh,Low Value,2023-10-31
11604,Customer_01604,Male,43,Nashik,Maharashtra,High Value,2025-07-05
11605,Customer_01605,Female,45,Agra,Uttar Pradesh,Regular,2025-07-10
11606,Customer_01606,Female,32,Ahmedabad,Gujarat,VIP,2025-11-25
11607,Customer_01607,Female,31,Surat,Gujarat,Regular,2023-05-31
11608,Customer_01608,Female,65,Coimbatore,Tamil Nadu,Regular,2024-08-15
11609,Customer_01609,Male,31,Mumbai,Maharashtra,Regular,2023-02-16
11610,Customer_01610,Female,20,Kochi,Kerala,High Value,2025-07-28
11611,Customer_01611,Female,46,Jaipur,Rajasthan,VIP,2024-10-21
11612,Customer_01612,Male,23,Mysuru,Karnataka,High Value,2023-08-19
11613,Customer_01613,Female,40,Pune,Maharashtra,Regular,2025-09-28
11614,Customer_01614,Female,45,Hubballi,Karnataka,High Value,2023-06-14
11615,Customer_01615,Male,31,Thane,Maharashtra,Regular,2024-12-24
11616,Customer_01616,Male,31,Nashik,Maharashtra,Low Value,2025-03-30
11617,Customer_01617,Male,37,Noida,Uttar Pradesh,Regular,2025-12-25
11618,Customer_01618,Female,30,Nashik,Maharashtra,Regular,2023-05-20
11619,Customer_01619,Male,44,Madurai,Tamil Nadu,VIP,2024-02-04
11620,Customer_01620,Female,52,Kochi,Kerala,Regular,2023-05-10
11621,Customer_01621,Female,62,Surat,Gujarat,Regular,2025-09-11
11622,Customer_01622,Male,19,Kolkata,West Bengal,High Value,2025-02-04
11623,Customer_01623,Female,58,Mysuru,Karnataka,High Value,2024-03-21
11624,Customer_01624,Other,62,Surat,Gujarat,Low Value,2023-01-29
11625,Customer_01625,Male,57,Siliguri,West Bengal,Low Value,2025-03-09
11626,Customer_01626,Male,65,Kozhikode,Kerala,VIP,2023-10-16
11627,Customer_01627,Female,41,Kochi,Kerala,Regular,2025-09-03
11628,Customer_01628,Female,46,Mysuru,Karnataka,Low Value,2023-04-10
11629,Customer_01629,Male,20,Bengaluru,Karnataka,High Value,2024-02-26
11630,Customer_01630,Male,62,Kochi,Kerala,Regular,2024-10-04
11631,Customer_01631,Male,21,Siliguri,West Bengal,Low Value,2024-11-24
11632,Customer_01632,Other,19,Nagpur,Maharashtra,Low Value,2024-12-06
11633,Customer_01633,Male,37,Jaipur,Rajasthan,Regular,2023-01-18
11634,Customer_01634,Female,32,Delhi,Delhi,High Value,2024-04-15
11635,Customer_01635,Female,49,Vadodara,Gujarat,High Value,2024-12-23
11636,Customer_01636,Male,59,Noida,Uttar Pradesh,Low Value,2025-10-27
11637,Customer_01637,Female,18,Surat,Gujarat,Low Value,2024-02-23
11638,Customer_01638,Male,55,Agra,Uttar Pradesh,Regular,2024-01-15
11639,Customer_01639,Female,52,Siliguri,West Bengal,Regular,2024-05-22
11640,Customer_01640,Male,24,Lucknow,Uttar Pradesh,Regular,2023-04-24
11641,Customer_01641,Female,62,Hubballi,Karnataka,Regular,2025-05-01
11642,Customer_01642,Female,30,Udaipur,Rajasthan,Low Value,2024-05-25
11643,Customer_01643,Male,18,Jaipur,Rajasthan,Regular,2025-04-30
11644,Customer_01644,Male,31,Bengaluru,Karnataka,Regular,2025-09-02
11645,Customer_01645,Male,46,Coimbatore,Tamil Nadu,High Value,2024-09-05
11646,Customer_01646,Male,20,Siliguri,West Bengal,Regular,2024-04-13
11647,Customer_01647,Female,63,Coimbatore,Tamil Nadu,Regular,2023-04-03
11648,Customer_01648,Female,41,Coimbatore,Tamil Nadu,Regular,2024-05-07
11649,Customer_01649,Male,18,Surat,Gujarat,Low Value,2025-02-01
11650,Customer_01650,Female,65,Kochi,Kerala,Regular,2025-09-15
11651,Customer_01651,Female,27,Surat,Gujarat,Low Value,2024-04-23
11652,Customer_01652,Female,30,Thiruvananthapuram,Kerala,High Value,2025-05-26
11653,Customer_01653,Male,53,New Delhi,Delhi,Regular,2023-06-16
11654,Customer_01654,Male,26,Kanpur,Uttar Pradesh,High Value,2023-05-20
11655,Customer_01655,Male,31,Kozhikode,Kerala,Low Value,2023-04-04
11656,Customer_01656,Female,53,Bengaluru,Karnataka,High Value,2024-07-29
11657,Customer_01657,Male,27,Vadodara,Gujarat,Regular,2025-10-24
11658,Customer_01658,Male,57,Kolkata,West Bengal,Regular,2024-08-28
11659,Customer_01659,Male,40,Noida,Uttar Pradesh,Regular,2024-08-06
11660,Customer_01660,Female,52,Delhi,Delhi,Low Value,2025-03-26
11661,Customer_01661,Male,24,Thiruvananthapuram,Kerala,Low Value,2024-08-15
11662,Customer_01662,Male,59,Delhi,Delhi,Regular,2024-11-16
11663,Customer_01663,Male,52,Siliguri,West Bengal,VIP,2025-08-20
11664,Customer_01664,Male,19,Madurai,Tamil Nadu,Regular,2025-09-13
11665,Customer_01665,Female,32,Udaipur,Rajasthan,Regular,2025-12-11
11666,Customer_01666,Male,26,Kolkata,West Bengal,Low Value,2024-03-21
11667,Customer_01667,Male,64,Hyderabad,Telangana,Low Value,2023-08-25
11668,Customer_01668,Female,34,Siliguri,West Bengal,VIP,2025-12-03
11669,Customer_01669,Male,56,Delhi,Delhi,Regular,2025-05-31
11670,Customer_01670,Male,35,Mysuru,Karnataka,Regular,2025-02-04
11671,Customer_01671,Female,32,Surat,Gujarat,High Value,2025-07-25
11672,Customer_01672,Male,35,Hubballi,Karnataka,Regular,2023-12-25
11673,Customer_01673,Male,41,New Delhi,Delhi,Regular,2024-10-07
11674,Customer_01674,Male,40,Surat,Gujarat,Regular,2024-11-20
11675,Customer_01675,Female,29,Warangal,Telangana,Regular,2024-04-06
11676,Customer_01676,Female,40,Jaipur,Rajasthan,Regular,2023-04-11
11677,Customer_01677,Female,38,Noida,Uttar Pradesh,High Value,2024-11-22
11678,Customer_01678,Female,43,Delhi,Delhi,Low Value,2025-09-10
11679,Customer_01679,Male,25,Kochi,Kerala,Regular,2025-02-07
11680,Customer_01680,Male,47,Delhi,Delhi,Low Value,2023-09-25
11681,Customer_01681,Female,51,Delhi,Delhi,Regular,2025-06-01
11682,Customer_01682,Female,19,Surat,Gujarat,Low Value,2024-02-12
11683,Customer_01683,Male,22,Pune,Maharashtra,Low Value,2025-11-26
11684,Customer_01684,Female,48,Siliguri,West Bengal,Regular,2024-04-12
11685,Customer_01685,Male,50,Nashik,Maharashtra,Regular,2023-09-16
11686,Customer_01686,Male,21,Hyderabad,Telangana,Low Value,2024-05-23
11687,Customer_01687,Male,23,Thiruvananthapuram,Kerala,Regular,2023-11-05
11688,Customer_01688,Male,40,Udaipur,Rajasthan,Low Value,2024-09-16
11689,Customer_01689,Female,62,Chennai,Tamil Nadu,Regular,2023-04-20
11690,Customer_01690,Female,36,Hyderabad,Telangana,Regular,2024-11-09
11691,Customer_01691,Male,60,Madurai,Tamil Nadu,High Value,2025-01-11
11692,Customer_01692,Male,62,Madurai,Tamil Nadu,Regular,2025-06-25
11693,Customer_01693,Female,25,Udaipur,Rajasthan,Low Value,2023-09-25
11694,Customer_01694,Male,56,Hubballi,Karnataka,Regular,2025-11-21
11695,Customer_01695,Female,30,Nagpur,Maharashtra,High Value,2025-07-28
11696,Customer_01696,Male,18,New Delhi,Delhi,Regular,2025-03-21
11697,Customer_01697,Female,23,Kanpur,Uttar Pradesh,Regular,2023-04-14
11698,Customer_01698,Male,24,Chennai,Tamil Nadu,Regular,2023-07-20
11699,Customer_01699,Male,65,Kozhikode,Kerala,Regular,2025-06-17
11700,Customer_01700,Male,44,Hyderabad,Telangana,Regular,2025-01-12
11701,Customer_01701,Male,32,Bengaluru,Karnataka,VIP,2025-07-13
11702,Customer_01702,Male,51,Madurai,Tamil Nadu,Regular,2024-08-19
11703,Customer_01703,Female,40,Mangaluru,Karnataka,Regular,2025-11-24
11704,Customer_01704,Male,65,Hubballi,Karnataka,Low Value,2024-11-18
11705,Customer_01705,Male,41,Madurai,Tamil Nadu,Low Value,2025-07-08
11706,Customer_01706,Female,32,Surat,Gujarat,Regular,2025-02-26
11707,Customer_01707,Female,52,Kolkata,West Bengal,Regular,2024-02-03
11708,Customer_01708,Female,21,Kozhikode,Kerala,Regular,2024-08-19
11709,Customer_01709,Female,61,New Delhi,Delhi,Regular,2023-04-27
11710,Customer_01710,Male,54,New Delhi,Delhi,Regular,2023-12-28
11711,Customer_01711,Female,34,Kochi,Kerala,Low Value,2023-07-23
11712,Customer_01712,Female,48,Vadodara,Gujarat,Regular,2024-03-19
11713,Customer_01713,Female,55,New Delhi,Delhi,Low Value,2024-12-27
11714,Customer_01714,Male,27,Bengaluru,Karnataka,High Value,2025-05-10
11715,Customer_01715,Male,44,Udaipur,Rajasthan,High Value,2025-05-17
11716,Customer_01716,Male,59,Hyderabad,Telangana,Low Value,2025-02-05
11717,Customer_01717,Female,23,Pune,Maharashtra,Regular,2023-12-28
11718,Customer_01718,Female,23,New Delhi,Delhi,Regular,2024-01-30
11719,Customer_01719,Female,32,Kochi,Kerala,Regular,2023-09-05
11720,Customer_01720,Male,21,Jaipur,Rajasthan,High Value,2025-07-02
11721,Customer_01721,Female,65,Madurai,Tamil Nadu,Regular,2025-01-30
11722,Customer_01722,Female,57,Siliguri,West Bengal,High Value,2024-10-17
11723,Customer_01723,Male,24,Thiruvananthapuram,Kerala,Regular,2023-12-22
11724,Customer_01724,Female,62,Hubballi,Karnataka,Regular,2023-08-29
11725,Customer_01725,Male,64,Kolkata,West Bengal,Low Value,2023-08-17
11726,Customer_01726,Female,43,Hyderabad,Telangana,Regular,2024-09-12
11727,Customer_01727,Female,48,Hyderabad,Telangana,High Value,2025-07-19
11728,Customer_01728,Female,19,Surat,Gujarat,Regular,2025-05-04
11729,Customer_01729,Female,45,Kanpur,Uttar Pradesh,High Value,2024-06-12
11730,Customer_01730,Female,59,Surat,Gujarat,High Value,2023-09-24
11731,Customer_01731,Female,30,Udaipur,Rajasthan,VIP,2023-08-08
11732,Customer_01732,Male,35,Siliguri,West Bengal,Regular,2024-07-14
11733,Customer_01733,Female,47,Noida,Uttar Pradesh,High Value,2025-11-09
11734,Customer_01734,Male,28,Madurai,Tamil Nadu,Regular,2025-11-26
11735,Customer_01735,Male,30,Mysuru,Karnataka,Low Value,2024-01-17
11736,Customer_01736,Female,41,Siliguri,West Bengal,Regular,2023-02-08
11737,Customer_01737,Female,46,Ahmedabad,Gujarat,VIP,2024-03-04
11738,Customer_01738,Male,22,Pune,Maharashtra,High Value,2025-12-23
11739,Customer_01739,Male,52,Noida,Uttar Pradesh,Regular,2025-03-01
11740,Customer_01740,Male,36,Lucknow,Uttar Pradesh,Low Value,2023-02-01
11741,Customer_01741,Male,30,Bengaluru,Karnataka,VIP,2025-08-02
11742,Customer_01742,Male,22,New Delhi,Delhi,Low Value,2024-06-14
11743,Customer_01743,Female,61,Warangal,Telangana,Regular,2023-04-16
11744,Customer_01744,Male,31,Hyderabad,Telangana,Regular,2024-04-26
11745,Customer_01745,Male,55,Nagpur,Maharashtra,Low Value,2023-07-25
11746,Customer_01746,Male,39,Jaipur,Rajasthan,Regular,2025-04-14
11747,Customer_01747,Other,26,Jodhpur,Rajasthan,Low Value,2023-03-30
11748,Customer_01748,Male,57,Coimbatore,Tamil Nadu,Regular,2025-10-31
11749,Customer_01749,Male,43,Kolkata,West Bengal,Regular,2025-12-08
11750,Customer_01750,Male,62,Thiruvananthapuram,Kerala,Regular,2025-06-14
11751,Customer_01751,Female,22,Delhi,Delhi,Regular,2023-05-23
11752,Customer_01752,Female,46,Ahmedabad,Gujarat,Regular,2023-07-26
11753,Customer_01753,Male,39,Thiruvananthapuram,Kerala,High Value,2024-05-23
11754,Customer_01754,Male,20,Kochi,Kerala,High Value,2023-01-05
11755,Customer_01755,Male,45,Agra,Uttar Pradesh,Regular,2023-07-30
11756,Customer_01756,Female,55,Pune,Maharashtra,Regular,2023-01-29
11757,Customer_01757,Female,31,Hyderabad,Telangana,Low Value,2023-07-07
11758,Customer_01758,Male,64,Madurai,Tamil Nadu,Regular,2024-06-08
11759,Customer_01759,Male,31,Udaipur,Rajasthan,Regular,2025-08-03
11760,Customer_01760,Male,60,Nashik,Maharashtra,High Value,2023-06-06
11761,Customer_01761,Male,28,Lucknow,Uttar Pradesh,Low Value,2023-03-21
11762,Customer_01762,Female,26,Surat,Gujarat,Regular,2024-10-21
11763,Customer_01763,Male,55,Coimbatore,Tamil Nadu,Regular,2024-09-17
11764,Customer_01764,Male,64,Noida,Uttar Pradesh,Regular,2023-08-20
11765,Customer_01765,Male,61,Warangal,Telangana,Regular,2023-06-09
11766,Customer_01766,Female,23,Hyderabad,Telangana,Regular,2023-12-10
11767,Customer_01767,Female,18,Hyderabad,Telangana,Low Value,2023-07-24
11768,Customer_01768,Male,42,Nagpur,Maharashtra,High Value,2025-09-21
11769,Customer_01769,Male,33,Mumbai,Maharashtra,Regular,2025-04-17
11770,Customer_01770,Male,32,Jodhpur,Rajasthan,Low Value,2023-11-01
11771,Customer_01771,Female,51,Jaipur,Rajasthan,Regular,2024-10-31
11772,Customer_01772,Male,34,Surat,Gujarat,Low Value,2024-02-04
11773,Customer_01773,Female,20,Coimbatore,Tamil Nadu,Low Value,2023-04-16
11774,Customer_01774,Female,20,Mangaluru,Karnataka,Regular,2023-12-08
11775,Customer_01775,Female,54,Hubballi,Karnataka,High Value,2025-09-12
11776,Customer_01776,Male,34,Lucknow,Uttar Pradesh,Regular,2025-08-09
11777,Customer_01777,Female,55,Warangal,Telangana,VIP,2023-02-18
11778,Customer_01778,Female,18,Coimbatore,Tamil Nadu,Low Value,2023-07-25
11779,Customer_01779,Male,24,Kochi,Kerala,Low Value,2025-03-01
11780,Customer_01780,Male,43,Nashik,Maharashtra,Regular,2023-08-19
11781,Customer_01781,Male,64,Siliguri,West Bengal,Regular,2025-06-01
11782,Customer_01782,Male,56,Delhi,Delhi,VIP,2024-12-26
11783,Customer_01783,Male,36,Ahmedabad,Gujarat,Regular,2023-10-11
11784,Customer_01784,Female,47,Warangal,Telangana,Regular,2023-10-03
11785,Customer_01785,Male,60,Warangal,Telangana,Low Value,2024-03-08
11786,Customer_01786,Female,31,Hyderabad,Telangana,Regular,2024-09-24
11787,Customer_01787,Male,30,Pune,Maharashtra,Low Value,2023-08-04
11788,Customer_01788,Female,37,Thane,Maharashtra,Regular,2023-04-07
11789,Customer_01789,Male,43,Delhi,Delhi,Regular,2025-08-12
11790,Customer_01790,Female,44,Kochi,Kerala,Regular,2023-12-31
11791,Customer_01791,Male,42,Coimbatore,Tamil Nadu,Low Value,2025-10-04
11792,Customer_01792,Male,26,Warangal,Telangana,Regular,2024-09-09
11793,Customer_01793,Female,58,Mangaluru,Karnataka,Regular,2024-02-01
11794,Customer_01794,Male,65,Jodhpur,Rajasthan,High Value,2024-04-02
11795,Customer_01795,Female,29,Mangaluru,Karnataka,Regular,2023-11-14
11796,Customer_01796,Female,27,Lucknow,Uttar Pradesh,Regular,2024-01-17
11797,Customer_01797,Male,23,Bengaluru,Karnataka,Regular,2023-05-22
11798,Customer_01798,Female,51,Noida,Uttar Pradesh,High Value,2024-04-01
11799,Customer_01799,Female,58,Siliguri,West Bengal,Regular,2024-05-15
11800,Customer_01800,Male,36,Udaipur,Rajasthan,High Value,2023-11-19
11801,Customer_01801,Female,23,Mysuru,Karnataka,Low Value,2025-09-26
11802,Customer_01802,Female,19,Kolkata,West Bengal,Regular,2023-09-25
11803,Customer_01803,Male,32,Surat,Gujarat,Regular,2024-05-01
11804,Customer_01804,Male,34,Coimbatore,Tamil Nadu,High Value,2025-05-27
11805,Customer_01805,Female,33,Kolkata,West Bengal,Regular,2024-11-09
11806,Customer_01806,Male,45,Coimbatore,Tamil Nadu,Regular,2023-01-14
11807,Customer_01807,Male,38,Mysuru,Karnataka,Low Value,2025-09-30
11808,Customer_01808,Male,25,Thiruvananthapuram,Kerala,Regular,2024-12-05
11809,Customer_01809,Female,27,Kolkata,West Bengal,High Value,2023-06-04
11810,Customer_01810,Male,27,Jodhpur,Rajasthan,Regular,2023-04-11
11811,Customer_01811,Male,27,Mysuru,Karnataka,High Value,2024-07-25
11812,Customer_01812,Female,26,Warangal,Telangana,Low Value,2025-12-02
11813,Customer_01813,Male,45,Nagpur,Maharashtra,Low Value,2024-09-12
11814,Customer_01814,Male,41,Siliguri,West Bengal,Regular,2025-10-11
11815,Customer_01815,Other,36,Jaipur,Rajasthan,Regular,2024-04-09
11816,Customer_01816,Female,50,Surat,Gujarat,Low Value,2023-12-17
11817,Customer_01817,Female,21,Hyderabad,Telangana,Regular,2023-08-22
11818,Customer_01818,Male,20,Ahmedabad,Gujarat,Regular,2024-02-07
11819,Customer_01819,Female,59,Mysuru,Karnataka,Low Value,2023-12-17
11820,Customer_01820,Male,29,Mumbai,Maharashtra,Regular,2023-01-28
11821,Customer_01821,Male,35,Kolkata,West Bengal,Regular,2023-09-16
11822,Customer_01822,Male,40,Siliguri,West Bengal,Low Value,2024-09-11
11823,Customer_01823,Male,37,Kochi,Kerala,Regular,2025-05-25
11824,Customer_01824,Female,23,Thiruvananthapuram,Kerala,Regular,2024-06-26
11825,Customer_01825,Male,51,Mangaluru,Karnataka,High Value,2024-03-28
11826,Customer_01826,Female,59,Mysuru,Karnataka,Regular,2024-11-27
11827,Customer_01827,Female,19,Mumbai,Maharashtra,High Value,2024-02-08
11828,Customer_01828,Female,47,Thiruvananthapuram,Kerala,Regular,2025-10-15
11829,Customer_01829,Male,26,Udaipur,Rajasthan,Regular,2025-12-25
11830,Customer_01830,Female,44,Udaipur,Rajasthan,Low Value,2025-06-01
11831,Customer_01831,Male,59,Mumbai,Maharashtra,Regular,2024-07-28
11832,Customer_01832,Male,51,Jodhpur,Rajasthan,Regular,2024-02-27
11833,Customer_01833,Other,57,Kanpur,Uttar Pradesh,Regular,2024-07-02
11834,Customer_01834,Male,41,Coimbatore,Tamil Nadu,Low Value,2024-04-12
11835,Customer_01835,Male,34,Mumbai,Maharashtra,Regular,2023-04-21
11836,Customer_01836,Female,46,Nashik,Maharashtra,Regular,2023-06-02
11837,Customer_01837,Male,53,Delhi,Delhi,Regular,2025-07-05
11838,Customer_01838,Female,29,Warangal,Telangana,Regular,2025-01-31
11839,Customer_01839,Male,48,Hyderabad,Telangana,Regular,2024-12-20
11840,Customer_01840,Male,26,Lucknow,Uttar Pradesh,Regular,2025-05-29
11841,Customer_01841,Male,36,Kozhikode,Kerala,Low Value,2024-11-12
11842,Customer_01842,Male,63,Hubballi,Karnataka,Low Value,2025-02-07
11843,Customer_01843,Male,63,Mangaluru,Karnataka,Low Value,2023-10-06
11844,Customer_01844,Female,34,Ahmedabad,Gujarat,Regular,2023-12-29
11845,Customer_01845,Female,19,Lucknow,Uttar Pradesh,Low Value,2024-08-23
11846,Customer_01846,Female,57,Pune,Maharashtra,Low Value,2023-10-21
11847,Customer_01847,Male,22,Noida,Uttar Pradesh,Regular,2025-05-20
11848,Customer_01848,Female,56,Kanpur,Uttar Pradesh,Regular,2023-03-14
11849,Customer_01849,Female,65,Lucknow,Uttar Pradesh,High Value,2023-09-16
11850,Customer_01850,Female,33,Hyderabad,Telangana,VIP,2023-12-22
11851,Customer_01851,Male,34,Noida,Uttar Pradesh,High Value,2024-07-24
11852,Customer_01852,Female,44,Madurai,Tamil Nadu,VIP,2024-07-26
11853,Customer_01853,Female,24,Mangaluru,Karnataka,Regular,2025-03-27
11854,Customer_01854,Male,25,Surat,Gujarat,Regular,2025-12-29
11855,Customer_01855,Female,25,Chennai,Tamil Nadu,Regular,2024-03-22
11856,Customer_01856,Male,40,Surat,Gujarat,Regular,2025-02-21
11857,Customer_01857,Female,49,Delhi,Delhi,Low Value,2025-06-27
11858,Customer_01858,Female,60,Surat,Gujarat,Low Value,2025-08-01
11859,Customer_01859,Female,64,Mysuru,Karnataka,Regular,2025-06-14
11860,Customer_01860,Male,35,Hubballi,Karnataka,Regular,2025-07-18
11861,Customer_01861,Male,55,Agra,Uttar Pradesh,Regular,2024-09-28
11862,Customer_01862,Female,29,Kolkata,West Bengal,High Value,2025-07-14
11863,Customer_01863,Male,32,Delhi,Delhi,High Value,2024-06-14
11864,Customer_01864,Male,45,Nashik,Maharashtra,Regular,2023-04-29
11865,Customer_01865,Female,55,Jaipur,Rajasthan,Low Value,2023-03-07
11866,Customer_01866,Male,48,Surat,Gujarat,VIP,2023-09-02
11867,Customer_01867,Male,26,Kolkata,West Bengal,High Value,2023-02-26
11868,Customer_01868,Male,25,Agra,Uttar Pradesh,High Value,2025-12-03
11869,Customer_01869,Male,63,Hyderabad,Telangana,Regular,2024-06-07
11870,Customer_01870,Female,36,Nagpur,Maharashtra,Regular,2024-02-28
11871,Customer_01871,Female,25,Thiruvananthapuram,Kerala,Regular,2024-01-30
11872,Customer_01872,Female,51,Siliguri,West Bengal,High Value,2024-03-25
11873,Customer_01873,Female,21,Warangal,Telangana,Regular,2025-08-11
11874,Customer_01874,Female,48,Delhi,Delhi,High Value,2025-02-01
11875,Customer_01875,Female,55,Lucknow,Uttar Pradesh,Regular,2024-03-18
11876,Customer_01876,Male,20,Thane,Maharashtra,High Value,2025-08-24
11877,Customer_01877,Female,52,Mumbai,Maharashtra,Regular,2025-06-10
11878,Customer_01878,Male,36,Nashik,Maharashtra,Regular,2024-06-17
11879,Customer_01879,Female,60,Delhi,Delhi,Regular,2023-06-06
11880,Customer_01880,Female,46,Vadodara,Gujarat,Regular,2023-03-30
11881,Customer_01881,Male,27,Thiruvananthapuram,Kerala,Regular,2023-07-21
11882,Customer_01882,Female,29,New Delhi,Delhi,High Value,2025-09-06
11883,Customer_01883,Male,63,Udaipur,Rajasthan,Regular,2024-04-06
11884,Customer_01884,Female,47,Kozhikode,Kerala,Regular,2024-12-09
11885,Customer_01885,Male,47,Mysuru,Karnataka,Regular,2024-03-29
11886,Customer_01886,Female,35,Kanpur,Uttar Pradesh,Regular,2024-01-15
11887,Customer_01887,Male,41,New Delhi,Delhi,Low Value,2024-02-05
11888,Customer_01888,Male,49,Warangal,Telangana,Regular,2024-07-04
11889,Customer_01889,Male,26,Kochi,Kerala,High Value,2025-07-24
11890,Customer_01890,Male,64,Udaipur,Rajasthan,Regular,2025-10-09
11891,Customer_01891,Male,41,Bengaluru,Karnataka,High Value,2025-09-04
11892,Customer_01892,Female,43,Ahmedabad,Gujarat,Regular,2024-10-22
11893,Customer_01893,Male,20,Warangal,Telangana,Regular,2025-06-21
11894,Customer_01894,Male,40,Thiruvananthapuram,Kerala,High Value,2024-03-20
11895,Customer_01895,Male,28,Lucknow,Uttar Pradesh,Low Value,2023-02-21
11896,Customer_01896,Female,27,Warangal,Telangana,Regular,2023-11-25
11897,Customer_01897,Female,53,Bengaluru,Karnataka,Regular,2025-02-08
11898,Customer_01898,Female,30,Warangal,Telangana,VIP,2024-05-12
11899,Customer_01899,Female,46,Coimbatore,Tamil Nadu,Regular,2023-05-05
11900,Customer_01900,Male,55,Siliguri,West Bengal,Low Value,2023-07-23
11901,Customer_01901,Male,30,Ahmedabad,Gujarat,Regular,2025-02-06
11902,Customer_01902,Male,43,Mangaluru,Karnataka,Low Value,2024-10-04
11903,Customer_01903,Female,37,Hyderabad,Telangana,High Value,2025-11-10
11904,Customer_01904,Other,22,Kolkata,West Bengal,Regular,2024-08-12
11905,Customer_01905,Female,37,Siliguri,West Bengal,Regular,2023-12-28
11906,Customer_01906,Male,31,Warangal,Telangana,Regular,2023-12-27
11907,Customer_01907,Male,62,Kanpur,Uttar Pradesh,High Value,2023-02-24
11908,Customer_01908,Male,31,Coimbatore,Tamil Nadu,Regular,2023-10-19
11909,Customer_01909,Female,25,Delhi,Delhi,Regular,2025-12-10
11910,Customer_01910,Male,65,Madurai,Tamil Nadu,Regular,2025-04-21
11911,Customer_01911,Female,30,Warangal,Telangana,Regular,2025-02-23
11912,Customer_01912,Male,41,Surat,Gujarat,Regular,2023-09-11
11913,Customer_01913,Female,32,New Delhi,Delhi,Regular,2024-05-06
11914,Customer_01914,Female,18,Hubballi,Karnataka,High Value,2025-09-11
11915,Customer_01915,Female,39,Coimbatore,Tamil Nadu,Regular,2024-07-26
11916,Customer_01916,Female,51,Hyderabad,Telangana,Regular,2025-05-08
11917,Customer_01917,Female,57,Chennai,Tamil Nadu,Low Value,2025-09-19
11918,Customer_01918,Female,20,Delhi,Delhi,VIP,2025-08-18
11919,Customer_01919,Female,43,Udaipur,Rajasthan,Regular,2023-08-13
11920,Customer_01920,Female,31,Kozhikode,Kerala,Regular,2023-04-13
11921,Customer_01921,Other,58,Chennai,Tamil Nadu,High Value,2025-08-27
11922,Customer_01922,Female,25,Mangaluru,Karnataka,Regular,2025-12-07
11923,Customer_01923,Female,33,Mysuru,Karnataka,Regular,2025-01-06
11924,Customer_01924,Female,59,Pune,Maharashtra,VIP,2023-08-21
11925,Customer_01925,Male,38,Madurai,Tamil Nadu,Regular,2023-08-16
11926,Customer_01926,Male,27,Thiruvananthapuram,Kerala,Low Value,2025-10-03
11927,Customer_01927,Male,42,Agra,Uttar Pradesh,Low Value,2024-06-05
11928,Customer_01928,Female,55,Kolkata,West Bengal,High Value,2023-01-13
11929,Customer_01929,Female,39,Kozhikode,Kerala,Regular,2024-03-20
11930,Customer_01930,Male,65,Kolkata,West Bengal,Regular,2023-12-06
11931,Customer_01931,Female,64,Kolkata,West Bengal,Regular,2024-08-20
11932,Customer_01932,Female,63,Jaipur,Rajasthan,Regular,2023-06-06
11933,Customer_01933,Male,21,Nagpur,Maharashtra,Regular,2024-10-17
11934,Customer_01934,Female,21,Thiruvananthapuram,Kerala,VIP,2025-09-29
11935,Customer_01935,Female,47,Kochi,Kerala,Low Value,2025-03-08
11936,Customer_01936,Male,19,Jaipur,Rajasthan,Low Value,2024-05-05
11937,Customer_01937,Female,46,Chennai,Tamil Nadu,Regular,2025-04-14
11938,Customer_01938,Female,60,Coimbatore,Tamil Nadu,Regular,2025-08-09
11939,Customer_01939,Male,53,Coimbatore,Tamil Nadu,Regular,2023-12-23
11940,Customer_01940,Male,38,Vadodara,Gujarat,Regular,2024-12-17
11941,Customer_01941,Other,38,Siliguri,West Bengal,Regular,2023-12-28
11942,Customer_01942,Male,65,Vadodara,Gujarat,Low Value,2023-01-08
11943,Customer_01943,Male,38,Nashik,Maharashtra,High Value,2024-04-16
11944,Customer_01944,Male,21,Jodhpur,Rajasthan,Regular,2023-06-21
11945,Customer_01945,Female,18,Kozhikode,Kerala,Regular,2023-04-06
11946,Customer_01946,Female,43,Kolkata,West Bengal,Regular,2024-11-04
11947,Customer_01947,Female,19,Ahmedabad,Gujarat,Regular,2024-08-30
11948,Customer_01948,Male,26,Surat,Gujarat,Regular,2024-04-18
11949,Customer_01949,Female,62,Hyderabad,Telangana,Low Value,2024-09-05
11950,Customer_01950,Male,35,Vadodara,Gujarat,Regular,2024-11-19
11951,Customer_01951,Male,65,Agra,Uttar Pradesh,Regular,2025-06-16
11952,Customer_01952,Male,65,Thiruvananthapuram,Kerala,High Value,2023-04-20
11953,Customer_01953,Male,59,Lucknow,Uttar Pradesh,Regular,2024-12-10
11954,Customer_01954,Female,58,Kochi,Kerala,Regular,2025-08-22
11955,Customer_01955,Female,28,Jodhpur,Rajasthan,Regular,2025-05-20
11956,Customer_01956,Male,42,Kochi,Kerala,High Value,2024-10-10
11957,Customer_01957,Female,43,Lucknow,Uttar Pradesh,High Value,2023-12-15
11958,Customer_01958,Female,53,Kochi,Kerala,Regular,2024-04-07
11959,Customer_01959,Female,59,Jaipur,Rajasthan,Regular,2025-06-03
11960,Customer_01960,Male,52,Jaipur,Rajasthan,Regular,2023-09-03
11961,Customer_01961,Female,55,Nagpur,Maharashtra,Regular,2025-03-08
11962,Customer_01962,Male,20,Kozhikode,Kerala,Regular,2025-05-19
11963,Customer_01963,Female,58,Warangal,Telangana,Regular,2025-12-26
11964,Customer_01964,Male,52,Chennai,Tamil Nadu,Regular,2025-12-09
11965,Customer_01965,Female,57,Mangaluru,Karnataka,High Value,2025-03-26
11966,Customer_01966,Male,39,Jodhpur,Rajasthan,Regular,2024-05-29
11967,Customer_01967,Male,25,Delhi,Delhi,Regular,2023-08-14
11968,Customer_01968,Female,32,Coimbatore,Tamil Nadu,Regular,2024-07-31
11969,Customer_01969,Female,62,Kolkata,West Bengal,Low Value,2024-05-20
11970,Customer_01970,Female,24,Kozhikode,Kerala,High Value,2023-06-04
11971,Customer_01971,Female,36,Agra,Uttar Pradesh,Low Value,2023-04-21
11972,Customer_01972,Male,57,Hubballi,Karnataka,Regular,2024-04-27
11973,Customer_01973,Female,59,Delhi,Delhi,Regular,2025-03-18
11974,Customer_01974,Male,34,Madurai,Tamil Nadu,Low Value,2023-10-01
11975,Customer_01975,Male,18,Kochi,Kerala,Low Value,2023-06-04
11976,Customer_01976,Female,62,Pune,Maharashtra,Regular,2025-11-08
11977,Customer_01977,Female,46,Kolkata,West Bengal,Regular,2023-12-11
11978,Customer_01978,Female,30,Hubballi,Karnataka,Regular,2025-01-04
11979,Customer_01979,Female,65,Warangal,Telangana,Regular,2024-07-22
11980,Customer_01980,Female,46,Pune,Maharashtra,VIP,2023-10-21
11981,Customer_01981,Male,58,New Delhi,Delhi,High Value,2024-10-06
11982,Customer_01982,Male,59,Hubballi,Karnataka,Low Value,2023-12-04
11983,Customer_01983,Female,23,Mumbai,Maharashtra,VIP,2024-03-27
11984,Customer_01984,Male,22,Siliguri,West Bengal,High Value,2023-12-10
11985,Customer_01985,Male,51,Hyderabad,Telangana,Regular,2024-12-17
11986,Customer_01986,Male,28,Nashik,Maharashtra,VIP,2024-09-22
11987,Customer_01987,Female,26,Ahmedabad,Gujarat,Regular,2025-02-03
11988,Customer_01988,Male,55,Warangal,Telangana,Regular,2023-03-26
11989,Customer_01989,Female,57,Delhi,Delhi,Regular,2025-01-06
11990,Customer_01990,Female,58,Siliguri,West Bengal,Regular,2024-10-21
11991,Customer_01991,Male,26,Kozhikode,Kerala,Regular,2023-08-15
11992,Customer_01992,Female,25,Lucknow,Uttar Pradesh,Regular,2023-04-19
11993,Customer_01993,Female,61,Noida,Uttar Pradesh,Regular,2023-05-15
11994,Customer_01994,Female,57,Noida,Uttar Pradesh,Regular,2025-07-26
11995,Customer_01995,Female,20,Mysuru,Karnataka,Regular,2023-10-18
11996,Customer_01996,Male,30,New Delhi,Delhi,Low Value,2025-04-01
11997,Customer_01997,Female,36,Kolkata,West Bengal,Regular,2025-11-18
11998,Customer_01998,Male,51,Warangal,Telangana,Regular,2024-01-29
11999,Customer_01999,Female,49,Bengaluru,Karnataka,VIP,2023-01-27
12000,Customer_02000,Female,33,Delhi,Delhi,Regular,2023-01-13
12001,Customer_02001,Female,53,Thiruvananthapuram,Kerala,VIP,2024-07-07
12002,Customer_02002,Male,35,Surat,Gujarat,Regular,2025-07-21
12003,Customer_02003,Male,31,Kolkata,West Bengal,Low Value,2024-03-20
12004,Customer_02004,Male,47,Noida,Uttar Pradesh,Regular,2023-08-12
12005,Customer_02005,Male,19,Nashik,Maharashtra,Regular,2023-01-21
12006,Customer_02006,Male,30,Kolkata,West Bengal,Regular,2024-04-11
12007,Customer_02007,Female,44,Jaipur,Rajasthan,Regular,2024-10-14
12008,Customer_02008,Male,34,New Delhi,Delhi,Regular,2024-09-09
12009,Customer_02009,Female,48,Chennai,Tamil Nadu,Regular,2025-02-18
12010,Customer_02010,Male,32,Kochi,Kerala,High Value,2024-04-02
12011,Customer_02011,Female,37,Vadodara,Gujarat,Low Value,2024-10-01
12012,Customer_02012,Female,22,Thiruvananthapuram,Kerala,High Value,2024-10-24
12013,Customer_02013,Female,24,Kolkata,West Bengal,Low Value,2025-08-18
12014,Customer_02014,Female,35,Chennai,Tamil Nadu,VIP,2023-06-29
12015,Customer_02015,Male,28,Jodhpur,Rajasthan,Regular,2024-06-21
12016,Customer_02016,Female,49,Warangal,Telangana,High Value,2024-06-10
12017,Customer_02017,Male,44,Thane,Maharashtra,VIP,2023-01-22
12018,Customer_02018,Male,43,Chennai,Tamil Nadu,Regular,2024-07-30
12019,Customer_02019,Female,54,New Delhi,Delhi,Regular,2025-02-01
12020,Customer_02020,Female,62,Noida,Uttar Pradesh,Regular,2025-07-10
12021,Customer_02021,Female,45,Jodhpur,Rajasthan,Regular,2025-11-10
12022,Customer_02022,Male,19,Pune,Maharashtra,Regular,2025-01-14
12023,Customer_02023,Male,37,Surat,Gujarat,Regular,2024-11-02
12024,Customer_02024,Male,21,Agra,Uttar Pradesh,Regular,2024-09-28
12025,Customer_02025,Male,30,Kolkata,West Bengal,Regular,2025-10-20
12026,Customer_02026,Male,41,Coimbatore,Tamil Nadu,Regular,2023-06-01
12027,Customer_02027,Male,65,Nashik,Maharashtra,High Value,2023-01-13
12028,Customer_02028,Male,55,Bengaluru,Karnataka,Regular,2024-12-15
12029,Customer_02029,Female,57,Hyderabad,Telangana,Regular,2025-06-24
12030,Customer_02030,Male,65,Warangal,Telangana,Regular,2023-09-06
12031,Customer_02031,Female,62,Udaipur,Rajasthan,High Value,2024-01-22
12032,Customer_02032,Male,46,Ahmedabad,Gujarat,Regular,2024-03-14
12033,Customer_02033,Female,53,Jodhpur,Rajasthan,Regular,2023-10-27
12034,Customer_02034,Male,19,Bengaluru,Karnataka,Regular,2024-12-21
12035,Customer_02035,Male,58,New Delhi,Delhi,High Value,2024-04-17
12036,Customer_02036,Female,35,Ahmedabad,Gujarat,Low Value,2025-10-03
12037,Customer_02037,Male,25,Thiruvananthapuram,Kerala,Regular,2024-09-24
12038,Customer_02038,Female,32,New Delhi,Delhi,Regular,2024-02-25
12039,Customer_02039,Male,58,Vadodara,Gujarat,High Value,2025-08-13
12040,Customer_02040,Other,34,Surat,Gujarat,Low Value,2025-08-30
12041,Customer_02041,Male,40,Mangaluru,Karnataka,High Value,2023-01-24
12042,Customer_02042,Male,19,Kolkata,West Bengal,Regular,2024-06-21
12043,Customer_02043,Female,23,Mangaluru,Karnataka,Low Value,2025-02-15
12044,Customer_02044,Male,46,Surat,Gujarat,Regular,2024-09-29
12045,Customer_02045,Female,44,Mumbai,Maharashtra,Low Value,2024-06-23
12046,Customer_02046,Male,54,Delhi,Delhi,Regular,2025-06-21
12047,Customer_02047,Female,51,Hubballi,Karnataka,High Value,2024-02-25
12048,Customer_02048,Male,35,Kolkata,West Bengal,High Value,2024-04-28
12049,Customer_02049,Female,59,Chennai,Tamil Nadu,Regular,2025-10-25
12050,Customer_02050,Female,27,Jodhpur,Rajasthan,VIP,2023-06-06
12051,Customer_02051,Male,55,Ahmedabad,Gujarat,Regular,2023-02-21
12052,Customer_02052,Male,61,Thiruvananthapuram,Kerala,Regular,2023-08-31
12053,Customer_02053,Male,34,Madurai,Tamil Nadu,Low Value,2025-02-12
12054,Customer_02054,Female,30,Warangal,Telangana,Regular,2024-02-24
12055,Customer_02055,Male,65,Noida,Uttar Pradesh,Regular,2024-02-29
12056,Customer_02056,Male,59,Siliguri,West Bengal,Low Value,2023-03-21
12057,Customer_02057,Male,44,Kochi,Kerala,High Value,2024-11-25
12058,Customer_02058,Male,19,Noida,Uttar Pradesh,Regular,2023-12-20
12059,Customer_02059,Female,51,Siliguri,West Bengal,Regular,2023-10-20
12060,Customer_02060,Female,48,Mumbai,Maharashtra,High Value,2024-12-17
12061,Customer_02061,Female,40,Jodhpur,Rajasthan,Regular,2024-06-12
12062,Customer_02062,Female,24,Coimbatore,Tamil Nadu,Regular,2024-04-24
12063,Customer_02063,Female,55,New Delhi,Delhi,Regular,2024-04-21
12064,Customer_02064,Male,50,Siliguri,West Bengal,Regular,2023-01-25
12065,Customer_02065,Male,29,New Delhi,Delhi,Regular,2024-03-06
12066,Customer_02066,Female,62,Jodhpur,Rajasthan,Regular,2023-11-13
12067,Customer_02067,Female,29,Vadodara,Gujarat,High Value,2024-09-29
12068,Customer_02068,Female,36,Warangal,Telangana,Regular,2023-12-24
12069,Customer_02069,Male,26,Coimbatore,Tamil Nadu,Low Value,2024-11-20
12070,Customer_02070,Male,27,Udaipur,Rajasthan,Low Value,2023-12-10
12071,Customer_02071,Male,34,Jodhpur,Rajasthan,Regular,2024-07-12
12072,Customer_02072,Female,57,Pune,Maharashtra,Regular,2024-12-12
12073,Customer_02073,Female,56,Lucknow,Uttar Pradesh,Low Value,2024-07-16
12074,Customer_02074,Female,58,Warangal,Telangana,Regular,2024-03-14
12075,Customer_02075,Male,27,Coimbatore,Tamil Nadu,Regular,2025-11-10
12076,Customer_02076,Female,29,Vadodara,Gujarat,High Value,2023-05-23
12077,Customer_02077,Male,32,Surat,Gujarat,Low Value,2025-05-17
12078,Customer_02078,Male,48,Hubballi,Karnataka,Regular,2023-12-19
12079,Customer_02079,Female,32,Jaipur,Rajasthan,Regular,2025-10-13
12080,Customer_02080,Male,45,Kolkata,West Bengal,VIP,2024-04-12
12081,Customer_02081,Male,21,Mumbai,Maharashtra,Regular,2025-05-26
12082,Customer_02082,Female,53,Warangal,Telangana,Regular,2025-07-07
12083,Customer_02083,Female,18,Vadodara,Gujarat,Regular,2025-12-17
12084,Customer_02084,Male,61,Madurai,Tamil Nadu,Regular,2025-04-20
12085,Customer_02085,Female,51,Mysuru,Karnataka,Regular,2025-05-27
12086,Customer_02086,Male,64,Chennai,Tamil Nadu,High Value,2023-02-21
12087,Customer_02087,Female,34,Nagpur,Maharashtra,Regular,2025-10-08
12088,Customer_02088,Female,56,Kolkata,West Bengal,High Value,2025-03-24
12089,Customer_02089,Female,55,Mysuru,Karnataka,Regular,2023-09-26
12090,Customer_02090,Female,61,Mangaluru,Karnataka,High Value,2023-04-06
12091,Customer_02091,Male,50,Agra,Uttar Pradesh,High Value,2023-09-30
12092,Customer_02092,Male,38,Hyderabad,Telangana,VIP,2023-05-13
12093,Customer_02093,Male,43,Hubballi,Karnataka,Low Value,2025-07-16
12094,Customer_02094,Male,63,Noida,Uttar Pradesh,Regular,2023-03-30
12095,Customer_02095,Female,53,Agra,Uttar Pradesh,Regular,2024-11-15
12096,Customer_02096,Male,22,Mumbai,Maharashtra,Regular,2025-04-03
12097,Customer_02097,Male,50,New Delhi,Delhi,Regular,2023-01-05
12098,Customer_02098,Male,18,Chennai,Tamil Nadu,Low Value,2023-12-23
12099,Customer_02099,Female,23,Kolkata,West Bengal,High Value,2023-07-23
12100,Customer_02100,Male,54,Kozhikode,Kerala,Regular,2024-04-15
12101,Customer_02101,Female,19,Coimbatore,Tamil Nadu,Low Value,2024-04-08
12102,Customer_02102,Male,22,Hubballi,Karnataka,Regular,2024-05-11
12103,Customer_02103,Male,43,Siliguri,West Bengal,VIP,2024-12-02
12104,Customer_02104,Male,58,Vadodara,Gujarat,High Value,2025-04-16
12105,Customer_02105,Female,64,Delhi,Delhi,VIP,2023-03-04
12106,Customer_02106,Female,30,Ahmedabad,Gujarat,Low Value,2023-08-27
12107,Customer_02107,Female,29,Surat,Gujarat,Regular,2024-06-23
12108,Customer_02108,Male,22,Warangal,Telangana,Low Value,2023-07-17
12109,Customer_02109,Male,19,Chennai,Tamil Nadu,Low Value,2025-02-19
12110,Customer_02110,Female,21,Thiruvananthapuram,Kerala,Regular,2023-01-30
12111,Customer_02111,Male,44,Nashik,Maharashtra,VIP,2024-10-27
12112,Customer_02112,Female,27,Kochi,Kerala,High Value,2025-12-22
12113,Customer_02113,Female,30,Vadodara,Gujarat,Regular,2025-12-16
12114,Customer_02114,Male,61,Bengaluru,Karnataka,Regular,2024-08-22
12115,Customer_02115,Female,19,Delhi,Delhi,Regular,2025-10-14
12116,Customer_02116,Male,43,Jodhpur,Rajasthan,Regular,2024-09-11
12117,Customer_02117,Male,32,Kozhikode,Kerala,Low Value,2025-12-05
12118,Customer_02118,Male,63,Surat,Gujarat,Regular,2023-03-18
12119,Customer_02119,Female,27,New Delhi,Delhi,Regular,2024-12-29
12120,Customer_02120,Male,39,Siliguri,West Bengal,Low Value,2025-03-24
12121,Customer_02121,Female,57,Chennai,Tamil Nadu,High Value,2024-12-08
12122,Customer_02122,Female,42,Agra,Uttar Pradesh,High Value,2023-09-25
12123,Customer_02123,Female,32,Hyderabad,Telangana,High Value,2025-02-03
12124,Customer_02124,Female,30,New Delhi,Delhi,High Value,2024-08-07
12125,Customer_02125,Male,25,Hubballi,Karnataka,Regular,2024-02-23
12126,Customer_02126,Male,38,Hubballi,Karnataka,Regular,2025-05-19
12127,Customer_02127,Male,38,New Delhi,Delhi,Regular,2025-12-17
12128,Customer_02128,Female,39,Bengaluru,Karnataka,Low Value,2024-01-19
12129,Customer_02129,Other,63,Madurai,Tamil Nadu,High Value,2025-03-13
12130,Customer_02130,Female,50,Bengaluru,Karnataka,Regular,2024-05-24
12131,Customer_02131,Female,62,Thiruvananthapuram,Kerala,High Value,2024-03-05
12132,Customer_02132,Female,44,Lucknow,Uttar Pradesh,Regular,2024-07-31
12133,Customer_02133,Male,57,Bengaluru,Karnataka,Regular,2025-07-28
12134,Customer_02134,Female,39,Kanpur,Uttar Pradesh,Low Value,2025-11-15
12135,Customer_02135,Female,47,Surat,Gujarat,Regular,2024-08-11
12136,Customer_02136,Male,26,Thane,Maharashtra,VIP,2025-03-08
12137,Customer_02137,Female,62,Coimbatore,Tamil Nadu,Regular,2024-01-07
12138,Customer_02138,Male,52,Nashik,Maharashtra,High Value,2025-07-16
12139,Customer_02139,Female,35,Vadodara,Gujarat,High Value,2025-11-25
12140,Customer_02140,Female,59,Chennai,Tamil Nadu,Regular,2025-11-08
12141,Customer_02141,Female,22,Delhi,Delhi,VIP,2023-05-20
12142,Customer_02142,Male,44,New Delhi,Delhi,Regular,2023-03-08
12143,Customer_02143,Female,23,Lucknow,Uttar Pradesh,Regular,2025-10-11
12144,Customer_02144,Female,49,Ahmedabad,Gujarat,Regular,2023-09-18
12145,Customer_02145,Male,25,Agra,Uttar Pradesh,VIP,2025-08-31
12146,Customer_02146,Female,56,Hyderabad,Telangana,Low Value,2024-09-18
12147,Customer_02147,Female,38,Mysuru,Karnataka,Regular,2024-08-01
12148,Customer_02148,Female,35,Udaipur,Rajasthan,Regular,2025-10-18
12149,Customer_02149,Male,31,Hyderabad,Telangana,Regular,2024-09-30
12150,Customer_02150,Male,32,Mangaluru,Karnataka,Regular,2024-02-14
12151,Customer_02151,Female,59,Coimbatore,Tamil Nadu,Regular,2025-04-12
12152,Customer_02152,Male,43,Agra,Uttar Pradesh,Regular,2023-04-23
12153,Customer_02153,Male,61,Coimbatore,Tamil Nadu,VIP,2024-09-14
12154,Customer_02154,Female,49,Chennai,Tamil Nadu,Regular,2025-03-31
12155,Customer_02155,Female,56,Bengaluru,Karnataka,Low Value,2025-04-19
12156,Customer_02156,Female,45,Vadodara,Gujarat,Regular,2023-07-08
12157,Customer_02157,Male,56,Bengaluru,Karnataka,High Value,2023-10-04
12158,Customer_02158,Male,60,Siliguri,West Bengal,Regular,2023-04-13
12159,Customer_02159,Male,49,Delhi,Delhi,Low Value,2023-04-17
12160,Customer_02160,Male,30,Delhi,Delhi,Regular,2025-01-26
12161,Customer_02161,Female,32,Warangal,Telangana,High Value,2023-06-22
12162,Customer_02162,Female,35,New Delhi,Delhi,Low Value,2025-09-25
12163,Customer_02163,Female,56,Hubballi,Karnataka,Regular,2024-12-22
12164,Customer_02164,Male,23,Kozhikode,Kerala,Regular,2025-04-10
12165,Customer_02165,Female,28,Lucknow,Uttar Pradesh,Regular,2023-08-13
12166,Customer_02166,Male,49,Hubballi,Karnataka,Low Value,2023-05-14
12167,Customer_02167,Male,57,Bengaluru,Karnataka,Low Value,2025-11-26
12168,Customer_02168,Female,37,Jaipur,Rajasthan,Low Value,2023-04-03
12169,Customer_02169,Female,50,Kanpur,Uttar Pradesh,VIP,2023-03-16
12170,Customer_02170,Female,57,Siliguri,West Bengal,Low Value,2025-01-25
12171,Customer_02171,Male,25,New Delhi,Delhi,VIP,2023-07-02
12172,Customer_02172,Female,52,Noida,Uttar Pradesh,Regular,2024-12-17
12173,Customer_02173,Female,22,New Delhi,Delhi,Regular,2024-04-03
12174,Customer_02174,Female,52,Hyderabad,Telangana,Regular,2024-09-18
12175,Customer_02175,Male,64,Lucknow,Uttar Pradesh,Regular,2024-02-13
12176,Customer_02176,Female,31,New Delhi,Delhi,Regular,2023-07-26
12177,Customer_02177,Female,38,Kolkata,West Bengal,Low Value,2024-11-03
12178,Customer_02178,Female,64,Pune,Maharashtra,High Value,2025-10-09
12179,Customer_02179,Male,41,Chennai,Tamil Nadu,Regular,2025-01-17
12180,Customer_02180,Male,34,Coimbatore,Tamil Nadu,Low Value,2023-09-30
12181,Customer_02181,Male,35,Kolkata,West Bengal,VIP,2024-01-14
12182,Customer_02182,Male,51,Jaipur,Rajasthan,Regular,2024-09-17
12183,Customer_02183,Female,29,Nagpur,Maharashtra,Regular,2024-10-25
12184,Customer_02184,Male,33,Hyderabad,Telangana,Regular,2025-11-15
12185,Customer_02185,Male,21,Kolkata,West Bengal,Regular,2024-11-10
12186,Customer_02186,Male,42,Coimbatore,Tamil Nadu,High Value,2024-06-27
12187,Customer_02187,Male,51,Chennai,Tamil Nadu,Low Value,2025-01-02
12188,Customer_02188,Male,45,Chennai,Tamil Nadu,High Value,2023-04-01
12189,Customer_02189,Female,63,Surat,Gujarat,Regular,2024-04-20
12190,Customer_02190,Female,28,Siliguri,West Bengal,VIP,2024-12-26
12191,Customer_02191,Male,30,Bengaluru,Karnataka,Regular,2024-06-17
12192,Customer_02192,Male,48,Warangal,Telangana,Regular,2024-11-28
12193,Customer_02193,Male,42,Chennai,Tamil Nadu,Low Value,2025-05-29
12194,Customer_02194,Male,56,New Delhi,Delhi,Regular,2023-03-26
12195,Customer_02195,Female,27,Kolkata,West Bengal,Regular,2024-08-14
12196,Customer_02196,Female,41,Surat,Gujarat,Low Value,2025-04-20
12197,Customer_02197,Female,18,Siliguri,West Bengal,Regular,2023-03-18
12198,Customer_02198,Female,42,Warangal,Telangana,Regular,2023-11-26
12199,Customer_02199,Male,45,Vadodara,Gujarat,Regular,2024-01-18
12200,Customer_02200,Female,53,Warangal,Telangana,Regular,2024-01-12
12201,Customer_02201,Female,35,Kolkata,West Bengal,Low Value,2023-12-07
12202,Customer_02202,Female,23,Bengaluru,Karnataka,High Value,2024-02-28
12203,Customer_02203,Male,19,Hyderabad,Telangana,Regular,2023-06-23
12204,Customer_02204,Female,20,Surat,Gujarat,Regular,2024-02-10
12205,Customer_02205,Female,63,Vadodara,Gujarat,Low Value,2023-03-23
12206,Customer_02206,Female,25,Hyderabad,Telangana,Low Value,2023-01-21
12207,Customer_02207,Male,48,Kozhikode,Kerala,Regular,2024-11-21
12208,Customer_02208,Female,65,Siliguri,West Bengal,Regular,2025-10-06
12209,Customer_02209,Female,36,Thiruvananthapuram,Kerala,Regular,2024-02-02
12210,Customer_02210,Female,23,Jodhpur,Rajasthan,Regular,2023-11-26
12211,Customer_02211,Female,31,Siliguri,West Bengal,Low Value,2023-08-13
12212,Customer_02212,Female,20,Warangal,Telangana,Low Value,2025-02-19
12213,Customer_02213,Male,65,Mumbai,Maharashtra,Low Value,2025-06-12
12214,Customer_02214,Female,18,Warangal,Telangana,High Value,2024-03-13
12215,Customer_02215,Male,61,Kochi,Kerala,Low Value,2023-08-11
12216,Customer_02216,Female,47,Hubballi,Karnataka,Low Value,2024-05-23
12217,Customer_02217,Male,63,Hyderabad,Telangana,Regular,2024-09-08
12218,Customer_02218,Female,36,Warangal,Telangana,Regular,2025-12-01
12219,Customer_02219,Female,36,Mangaluru,Karnataka,Regular,2025-08-16
12220,Customer_02220,Female,26,Warangal,Telangana,Regular,2024-08-26
12221,Customer_02221,Female,24,Chennai,Tamil Nadu,Low Value,2025-10-31
12222,Customer_02222,Female,63,Thane,Maharashtra,Regular,2023-06-01
12223,Customer_02223,Female,54,New Delhi,Delhi,Regular,2023-07-08
12224,Customer_02224,Male,58,Mumbai,Maharashtra,Regular,2025-08-17
12225,Customer_02225,Male,24,Hyderabad,Telangana,Regular,2024-11-06
12226,Customer_02226,Male,26,Chennai,Tamil Nadu,Low Value,2024-09-29
12227,Customer_02227,Male,21,Kolkata,West Bengal,Regular,2023-07-30
12228,Customer_02228,Female,42,Warangal,Telangana,Regular,2023-12-05
12229,Customer_02229,Female,29,Kochi,Kerala,High Value,2023-02-16
12230,Customer_02230,Female,23,Madurai,Tamil Nadu,Regular,2025-03-30
12231,Customer_02231,Male,35,Bengaluru,Karnataka,Regular,2025-09-01
12232,Customer_02232,Male,57,Madurai,Tamil Nadu,Low Value,2025-12-16
12233,Customer_02233,Female,38,Bengaluru,Karnataka,Regular,2025-04-16
12234,Customer_02234,Female,32,Jodhpur,Rajasthan,Regular,2025-08-09
12235,Customer_02235,Male,20,New Delhi,Delhi,High Value,2024-08-20
12236,Customer_02236,Female,19,Noida,Uttar Pradesh,Regular,2023-06-19
12237,Customer_02237,Female,58,Chennai,Tamil Nadu,Low Value,2025-04-18
12238,Customer_02238,Male,57,Vadodara,Gujarat,Regular,2025-11-22
12239,Customer_02239,Female,21,Kochi,Kerala,Regular,2025-03-06
12240,Customer_02240,Male,49,Warangal,Telangana,Regular,2025-08-16
12241,Customer_02241,Female,19,Kochi,Kerala,High Value,2025-03-25
12242,Customer_02242,Male,63,Nagpur,Maharashtra,Regular,2023-12-08
12243,Customer_02243,Male,46,Lucknow,Uttar Pradesh,Regular,2023-02-17
12244,Customer_02244,Female,19,Thane,Maharashtra,Regular,2023-12-30
12245,Customer_02245,Male,51,Jaipur,Rajasthan,Low Value,2024-12-25
12246,Customer_02246,Female,44,Kanpur,Uttar Pradesh,Regular,2023-05-18
12247,Customer_02247,Male,56,Lucknow,Uttar Pradesh,Regular,2023-12-21
12248,Customer_02248,Male,61,Mumbai,Maharashtra,Low Value,2025-12-29
12249,Customer_02249,Male,55,Bengaluru,Karnataka,Low Value,2025-03-21
12250,Customer_02250,Female,35,Pune,Maharashtra,Regular,2024-12-12
12251,Customer_02251,Female,53,Kozhikode,Kerala,High Value,2023-02-28
12252,Customer_02252,Male,36,Mangaluru,Karnataka,Regular,2025-02-09
12253,Customer_02253,Female,44,Kozhikode,Kerala,Regular,2024-01-24
12254,Customer_02254,Female,62,Udaipur,Rajasthan,VIP,2025-04-25
12255,Customer_02255,Female,37,Hyderabad,Telangana,VIP,2025-05-18
12256,Customer_02256,Female,38,Siliguri,West Bengal,VIP,2023-12-05
12257,Customer_02257,Female,40,Mysuru,Karnataka,Regular,2025-01-26
12258,Customer_02258,Male,47,Jodhpur,Rajasthan,Regular,2024-08-18
12259,Customer_02259,Male,42,Ahmedabad,Gujarat,Regular,2024-03-11
12260,Customer_02260,Male,48,Jaipur,Rajasthan,High Value,2024-01-12
12261,Customer_02261,Male,44,Nagpur,Maharashtra,Regular,2024-01-26
12262,Customer_02262,Male,51,Pune,Maharashtra,Regular,2024-04-25
12263,Customer_02263,Female,25,Kolkata,West Bengal,Regular,2025-03-31
12264,Customer_02264,Male,36,Udaipur,Rajasthan,Regular,2023-04-24
12265,Customer_02265,Male,58,Delhi,Delhi,Regular,2025-02-12
12266,Customer_02266,Female,43,Hyderabad,Telangana,Regular,2023-06-21
12267,Customer_02267,Male,45,Mumbai,Maharashtra,Regular,2023-01-18
12268,Customer_02268,Male,21,Kolkata,West Bengal,Regular,2023-08-23
12269,Customer_02269,Male,48,Hyderabad,Telangana,Regular,2024-12-23
12270,Customer_02270,Female,33,Udaipur,Rajasthan,High Value,2023-10-08
12271,Customer_02271,Male,27,Jaipur,Rajasthan,High Value,2025-04-10
12272,Customer_02272,Male,55,Noida,Uttar Pradesh,Regular,2024-02-22
12273,Customer_02273,Female,65,Kolkata,West Bengal,Regular,2023-10-11
12274,Customer_02274,Female,27,Mumbai,Maharashtra,High Value,2024-08-07
12275,Customer_02275,Female,62,New Delhi,Delhi,High Value,2024-09-13
12276,Customer_02276,Female,26,Jaipur,Rajasthan,Low Value,2023-08-09
12277,Customer_02277,Male,56,Delhi,Delhi,Regular,2023-01-09
12278,Customer_02278,Male,53,Udaipur,Rajasthan,Regular,2025-04-11
12279,Customer_02279,Male,53,Mumbai,Maharashtra,Regular,2024-01-10
12280,Customer_02280,Male,36,Hyderabad,Telangana,High Value,2024-06-17
12281,Customer_02281,Male,36,Coimbatore,Tamil Nadu,Regular,2024-12-02
12282,Customer_02282,Male,29,Warangal,Telangana,VIP,2025-04-11
12283,Customer_02283,Female,30,Jaipur,Rajasthan,Regular,2025-02-15
12284,Customer_02284,Female,42,Kochi,Kerala,VIP,2025-07-28
12285,Customer_02285,Male,53,Madurai,Tamil Nadu,Regular,2024-03-22
12286,Customer_02286,Female,42,Coimbatore,Tamil Nadu,Regular,2024-11-10
12287,Customer_02287,Male,45,New Delhi,Delhi,Regular,2023-12-10
12288,Customer_02288,Male,59,Siliguri,West Bengal,VIP,2024-02-29
12289,Customer_02289,Female,56,Delhi,Delhi,Regular,2024-09-16
12290,Customer_02290,Male,47,New Delhi,Delhi,Regular,2023-11-02
12291,Customer_02291,Male,22,Kozhikode,Kerala,Regular,2023-05-28
12292,Customer_02292,Male,34,Warangal,Telangana,Regular,2025-04-28
12293,Customer_02293,Female,35,Warangal,Telangana,Regular,2025-01-01
12294,Customer_02294,Female,60,Ahmedabad,Gujarat,Regular,2024-03-29
12295,Customer_02295,Male,64,Udaipur,Rajasthan,Regular,2025-07-26
12296,Customer_02296,Female,38,Kozhikode,Kerala,Low Value,2023-02-02
12297,Customer_02297,Female,39,Vadodara,Gujarat,High Value,2025-09-10
12298,Customer_02298,Female,56,Mumbai,Maharashtra,VIP,2024-01-26
12299,Customer_02299,Female,23,Jaipur,Rajasthan,Regular,2023-12-23
12300,Customer_02300,Male,33,Jodhpur,Rajasthan,Low Value,2024-07-26
12301,Customer_02301,Male,19,Agra,Uttar Pradesh,Low Value,2024-04-08
12302,Customer_02302,Female,18,Agra,Uttar Pradesh,Regular,2025-07-18
12303,Customer_02303,Female,47,Bengaluru,Karnataka,Regular,2023-04-09
12304,Customer_02304,Female,60,Mangaluru,Karnataka,Regular,2023-05-28
12305,Customer_02305,Female,54,Delhi,Delhi,Regular,2024-07-23
12306,Customer_02306,Female,65,Nashik,Maharashtra,Regular,2024-12-27
12307,Customer_02307,Female,40,Chennai,Tamil Nadu,Low Value,2025-09-28
12308,Customer_02308,Female,18,Madurai,Tamil Nadu,Regular,2023-10-30
12309,Customer_02309,Female,36,Noida,Uttar Pradesh,Regular,2023-01-04
12310,Customer_02310,Female,63,Kanpur,Uttar Pradesh,Regular,2025-02-16
12311,Customer_02311,Male,20,Kanpur,Uttar Pradesh,Regular,2023-04-17
12312,Customer_02312,Male,19,Kochi,Kerala,Regular,2023-03-16
12313,Customer_02313,Female,54,Siliguri,West Bengal,Regular,2025-11-29
12314,Customer_02314,Female,34,Hubballi,Karnataka,VIP,2024-09-30
12315,Customer_02315,Female,45,Kochi,Kerala,High Value,2024-11-25
12316,Customer_02316,Female,35,Hyderabad,Telangana,Regular,2023-03-14
12317,Customer_02317,Male,50,Chennai,Tamil Nadu,Low Value,2024-07-05
12318,Customer_02318,Male,32,Jaipur,Rajasthan,Regular,2025-09-03
12319,Customer_02319,Female,39,Bengaluru,Karnataka,Regular,2023-04-06
12320,Customer_02320,Male,58,Surat,Gujarat,Regular,2025-06-02
12321,Customer_02321,Male,44,Hyderabad,Telangana,High Value,2023-10-04
12322,Customer_02322,Male,54,Mangaluru,Karnataka,Low Value,2023-09-16
12323,Customer_02323,Male,49,Kozhikode,Kerala,Low Value,2023-02-15
12324,Customer_02324,Female,62,Nashik,Maharashtra,VIP,2023-12-12
12325,Customer_02325,Male,36,Udaipur,Rajasthan,Regular,2025-04-26
12326,Customer_02326,Female,45,Mysuru,Karnataka,Regular,2025-06-13
12327,Customer_02327,Male,45,Siliguri,West Bengal,Low Value,2025-12-12
12328,Customer_02328,Female,27,Noida,Uttar Pradesh,Regular,2023-08-21
12329,Customer_02329,Male,37,Agra,Uttar Pradesh,High Value,2023-02-20
12330,Customer_02330,Female,42,Jodhpur,Rajasthan,Regular,2024-10-26
12331,Customer_02331,Female,38,Thiruvananthapuram,Kerala,Low Value,2024-03-26
12332,Customer_02332,Male,31,Kanpur,Uttar Pradesh,High Value,2023-12-17
12333,Customer_02333,Female,39,Mangaluru,Karnataka,Regular,2024-10-10
12334,Customer_02334,Female,43,Ahmedabad,Gujarat,VIP,2025-05-27
12335,Customer_02335,Male,61,Chennai,Tamil Nadu,Low Value,2024-08-05
12336,Customer_02336,Male,28,Coimbatore,Tamil Nadu,High Value,2023-09-02
12337,Customer_02337,Female,24,Warangal,Telangana,Low Value,2024-07-03
12338,Customer_02338,Female,34,Delhi,Delhi,Regular,2024-12-28
12339,Customer_02339,Male,35,Pune,Maharashtra,Regular,2024-09-30
12340,Customer_02340,Male,24,Jodhpur,Rajasthan,Low Value,2024-08-06
12341,Customer_02341,Female,37,Warangal,Telangana,Low Value,2023-08-14
12342,Customer_02342,Female,55,Delhi,Delhi,Regular,2025-04-06
12343,Customer_02343,Female,28,Thiruvananthapuram,Kerala,High Value,2024-03-16
12344,Customer_02344,Male,61,Kolkata,West Bengal,Regular,2024-02-16
12345,Customer_02345,Female,33,Kolkata,West Bengal,Regular,2025-03-24
12346,Customer_02346,Male,44,Mumbai,Maharashtra,Regular,2023-09-03
12347,Customer_02347,Male,28,Kanpur,Uttar Pradesh,Regular,2024-08-05
12348,Customer_02348,Female,33,Bengaluru,Karnataka,VIP,2024-05-14
12349,Customer_02349,Female,40,Warangal,Telangana,Regular,2025-09-08
12350,Customer_02350,Male,29,Warangal,Telangana,Regular,2024-07-03
12351,Customer_02351,Male,57,Jodhpur,Rajasthan,High Value,2023-04-27
12352,Customer_02352,Female,20,Jodhpur,Rajasthan,Regular,2023-07-23
12353,Customer_02353,Female,19,Kolkata,West Bengal,Regular,2023-12-17
12354,Customer_02354,Female,55,Siliguri,West Bengal,Regular,2023-11-15
12355,Customer_02355,Female,65,Ahmedabad,Gujarat,High Value,2025-07-28
12356,Customer_02356,Male,41,Surat,Gujarat,Regular,2024-05-03
12357,Customer_02357,Other,46,Agra,Uttar Pradesh,Regular,2023-04-17
12358,Customer_02358,Female,64,Surat,Gujarat,Regular,2024-10-15
12359,Customer_02359,Female,63,Hubballi,Karnataka,Regular,2023-06-21
12360,Customer_02360,Female,51,Mangaluru,Karnataka,Regular,2024-06-02
12361,Customer_02361,Female,37,Warangal,Telangana,High Value,2025-08-15
12362,Customer_02362,Male,35,Chennai,Tamil Nadu,Regular,2025-03-23
12363,Customer_02363,Male,31,Hubballi,Karnataka,Low Value,2024-06-11
12364,Customer_02364,Female,35,Delhi,Delhi,High Value,2023-11-16
12365,Customer_02365,Male,19,Siliguri,West Bengal,Low Value,2025-11-26
12366,Customer_02366,Male,18,Jodhpur,Rajasthan,Regular,2024-05-13
12367,Customer_02367,Female,37,Surat,Gujarat,Regular,2023-09-22
12368,Customer_02368,Female,51,Warangal,Telangana,Regular,2025-06-26
12369,Customer_02369,Male,58,Nashik,Maharashtra,Regular,2024-02-06
12370,Customer_02370,Female,58,Jaipur,Rajasthan,Low Value,2025-09-13
12371,Customer_02371,Female,65,Delhi,Delhi,Regular,2024-08-24
12372,Customer_02372,Female,28,Vadodara,Gujarat,VIP,2025-08-09
12373,Customer_02373,Female,44,Delhi,Delhi,Regular,2023-08-06
12374,Customer_02374,Male,40,Kolkata,West Bengal,High Value,2023-11-26
12375,Customer_02375,Male,55,Siliguri,West Bengal,Regular,2023-07-05
12376,Customer_02376,Male,61,Lucknow,Uttar Pradesh,Regular,2023-07-28
12377,Customer_02377,Female,20,Hyderabad,Telangana,Low Value,2023-10-15
12378,Customer_02378,Female,29,Jodhpur,Rajasthan,Regular,2023-03-29
12379,Customer_02379,Female,47,Kochi,Kerala,High Value,2025-09-29
12380,Customer_02380,Female,48,Kozhikode,Kerala,Regular,2023-05-16
12381,Customer_02381,Female,40,Udaipur,Rajasthan,Regular,2023-06-07
12382,Customer_02382,Female,18,Thane,Maharashtra,Regular,2025-03-04
12383,Customer_02383,Male,58,Warangal,Telangana,Low Value,2025-07-08
12384,Customer_02384,Male,37,Delhi,Delhi,Regular,2023-06-04
12385,Customer_02385,Female,23,Pune,Maharashtra,VIP,2023-08-08
12386,Customer_02386,Male,28,Coimbatore,Tamil Nadu,Low Value,2023-11-18
12387,Customer_02387,Male,52,Jodhpur,Rajasthan,High Value,2024-11-21
12388,Customer_02388,Female,21,Delhi,Delhi,High Value,2025-04-20
12389,Customer_02389,Male,46,Thiruvananthapuram,Kerala,Regular,2024-05-26
12390,Customer_02390,Female,27,Mysuru,Karnataka,Low Value,2023-03-28
12391,Customer_02391,Male,46,Kanpur,Uttar Pradesh,Regular,2023-10-02
12392,Customer_02392,Male,55,Thiruvananthapuram,Kerala,Regular,2023-05-21
12393,Customer_02393,Male,18,Warangal,Telangana,Regular,2024-09-16
12394,Customer_02394,Female,57,Siliguri,West Bengal,Regular,2025-07-04
12395,Customer_02395,Male,25,Bengaluru,Karnataka,Regular,2023-12-19
12396,Customer_02396,Female,55,Agra,Uttar Pradesh,High Value,2025-10-25
12397,Customer_02397,Female,34,Kanpur,Uttar Pradesh,Regular,2024-01-17
12398,Customer_02398,Female,36,Coimbatore,Tamil Nadu,Low Value,2024-04-19
12399,Customer_02399,Male,50,Chennai,Tamil Nadu,Regular,2025-07-16
12400,Customer_02400,Male,32,Vadodara,Gujarat,High Value,2023-01-30
12401,Customer_02401,Female,62,Kozhikode,Kerala,Low Value,2025-07-10
12402,Customer_02402,Female,48,Kozhikode,Kerala,Regular,2024-08-16
12403,Customer_02403,Other,38,Kozhikode,Kerala,Low Value,2024-05-07
12404,Customer_02404,Male,20,Vadodara,Gujarat,High Value,2024-05-09
12405,Customer_02405,Female,19,Pune,Maharashtra,High Value,2024-01-23
12406,Customer_02406,Male,52,Noida,Uttar Pradesh,Regular,2025-05-22
12407,Customer_02407,Male,58,Mysuru,Karnataka,Regular,2025-04-14
12408,Customer_02408,Male,33,Warangal,Telangana,Regular,2024-09-21
12409,Customer_02409,Male,62,Lucknow,Uttar Pradesh,Regular,2025-07-27
12410,Customer_02410,Male,38,Coimbatore,Tamil Nadu,High Value,2023-01-30
12411,Customer_02411,Male,29,New Delhi,Delhi,Regular,2024-09-14
12412,Customer_02412,Female,45,Siliguri,West Bengal,Regular,2025-03-17
12413,Customer_02413,Male,29,Surat,Gujarat,Regular,2023-12-08
12414,Customer_02414,Female,50,Jodhpur,Rajasthan,Regular,2025-09-27
12415,Customer_02415,Male,37,Delhi,Delhi,Regular,2023-09-01
12416,Customer_02416,Male,57,Warangal,Telangana,Regular,2023-08-09
12417,Customer_02417,Male,38,Thiruvananthapuram,Kerala,Regular,2024-01-08
12418,Customer_02418,Male,56,Chennai,Tamil Nadu,Regular,2024-06-14
12419,Customer_02419,Female,58,Coimbatore,Tamil Nadu,VIP,2023-08-03
12420,Customer_02420,Male,59,Madurai,Tamil Nadu,Regular,2024-01-02
12421,Customer_02421,Female,53,Kozhikode,Kerala,Low Value,2023-04-24
12422,Customer_02422,Male,39,Udaipur,Rajasthan,Regular,2023-01-25
12423,Customer_02423,Female,43,Surat,Gujarat,VIP,2025-07-22
12424,Customer_02424,Female,24,Delhi,Delhi,Low Value,2024-09-02
12425,Customer_02425,Male,24,Kozhikode,Kerala,Regular,2025-05-07
12426,Customer_02426,Male,25,Hyderabad,Telangana,High Value,2025-10-23
12427,Customer_02427,Male,43,Ahmedabad,Gujarat,Regular,2025-06-16
12428,Customer_02428,Female,41,Warangal,Telangana,Regular,2025-02-11
12429,Customer_02429,Male,41,Ahmedabad,Gujarat,Regular,2024-03-20
12430,Customer_02430,Female,57,Jaipur,Rajasthan,Regular,2023-01-20
12431,Customer_02431,Female,65,Kolkata,West Bengal,Regular,2025-03-16
12432,Customer_02432,Female,29,Hyderabad,Telangana,High Value,2023-05-08
12433,Customer_02433,Female,64,Thiruvananthapuram,Kerala,Regular,2023-12-24
12434,Customer_02434,Female,25,Surat,Gujarat,Regular,2025-05-30
12435,Customer_02435,Male,26,Madurai,Tamil Nadu,Regular,2025-11-26
12436,Customer_02436,Female,20,Agra,Uttar Pradesh,High Value,2025-07-05
12437,Customer_02437,Female,38,Chennai,Tamil Nadu,High Value,2024-05-24
12438,Customer_02438,Male,48,Nashik,Maharashtra,Regular,2024-03-19
12439,Customer_02439,Female,65,Siliguri,West Bengal,Low Value,2025-02-17
12440,Customer_02440,Male,64,Kolkata,West Bengal,Regular,2023-09-09
12441,Customer_02441,Female,41,Chennai,Tamil Nadu,Regular,2025-11-20
12442,Customer_02442,Female,21,Delhi,Delhi,High Value,2024-02-25
12443,Customer_02443,Male,37,Udaipur,Rajasthan,Regular,2023-03-02
12444,Customer_02444,Female,33,Hyderabad,Telangana,VIP,2024-08-01
12445,Customer_02445,Male,27,Kozhikode,Kerala,Regular,2024-08-01
12446,Customer_02446,Male,60,Kolkata,West Bengal,Regular,2024-10-01
12447,Customer_02447,Male,43,Madurai,Tamil Nadu,Low Value,2023-04-21
12448,Customer_02448,Female,46,Chennai,Tamil Nadu,Regular,2024-05-05
12449,Customer_02449,Male,22,Udaipur,Rajasthan,Low Value,2023-02-03
12450,Customer_02450,Male,28,Jodhpur,Rajasthan,Regular,2023-07-31
12451,Customer_02451,Female,46,Mangaluru,Karnataka,High Value,2023-05-05
12452,Customer_02452,Male,62,Mangaluru,Karnataka,Low Value,2025-06-12
12453,Customer_02453,Male,32,Delhi,Delhi,Regular,2023-11-27
12454,Customer_02454,Male,23,New Delhi,Delhi,Low Value,2024-02-16
12455,Customer_02455,Male,65,Thane,Maharashtra,VIP,2025-07-22
12456,Customer_02456,Male,32,Delhi,Delhi,Regular,2024-10-25
12457,Customer_02457,Male,60,Surat,Gujarat,Regular,2025-12-24
12458,Customer_02458,Female,37,Jodhpur,Rajasthan,VIP,2024-08-25
12459,Customer_02459,Female,51,Kozhikode,Kerala,Regular,2023-01-26
12460,Customer_02460,Male,19,Ahmedabad,Gujarat,Regular,2024-10-30
12461,Customer_02461,Male,61,Warangal,Telangana,VIP,2024-08-06
12462,Customer_02462,Male,33,Chennai,Tamil Nadu,High Value,2025-12-03
12463,Customer_02463,Female,36,Delhi,Delhi,Regular,2024-01-15
12464,Customer_02464,Male,51,Coimbatore,Tamil Nadu,High Value,2024-01-04
12465,Customer_02465,Male,31,Siliguri,West Bengal,Regular,2023-07-28
12466,Customer_02466,Female,41,Thane,Maharashtra,High Value,2025-11-02
12467,Customer_02467,Male,45,Kolkata,West Bengal,Regular,2023-01-25
12468,Customer_02468,Male,65,Mumbai,Maharashtra,Low Value,2024-06-29
12469,Customer_02469,Female,49,Hubballi,Karnataka,Regular,2023-10-02
12470,Customer_02470,Female,54,Chennai,Tamil Nadu,Regular,2025-05-23
12471,Customer_02471,Male,27,Nagpur,Maharashtra,Regular,2023-08-10
12472,Customer_02472,Female,62,Lucknow,Uttar Pradesh,Low Value,2025-11-26
12473,Customer_02473,Male,65,Ahmedabad,Gujarat,VIP,2025-05-24
12474,Customer_02474,Female,26,Pune,Maharashtra,Regular,2023-08-06
12475,Customer_02475,Male,41,Mumbai,Maharashtra,Regular,2023-04-21
12476,Customer_02476,Female,53,Ahmedabad,Gujarat,Regular,2025-03-26
12477,Customer_02477,Female,46,Coimbatore,Tamil Nadu,Regular,2024-12-08
12478,Customer_02478,Female,46,Madurai,Tamil Nadu,Low Value,2023-05-27
12479,Customer_02479,Female,65,Vadodara,Gujarat,Low Value,2024-07-05
12480,Customer_02480,Female,40,Siliguri,West Bengal,Regular,2023-05-14
12481,Customer_02481,Male,44,Noida,Uttar Pradesh,High Value,2024-04-08
12482,Customer_02482,Male,48,Kozhikode,Kerala,Low Value,2025-05-13
12483,Customer_02483,Female,60,Hyderabad,Telangana,Regular,2024-03-31
12484,Customer_02484,Female,24,Kanpur,Uttar Pradesh,High Value,2025-12-20
12485,Customer_02485,Male,62,Madurai,Tamil Nadu,Regular,2025-10-25
12486,Customer_02486,Female,21,Kozhikode,Kerala,Regular,2025-11-26
12487,Customer_02487,Female,31,Hubballi,Karnataka,Regular,2024-04-04
12488,Customer_02488,Female,59,Delhi,Delhi,Low Value,2023-05-19
12489,Customer_02489,Female,59,Nashik,Maharashtra,High Value,2024-09-09
12490,Customer_02490,Male,27,Ahmedabad,Gujarat,VIP,2024-11-10
12491,Customer_02491,Male,61,Vadodara,Gujarat,Regular,2025-08-18
12492,Customer_02492,Male,51,Thane,Maharashtra,Regular,2024-08-21
12493,Customer_02493,Male,43,New Delhi,Delhi,High Value,2024-08-18
12494,Customer_02494,Female,40,Hyderabad,Telangana,Regular,2023-01-11
12495,Customer_02495,Female,26,New Delhi,Delhi,Regular,2023-11-23
12496,Customer_02496,Female,54,Kochi,Kerala,Low Value,2024-01-14
12497,Customer_02497,Female,25,Delhi,Delhi,High Value,2023-08-19
12498,Customer_02498,Male,31,Kochi,Kerala,Low Value,2024-09-09
12499,Customer_02499,Male,24,Delhi,Delhi,High Value,2025-02-03
12500,Customer_02500,Male,24,Warangal,Telangana,Regular,2023-02-18
12501,Customer_02501,Male,26,Hyderabad,Telangana,Regular,2024-03-26
12502,Customer_02502,Female,20,Chennai,Tamil Nadu,High Value,2024-05-05
12503,Customer_02503,Male,31,Thane,Maharashtra,Regular,2024-02-11
12504,Customer_02504,Male,34,Hyderabad,Telangana,High Value,2025-12-10
12505,Customer_02505,Male,61,Kozhikode,Kerala,High Value,2023-06-24
12506,Customer_02506,Female,39,Warangal,Telangana,Regular,2024-04-24
12507,Customer_02507,Male,63,Chennai,Tamil Nadu,Regular,2023-08-11
12508,Customer_02508,Female,43,Surat,Gujarat,High Value,2023-09-26
12509,Customer_02509,Male,45,Kozhikode,Kerala,High Value,2025-03-20
12510,Customer_02510,Female,62,Coimbatore,Tamil Nadu,VIP,2025-06-11
12511,Customer_02511,Male,31,Kolkata,West Bengal,Regular,2025-06-19
12512,Customer_02512,Female,26,Kolkata,West Bengal,Regular,2025-07-07
12513,Customer_02513,Female,43,Hubballi,Karnataka,High Value,2023-11-14
12514,Customer_02514,Female,19,Delhi,Delhi,VIP,2024-01-20
12515,Customer_02515,Female,28,Pune,Maharashtra,Regular,2024-09-17
12516,Customer_02516,Male,34,Udaipur,Rajasthan,Regular,2025-12-13
12517,Customer_02517,Male,51,Kanpur,Uttar Pradesh,Regular,2024-10-04
12518,Customer_02518,Male,36,Madurai,Tamil Nadu,Low Value,2024-12-04
12519,Customer_02519,Female,56,Vadodara,Gujarat,VIP,2023-11-01
12520,Customer_02520,Male,35,Lucknow,Uttar Pradesh,Low Value,2025-04-21
12521,Customer_02521,Male,30,Vadodara,Gujarat,Regular,2024-05-25
12522,Customer_02522,Female,22,Lucknow,Uttar Pradesh,Low Value,2023-06-12
12523,Customer_02523,Female,40,Coimbatore,Tamil Nadu,Regular,2025-01-07
12524,Customer_02524,Male,41,Udaipur,Rajasthan,Regular,2023-12-07
12525,Customer_02525,Female,46,Lucknow,Uttar Pradesh,Regular,2025-07-20
12526,Customer_02526,Female,65,Madurai,Tamil Nadu,Regular,2024-06-13
12527,Customer_02527,Male,64,Warangal,Telangana,Low Value,2023-02-03
12528,Customer_02528,Male,25,Jaipur,Rajasthan,Regular,2025-09-24
12529,Customer_02529,Female,43,Thiruvananthapuram,Kerala,Low Value,2023-11-19
12530,Customer_02530,Female,32,Surat,Gujarat,Regular,2023-12-13
12531,Customer_02531,Male,18,Siliguri,West Bengal,Regular,2024-12-21
12532,Customer_02532,Male,45,New Delhi,Delhi,High Value,2023-09-02
12533,Customer_02533,Female,64,Siliguri,West Bengal,Low Value,2024-11-08
12534,Customer_02534,Female,63,Jodhpur,Rajasthan,Regular,2025-07-03
12535,Customer_02535,Female,31,Kozhikode,Kerala,Regular,2024-12-23
12536,Customer_02536,Male,59,Ahmedabad,Gujarat,Regular,2025-09-30
12537,Customer_02537,Male,51,Kochi,Kerala,Regular,2023-05-13
12538,Customer_02538,Female,48,Kanpur,Uttar Pradesh,Low Value,2025-06-28
12539,Customer_02539,Male,23,Surat,Gujarat,High Value,2023-02-18
12540,Customer_02540,Other,22,Lucknow,Uttar Pradesh,Regular,2025-12-23
12541,Customer_02541,Female,48,Madurai,Tamil Nadu,High Value,2023-08-01
12542,Customer_02542,Male,54,Jodhpur,Rajasthan,Regular,2023-04-29
12543,Customer_02543,Female,32,Coimbatore,Tamil Nadu,VIP,2025-05-05
12544,Customer_02544,Male,32,Mysuru,Karnataka,High Value,2025-01-30
12545,Customer_02545,Female,60,Thiruvananthapuram,Kerala,Regular,2024-11-09
12546,Customer_02546,Male,22,Noida,Uttar Pradesh,Regular,2025-06-13
12547,Customer_02547,Male,45,Warangal,Telangana,Regular,2023-10-07
12548,Customer_02548,Female,50,Coimbatore,Tamil Nadu,VIP,2024-02-28
12549,Customer_02549,Female,28,Hubballi,Karnataka,Low Value,2023-12-29
12550,Customer_02550,Male,60,Mumbai,Maharashtra,Low Value,2025-10-17
12551,Customer_02551,Female,23,Kolkata,West Bengal,Regular,2023-11-10
12552,Customer_02552,Male,40,Ahmedabad,Gujarat,Regular,2025-02-08
12553,Customer_02553,Male,57,Bengaluru,Karnataka,Regular,2025-12-22
12554,Customer_02554,Male,19,Jaipur,Rajasthan,High Value,2023-09-29
12555,Customer_02555,Male,32,Chennai,Tamil Nadu,Regular,2025-11-26
12556,Customer_02556,Male,40,Jaipur,Rajasthan,Regular,2025-11-05
12557,Customer_02557,Male,39,Siliguri,West Bengal,Regular,2023-12-09
12558,Customer_02558,Male,26,Warangal,Telangana,Regular,2023-12-12
12559,Customer_02559,Male,64,Kozhikode,Kerala,Low Value,2023-08-21
12560,Customer_02560,Male,57,Kochi,Kerala,Regular,2025-09-16
12561,Customer_02561,Female,47,Jodhpur,Rajasthan,Regular,2024-07-29
12562,Customer_02562,Male,33,Noida,Uttar Pradesh,High Value,2024-02-20
12563,Customer_02563,Female,63,Warangal,Telangana,Regular,2025-06-23
12564,Customer_02564,Female,64,Thiruvananthapuram,Kerala,Regular,2023-09-24
12565,Customer_02565,Female,47,Hyderabad,Telangana,Regular,2025-09-23
12566,Customer_02566,Female,62,Bengaluru,Karnataka,Regular,2025-01-13
12567,Customer_02567,Female,26,Warangal,Telangana,Regular,2025-06-29
12568,Customer_02568,Male,18,New Delhi,Delhi,Regular,2024-03-18
12569,Customer_02569,Female,55,Kolkata,West Bengal,Regular,2024-07-13
12570,Customer_02570,Female,25,Thiruvananthapuram,Kerala,Low Value,2023-03-17
12571,Customer_02571,Female,35,Hyderabad,Telangana,Regular,2023-09-04
12572,Customer_02572,Female,44,Udaipur,Rajasthan,High Value,2024-08-02
12573,Customer_02573,Male,35,Nagpur,Maharashtra,Regular,2023-11-09
12574,Customer_02574,Female,49,Delhi,Delhi,High Value,2024-07-29
12575,Customer_02575,Female,49,Delhi,Delhi,Low Value,2023-12-09
12576,Customer_02576,Male,65,Noida,Uttar Pradesh,Regular,2024-12-15
12577,Customer_02577,Male,62,Hyderabad,Telangana,Regular,2025-09-10
12578,Customer_02578,Female,53,Lucknow,Uttar Pradesh,VIP,2024-12-26
12579,Customer_02579,Female,53,Agra,Uttar Pradesh,Regular,2024-09-23
12580,Customer_02580,Female,38,Nagpur,Maharashtra,Low Value,2024-02-03
12581,Customer_02581,Female,63,Mysuru,Karnataka,VIP,2024-12-14
12582,Customer_02582,Male,49,Warangal,Telangana,Regular,2025-07-12
12583,Customer_02583,Male,48,Coimbatore,Tamil Nadu,Low Value,2023-10-19
12584,Customer_02584,Male,54,Thiruvananthapuram,Kerala,Regular,2023-02-23
12585,Customer_02585,Male,33,Lucknow,Uttar Pradesh,Regular,2025-09-09
12586,Customer_02586,Male,63,Kolkata,West Bengal,Regular,2024-04-21
12587,Customer_02587,Male,63,Vadodara,Gujarat,Regular,2023-01-22
12588,Customer_02588,Female,31,Kolkata,West Bengal,High Value,2025-11-18
12589,Customer_02589,Female,41,Nashik,Maharashtra,VIP,2024-11-25
12590,Customer_02590,Male,42,Thane,Maharashtra,Regular,2023-06-09
12591,Customer_02591,Male,63,Jodhpur,Rajasthan,Low Value,2025-06-28
12592,Customer_02592,Male,52,Bengaluru,Karnataka,High Value,2024-06-13
12593,Customer_02593,Female,34,Kochi,Kerala,High Value,2023-04-11
12594,Customer_02594,Male,63,Kanpur,Uttar Pradesh,Regular,2023-12-09
12595,Customer_02595,Male,59,Siliguri,West Bengal,Low Value,2024-08-01
12596,Customer_02596,Female,62,Surat,Gujarat,Regular,2025-02-28
12597,Customer_02597,Female,21,Thane,Maharashtra,Low Value,2025-04-24
12598,Customer_02598,Male,28,Nagpur,Maharashtra,VIP,2023-05-05
12599,Customer_02599,Male,64,Mysuru,Karnataka,Low Value,2025-06-08
12600,Customer_02600,Male,32,Vadodara,Gujarat,Regular,2024-10-30
12601,Customer_02601,Female,47,Surat,Gujarat,Regular,2024-05-17
12602,Customer_02602,Female,41,Mangaluru,Karnataka,Regular,2023-06-22
12603,Customer_02603,Male,19,Thane,Maharashtra,Regular,2025-06-05
12604,Customer_02604,Female,60,Kozhikode,Kerala,High Value,2023-04-30
12605,Customer_02605,Male,51,Warangal,Telangana,VIP,2023-09-30
12606,Customer_02606,Male,40,Hyderabad,Telangana,Regular,2025-07-01
12607,Customer_02607,Male,48,Mangaluru,Karnataka,Low Value,2025-05-25
12608,Customer_02608,Female,54,Surat,Gujarat,Regular,2025-05-07
12609,Customer_02609,Male,30,Lucknow,Uttar Pradesh,Regular,2023-09-18
12610,Customer_02610,Male,50,Mangaluru,Karnataka,Regular,2023-10-05
12611,Customer_02611,Male,24,Thiruvananthapuram,Kerala,High Value,2023-04-03
12612,Customer_02612,Male,49,Hubballi,Karnataka,Low Value,2025-08-16
12613,Customer_02613,Female,24,New Delhi,Delhi,Regular,2025-04-02
12614,Customer_02614,Male,59,Kolkata,West Bengal,Regular,2023-05-08
12615,Customer_02615,Male,55,Ahmedabad,Gujarat,Regular,2024-06-15
12616,Customer_02616,Female,61,Jaipur,Rajasthan,Low Value,2025-02-11
12617,Customer_02617,Female,30,Udaipur,Rajasthan,Low Value,2023-06-16
12618,Customer_02618,Female,41,Ahmedabad,Gujarat,Regular,2025-04-10
12619,Customer_02619,Female,45,Thiruvananthapuram,Kerala,Regular,2023-08-24
12620,Customer_02620,Male,49,New Delhi,Delhi,Regular,2025-11-21
12621,Customer_02621,Female,60,New Delhi,Delhi,Regular,2023-07-10
12622,Customer_02622,Female,35,Nashik,Maharashtra,Regular,2024-10-18
12623,Customer_02623,Male,51,Siliguri,West Bengal,Regular,2024-09-04
12624,Customer_02624,Female,65,Hyderabad,Telangana,Regular,2023-09-12
12625,Customer_02625,Male,51,Chennai,Tamil Nadu,Regular,2025-08-30
12626,Customer_02626,Other,55,Kozhikode,Kerala,Regular,2025-12-15
12627,Customer_02627,Female,18,Chennai,Tamil Nadu,Regular,2024-10-10
12628,Customer_02628,Female,60,Coimbatore,Tamil Nadu,Regular,2023-04-16
12629,Customer_02629,Female,59,Surat,Gujarat,Regular,2023-07-11
12630,Customer_02630,Female,48,Jodhpur,Rajasthan,VIP,2025-09-29
12631,Customer_02631,Male,18,Jodhpur,Rajasthan,Regular,2023-06-24
12632,Customer_02632,Male,33,Hyderabad,Telangana,Low Value,2024-09-26
12633,Customer_02633,Male,56,Ahmedabad,Gujarat,Regular,2023-03-26
12634,Customer_02634,Male,32,Madurai,Tamil Nadu,Regular,2025-08-05
12635,Customer_02635,Female,50,Kanpur,Uttar Pradesh,Low Value,2024-12-28
12636,Customer_02636,Male,40,Udaipur,Rajasthan,VIP,2025-11-03
12637,Customer_02637,Male,58,Thiruvananthapuram,Kerala,Low Value,2025-11-26
12638,Customer_02638,Female,51,Thiruvananthapuram,Kerala,High Value,2025-11-16
12639,Customer_02639,Female,34,Nagpur,Maharashtra,VIP,2023-03-11
12640,Customer_02640,Male,42,Hubballi,Karnataka,Regular,2023-06-03
12641,Customer_02641,Male,59,Kanpur,Uttar Pradesh,Regular,2025-02-03
12642,Customer_02642,Male,23,Jodhpur,Rajasthan,Regular,2023-09-28
12643,Customer_02643,Female,48,Delhi,Delhi,Regular,2024-06-24
12644,Customer_02644,Male,22,Jodhpur,Rajasthan,Low Value,2024-07-24
12645,Customer_02645,Female,57,Mumbai,Maharashtra,Regular,2023-05-29
12646,Customer_02646,Male,57,Kozhikode,Kerala,Regular,2023-01-10
12647,Customer_02647,Male,47,Madurai,Tamil Nadu,High Value,2024-10-05
12648,Customer_02648,Female,22,New Delhi,Delhi,VIP,2023-03-03
12649,Customer_02649,Male,29,Vadodara,Gujarat,Regular,2025-02-12
12650,Customer_02650,Male,24,Siliguri,West Bengal,VIP,2024-06-11
12651,Customer_02651,Male,62,Madurai,Tamil Nadu,Regular,2024-03-20
12652,Customer_02652,Male,30,Kolkata,West Bengal,Regular,2023-01-17
12653,Customer_02653,Female,21,Lucknow,Uttar Pradesh,High Value,2024-01-04
12654,Customer_02654,Male,59,Mangaluru,Karnataka,Regular,2024-11-14
12655,Customer_02655,Male,20,Delhi,Delhi,High Value,2025-06-26
12656,Customer_02656,Male,29,Warangal,Telangana,Regular,2024-08-05
12657,Customer_02657,Female,18,New Delhi,Delhi,Regular,2023-09-12
12658,Customer_02658,Female,44,Jodhpur,Rajasthan,Regular,2024-03-31
12659,Customer_02659,Female,60,Kozhikode,Kerala,High Value,2024-10-04
12660,Customer_02660,Female,30,Udaipur,Rajasthan,Regular,2024-07-14
12661,Customer_02661,Male,34,Udaipur,Rajasthan,High Value,2024-06-16
12662,Customer_02662,Male,25,Noida,Uttar Pradesh,Regular,2023-11-16
12663,Customer_02663,Male,49,Chennai,Tamil Nadu,Regular,2023-08-08
12664,Customer_02664,Male,37,Warangal,Telangana,Regular,2024-11-29
12665,Customer_02665,Male,34,Warangal,Telangana,Low Value,2023-02-01
12666,Customer_02666,Female,51,Jaipur,Rajasthan,Regular,2024-12-15
12667,Customer_02667,Female,52,Kolkata,West Bengal,VIP,2025-01-23
12668,Customer_02668,Female,52,Noida,Uttar Pradesh,Regular,2025-11-05
12669,Customer_02669,Male,55,Udaipur,Rajasthan,Low Value,2024-02-13
12670,Customer_02670,Female,59,Hubballi,Karnataka,VIP,2025-04-07
12671,Customer_02671,Female,41,Thiruvananthapuram,Kerala,Regular,2023-06-22
12672,Customer_02672,Female,35,Chennai,Tamil Nadu,Regular,2025-07-24
12673,Customer_02673,Male,63,Vadodara,Gujarat,Regular,2024-12-07
12674,Customer_02674,Male,65,Mysuru,Karnataka,Regular,2025-09-02
12675,Customer_02675,Male,56,Siliguri,West Bengal,Regular,2025-02-21
12676,Customer_02676,Male,50,Delhi,Delhi,Regular,2023-05-12
12677,Customer_02677,Female,40,Delhi,Delhi,Low Value,2024-10-24
12678,Customer_02678,Male,42,Mysuru,Karnataka,Regular,2023-12-25
12679,Customer_02679,Male,54,Jaipur,Rajasthan,Regular,2025-01-29
12680,Customer_02680,Female,44,Ahmedabad,Gujarat,Regular,2023-06-14
12681,Customer_02681,Female,18,Mumbai,Maharashtra,Regular,2024-12-17
12682,Customer_02682,Male,38,Nagpur,Maharashtra,Low Value,2024-03-02
12683,Customer_02683,Female,27,Siliguri,West Bengal,Regular,2024-11-07
12684,Customer_02684,Male,48,Jaipur,Rajasthan,Regular,2024-05-02
12685,Customer_02685,Male,61,Warangal,Telangana,Low Value,2023-08-01
12686,Customer_02686,Male,42,Warangal,Telangana,Regular,2025-02-04
12687,Customer_02687,Female,37,Chennai,Tamil Nadu,High Value,2023-06-06
12688,Customer_02688,Female,19,Ahmedabad,Gujarat,Regular,2024-03-10
12689,Customer_02689,Male,65,Ahmedabad,Gujarat,Low Value,2025-04-21
12690,Customer_02690,Female,32,Delhi,Delhi,Low Value,2024-10-06
12691,Customer_02691,Male,45,Noida,Uttar Pradesh,Regular,2023-11-08
12692,Customer_02692,Female,30,Kolkata,West Bengal,High Value,2023-05-07
12693,Customer_02693,Male,31,Nashik,Maharashtra,Low Value,2024-01-12
12694,Customer_02694,Male,19,Siliguri,West Bengal,Regular,2023-08-13
12695,Customer_02695,Female,51,Warangal,Telangana,Low Value,2025-11-06
12696,Customer_02696,Female,52,Hyderabad,Telangana,Regular,2024-05-11
12697,Customer_02697,Male,54,Mysuru,Karnataka,VIP,2024-04-17
12698,Customer_02698,Male,42,Madurai,Tamil Nadu,Regular,2024-04-19
12699,Customer_02699,Male,65,Vadodara,Gujarat,Regular,2023-08-05
12700,Customer_02700,Male,32,Kochi,Kerala,Regular,2023-07-15
12701,Customer_02701,Female,29,Siliguri,West Bengal,Low Value,2023-07-20
12702,Customer_02702,Female,26,Hyderabad,Telangana,Regular,2024-01-01
12703,Customer_02703,Male,48,Kanpur,Uttar Pradesh,Low Value,2024-12-19
12704,Customer_02704,Male,31,Delhi,Delhi,Regular,2024-02-04
12705,Customer_02705,Female,46,Thane,Maharashtra,Regular,2024-08-12
12706,Customer_02706,Male,65,Madurai,Tamil Nadu,Low Value,2023-08-02
12707,Customer_02707,Female,60,Kanpur,Uttar Pradesh,Regular,2023-12-07
12708,Customer_02708,Male,55,Chennai,Tamil Nadu,Regular,2025-08-16
12709,Customer_02709,Female,59,Mysuru,Karnataka,Regular,2023-04-29
12710,Customer_02710,Female,25,Thiruvananthapuram,Kerala,Regular,2025-04-15
12711,Customer_02711,Female,65,Hyderabad,Telangana,Regular,2025-04-21
12712,Customer_02712,Female,20,Delhi,Delhi,Low Value,2025-05-16
12713,Customer_02713,Male,19,Noida,Uttar Pradesh,Low Value,2025-08-02
12714,Customer_02714,Female,33,Coimbatore,Tamil Nadu,Regular,2024-02-06
12715,Customer_02715,Female,36,Surat,Gujarat,Regular,2025-06-01
12716,Customer_02716,Male,47,Mangaluru,Karnataka,Regular,2024-07-19
12717,Customer_02717,Male,58,Surat,Gujarat,Regular,2024-02-28
12718,Customer_02718,Male,33,Delhi,Delhi,Regular,2023-04-28
12719,Customer_02719,Male,48,Lucknow,Uttar Pradesh,Low Value,2024-01-03
12720,Customer_02720,Male,45,Mangaluru,Karnataka,Regular,2024-09-21
12721,Customer_02721,Female,21,Agra,Uttar Pradesh,VIP,2023-05-28
12722,Customer_02722,Male,27,Warangal,Telangana,Low Value,2023-05-30
12723,Customer_02723,Female,62,Jaipur,Rajasthan,Regular,2025-03-26
12724,Customer_02724,Male,35,Bengaluru,Karnataka,Low Value,2023-09-13
12725,Customer_02725,Male,64,Vadodara,Gujarat,High Value,2023-03-23
12726,Customer_02726,Male,49,Delhi,Delhi,VIP,2023-01-16
12727,Customer_02727,Female,47,Thiruvananthapuram,Kerala,Low Value,2025-06-19
12728,Customer_02728,Male,53,Hyderabad,Telangana,High Value,2023-07-12
12729,Customer_02729,Male,26,Jodhpur,Rajasthan,Low Value,2024-12-23
12730,Customer_02730,Male,53,Thiruvananthapuram,Kerala,Low Value,2025-12-20
12731,Customer_02731,Female,46,Thane,Maharashtra,Regular,2025-08-30
12732,Customer_02732,Female,33,Warangal,Telangana,High Value,2025-08-08
12733,Customer_02733,Male,45,Delhi,Delhi,Regular,2024-06-19
12734,Customer_02734,Female,38,Coimbatore,Tamil Nadu,Low Value,2023-12-09
12735,Customer_02735,Female,64,Mysuru,Karnataka,Regular,2024-01-30
12736,Customer_02736,Male,19,Kanpur,Uttar Pradesh,Regular,2025-07-31
12737,Customer_02737,Female,63,Delhi,Delhi,Regular,2023-09-15
12738,Customer_02738,Female,52,Bengaluru,Karnataka,High Value,2023-02-22
12739,Customer_02739,Male,45,Kochi,Kerala,Low Value,2024-10-12
12740,Customer_02740,Male,53,Agra,Uttar Pradesh,Low Value,2023-09-28
12741,Customer_02741,Male,48,Kolkata,West Bengal,Low Value,2023-07-20
12742,Customer_02742,Male,50,Vadodara,Gujarat,Regular,2024-01-31
12743,Customer_02743,Female,40,Pune,Maharashtra,Regular,2024-01-13
12744,Customer_02744,Male,58,Warangal,Telangana,High Value,2024-11-06
12745,Customer_02745,Female,34,New Delhi,Delhi,Regular,2024-06-18
12746,Customer_02746,Female,63,Nashik,Maharashtra,Regular,2025-07-11
12747,Customer_02747,Female,18,Chennai,Tamil Nadu,Low Value,2024-02-02
12748,Customer_02748,Female,59,Mysuru,Karnataka,Low Value,2025-05-16
12749,Customer_02749,Male,40,Bengaluru,Karnataka,Low Value,2024-07-14
12750,Customer_02750,Male,65,Delhi,Delhi,Low Value,2023-07-09
12751,Customer_02751,Female,44,Jodhpur,Rajasthan,Low Value,2023-07-24
12752,Customer_02752,Male,42,Jodhpur,Rajasthan,VIP,2025-08-25
12753,Customer_02753,Male,49,Kolkata,West Bengal,Low Value,2023-02-13
12754,Customer_02754,Female,36,Ahmedabad,Gujarat,Regular,2025-09-30
12755,Customer_02755,Female,41,Agra,Uttar Pradesh,Regular,2025-10-15
12756,Customer_02756,Male,20,Coimbatore,Tamil Nadu,VIP,2024-10-01
12757,Customer_02757,Female,29,Nashik,Maharashtra,Regular,2025-09-20
12758,Customer_02758,Female,52,Udaipur,Rajasthan,Regular,2024-12-01
12759,Customer_02759,Male,32,Kolkata,West Bengal,Regular,2024-12-13
12760,Customer_02760,Male,34,Siliguri,West Bengal,Regular,2024-09-28
12761,Customer_02761,Female,49,New Delhi,Delhi,Low Value,2025-03-14
12762,Customer_02762,Male,24,Chennai,Tamil Nadu,Low Value,2023-11-07
12763,Customer_02763,Male,36,Kochi,Kerala,Regular,2025-05-27
12764,Customer_02764,Female,24,Lucknow,Uttar Pradesh,Regular,2025-05-06
12765,Customer_02765,Female,22,Ahmedabad,Gujarat,High Value,2023-10-01
12766,Customer_02766,Male,57,Hyderabad,Telangana,Regular,2024-06-14
12767,Customer_02767,Male,38,New Delhi,Delhi,High Value,2023-01-17
12768,Customer_02768,Male,65,Agra,Uttar Pradesh,Low Value,2024-12-18
12769,Customer_02769,Other,65,Hyderabad,Telangana,Regular,2025-11-19
12770,Customer_02770,Male,64,Warangal,Telangana,High Value,2024-04-14
12771,Customer_02771,Female,24,Chennai,Tamil Nadu,Regular,2025-03-21
12772,Customer_02772,Female,54,Madurai,Tamil Nadu,Regular,2024-07-08
12773,Customer_02773,Male,40,Mumbai,Maharashtra,Regular,2023-04-03
12774,Customer_02774,Female,28,Kolkata,West Bengal,VIP,2025-05-31
12775,Customer_02775,Female,27,Agra,Uttar Pradesh,Low Value,2024-07-31
12776,Customer_02776,Female,38,Delhi,Delhi,Regular,2024-09-22
12777,Customer_02777,Male,58,Hubballi,Karnataka,VIP,2025-03-31
12778,Customer_02778,Female,50,New Delhi,Delhi,VIP,2024-08-06
12779,Customer_02779,Female,37,Thane,Maharashtra,Regular,2025-04-25
12780,Customer_02780,Other,50,Ahmedabad,Gujarat,High Value,2025-04-21
12781,Customer_02781,Male,57,Siliguri,West Bengal,VIP,2023-11-24
12782,Customer_02782,Female,52,Mangaluru,Karnataka,Regular,2024-12-30
12783,Customer_02783,Male,51,Udaipur,Rajasthan,Regular,2023-09-11
12784,Customer_02784,Male,53,Ahmedabad,Gujarat,High Value,2024-07-24
12785,Customer_02785,Male,44,Madurai,Tamil Nadu,Regular,2024-06-27
12786,Customer_02786,Female,36,Warangal,Telangana,Regular,2025-04-30
12787,Customer_02787,Male,60,Udaipur,Rajasthan,High Value,2023-04-30
12788,Customer_02788,Female,22,Delhi,Delhi,Regular,2025-09-01
12789,Customer_02789,Other,46,New Delhi,Delhi,High Value,2025-04-01
12790,Customer_02790,Male,27,Chennai,Tamil Nadu,VIP,2024-05-28
12791,Customer_02791,Female,57,Thane,Maharashtra,Regular,2025-09-05
12792,Customer_02792,Male,30,Kanpur,Uttar Pradesh,High Value,2023-04-07
12793,Customer_02793,Male,46,Jaipur,Rajasthan,High Value,2025-05-20
12794,Customer_02794,Female,22,Jodhpur,Rajasthan,Regular,2023-09-14
12795,Customer_02795,Female,29,Thiruvananthapuram,Kerala,Low Value,2023-05-08
12796,Customer_02796,Female,30,Surat,Gujarat,Regular,2023-02-26
12797,Customer_02797,Female,39,Siliguri,West Bengal,Low Value,2024-08-04
12798,Customer_02798,Male,57,Ahmedabad,Gujarat,Low Value,2024-07-09
12799,Customer_02799,Male,32,Noida,Uttar Pradesh,Low Value,2024-12-24
12800,Customer_02800,Female,30,New Delhi,Delhi,Regular,2024-10-14
12801,Customer_02801,Male,18,New Delhi,Delhi,Regular,2023-06-07
12802,Customer_02802,Male,55,Delhi,Delhi,Regular,2023-03-26
12803,Customer_02803,Female,60,Kochi,Kerala,High Value,2023-11-18
12804,Customer_02804,Male,62,Delhi,Delhi,Regular,2023-11-05
12805,Customer_02805,Male,18,Noida,Uttar Pradesh,Low Value,2023-10-11
12806,Customer_02806,Female,28,Chennai,Tamil Nadu,Regular,2025-12-01
12807,Customer_02807,Female,60,Siliguri,West Bengal,Regular,2025-09-29
12808,Customer_02808,Female,57,Noida,Uttar Pradesh,Regular,2023-05-14
12809,Customer_02809,Female,39,Siliguri,West Bengal,Regular,2024-09-05
12810,Customer_02810,Male,52,Noida,Uttar Pradesh,Regular,2024-10-10
12811,Customer_02811,Female,61,New Delhi,Delhi,Regular,2023-08-17
12812,Customer_02812,Female,23,Coimbatore,Tamil Nadu,Regular,2025-09-24
12813,Customer_02813,Male,45,Udaipur,Rajasthan,Regular,2023-04-29
12814,Customer_02814,Male,48,Ahmedabad,Gujarat,Low Value,2025-07-26
12815,Customer_02815,Female,25,Warangal,Telangana,Low Value,2023-11-20
12816,Customer_02816,Female,22,Madurai,Tamil Nadu,High Value,2025-07-09
12817,Customer_02817,Female,59,Jaipur,Rajasthan,Low Value,2023-06-08
12818,Customer_02818,Female,65,Mumbai,Maharashtra,Regular,2023-08-27
12819,Customer_02819,Female,61,Lucknow,Uttar Pradesh,Regular,2024-01-31
12820,Customer_02820,Other,34,Nagpur,Maharashtra,Regular,2023-11-16
12821,Customer_02821,Female,55,Jaipur,Rajasthan,Regular,2023-11-05
12822,Customer_02822,Male,26,Chennai,Tamil Nadu,VIP,2023-09-06
12823,Customer_02823,Female,27,Agra,Uttar Pradesh,Regular,2024-06-21
12824,Customer_02824,Male,37,Hyderabad,Telangana,Regular,2024-12-01
12825,Customer_02825,Female,31,Delhi,Delhi,Regular,2024-01-29
12826,Customer_02826,Female,31,Lucknow,Uttar Pradesh,Regular,2024-10-13
12827,Customer_02827,Female,43,Kanpur,Uttar Pradesh,Regular,2025-10-14
12828,Customer_02828,Female,46,Madurai,Tamil Nadu,Regular,2024-02-10
12829,Customer_02829,Male,44,Coimbatore,Tamil Nadu,Low Value,2025-09-26
12830,Customer_02830,Male,42,Jodhpur,Rajasthan,Regular,2023-01-21
12831,Customer_02831,Male,33,Mangaluru,Karnataka,High Value,2023-06-04
12832,Customer_02832,Female,53,Agra,Uttar Pradesh,Regular,2025-05-16
12833,Customer_02833,Female,51,Surat,Gujarat,Regular,2024-07-12
12834,Customer_02834,Female,33,Agra,Uttar Pradesh,Regular,2023-07-13
12835,Customer_02835,Male,50,Jaipur,Rajasthan,VIP,2024-02-03
12836,Customer_02836,Female,20,Siliguri,West Bengal,Regular,2023-10-07
12837,Customer_02837,Female,40,Thane,Maharashtra,Regular,2025-09-06
12838,Customer_02838,Male,28,New Delhi,Delhi,Regular,2025-10-30
12839,Customer_02839,Female,65,Hubballi,Karnataka,Regular,2024-04-16
12840,Customer_02840,Female,35,Hyderabad,Telangana,Low Value,2023-06-01
12841,Customer_02841,Female,64,Warangal,Telangana,Regular,2025-03-12
12842,Customer_02842,Male,58,Hyderabad,Telangana,Regular,2024-07-06
12843,Customer_02843,Female,61,Madurai,Tamil Nadu,Regular,2024-12-30
12844,Customer_02844,Male,46,Hyderabad,Telangana,Low Value,2024-05-27
12845,Customer_02845,Other,22,New Delhi,Delhi,Regular,2025-10-09
12846,Customer_02846,Male,41,Mumbai,Maharashtra,High Value,2023-06-20
12847,Customer_02847,Male,46,Warangal,Telangana,Regular,2025-04-29
12848,Customer_02848,Female,46,Kanpur,Uttar Pradesh,Regular,2025-03-04
12849,Customer_02849,Male,43,Lucknow,Uttar Pradesh,Low Value,2023-05-05
12850,Customer_02850,Female,57,Madurai,Tamil Nadu,High Value,2023-06-24
12851,Customer_02851,Female,20,Delhi,Delhi,High Value,2024-05-18
12852,Customer_02852,Female,19,Nagpur,Maharashtra,Low Value,2024-12-11
12853,Customer_02853,Other,42,Hubballi,Karnataka,Low Value,2023-04-16
12854,Customer_02854,Male,36,Jodhpur,Rajasthan,Regular,2024-06-11
12855,Customer_02855,Female,57,Thane,Maharashtra,Regular,2023-02-07
12856,Customer_02856,Male,19,Jodhpur,Rajasthan,Regular,2024-01-30
12857,Customer_02857,Male,36,Kolkata,West Bengal,Regular,2025-07-09
12858,Customer_02858,Female,18,Udaipur,Rajasthan,Low Value,2024-04-21
12859,Customer_02859,Male,44,Vadodara,Gujarat,High Value,2024-12-22
12860,Customer_02860,Female,62,Noida,Uttar Pradesh,VIP,2023-11-11
12861,Customer_02861,Female,52,Delhi,Delhi,High Value,2023-12-31
12862,Customer_02862,Female,58,Kozhikode,Kerala,Regular,2023-06-30
12863,Customer_02863,Female,22,Chennai,Tamil Nadu,High Value,2025-01-03
12864,Customer_02864,Male,55,Surat,Gujarat,VIP,2025-05-25
12865,Customer_02865,Female,21,Udaipur,Rajasthan,Regular,2025-09-20
12866,Customer_02866,Female,34,Hyderabad,Telangana,High Value,2024-10-22
12867,Customer_02867,Male,38,New Delhi,Delhi,Low Value,2023-09-01
12868,Customer_02868,Male,65,Vadodara,Gujarat,Regular,2023-11-09
12869,Customer_02869,Female,48,Madurai,Tamil Nadu,Regular,2023-03-17
12870,Customer_02870,Male,65,Kanpur,Uttar Pradesh,High Value,2023-09-19
12871,Customer_02871,Male,39,Delhi,Delhi,High Value,2023-08-19
12872,Customer_02872,Female,28,Madurai,Tamil Nadu,Regular,2024-12-03
12873,Customer_02873,Female,51,Kolkata,West Bengal,Regular,2024-10-07
12874,Customer_02874,Female,32,Siliguri,West Bengal,Regular,2025-01-26
12875,Customer_02875,Female,27,Chennai,Tamil Nadu,Regular,2025-04-21
12876,Customer_02876,Female,55,Ahmedabad,Gujarat,Regular,2025-05-28
12877,Customer_02877,Male,49,Delhi,Delhi,Regular,2024-05-30
12878,Customer_02878,Male,65,Vadodara,Gujarat,Low Value,2024-03-17
12879,Customer_02879,Male,48,Mysuru,Karnataka,Regular,2024-08-05
12880,Customer_02880,Female,54,Jaipur,Rajasthan,Low Value,2023-09-19
12881,Customer_02881,Male,61,Mangaluru,Karnataka,Low Value,2025-01-18
12882,Customer_02882,Male,45,Kolkata,West Bengal,VIP,2025-03-29
12883,Customer_02883,Female,48,Agra,Uttar Pradesh,Regular,2025-09-28
12884,Customer_02884,Male,23,Nashik,Maharashtra,Regular,2025-05-16
12885,Customer_02885,Male,31,Udaipur,Rajasthan,Regular,2024-08-30
12886,Customer_02886,Female,40,Kolkata,West Bengal,Regular,2025-06-28
12887,Customer_02887,Male,33,Ahmedabad,Gujarat,Regular,2024-06-06
12888,Customer_02888,Male,42,Ahmedabad,Gujarat,Regular,2025-11-02
12889,Customer_02889,Male,56,Vadodara,Gujarat,High Value,2023-06-11
12890,Customer_02890,Female,19,Agra,Uttar Pradesh,VIP,2023-01-05
12891,Customer_02891,Female,55,Mysuru,Karnataka,Regular,2023-07-21
12892,Customer_02892,Male,58,Nashik,Maharashtra,Regular,2024-02-20
12893,Customer_02893,Female,56,Ahmedabad,Gujarat,Regular,2025-11-01
12894,Customer_02894,Male,51,Kozhikode,Kerala,Regular,2025-08-05
12895,Customer_02895,Female,57,Jaipur,Rajasthan,VIP,2025-01-21
12896,Customer_02896,Male,60,Delhi,Delhi,High Value,2025-08-07
12897,Customer_02897,Female,42,Thiruvananthapuram,Kerala,Regular,2024-01-08
12898,Customer_02898,Female,53,Nagpur,Maharashtra,Regular,2024-03-06
12899,Customer_02899,Female,33,Lucknow,Uttar Pradesh,Regular,2024-11-20
12900,Customer_02900,Male,35,Thane,Maharashtra,Low Value,2023-04-28
12901,Customer_02901,Male,30,Delhi,Delhi,Low Value,2024-08-10
12902,Customer_02902,Female,54,Jodhpur,Rajasthan,High Value,2025-12-05
12903,Customer_02903,Male,44,Delhi,Delhi,Regular,2023-08-15
12904,Customer_02904,Female,51,Madurai,Tamil Nadu,Regular,2023-12-14
12905,Customer_02905,Female,28,Jaipur,Rajasthan,Regular,2023-05-21
12906,Customer_02906,Female,18,Nashik,Maharashtra,Regular,2023-07-23
12907,Customer_02907,Male,30,Ahmedabad,Gujarat,High Value,2025-09-30
12908,Customer_02908,Female,47,Thane,Maharashtra,High Value,2025-05-10
12909,Customer_02909,Female,22,Nashik,Maharashtra,Regular,2025-04-24
12910,Customer_02910,Female,35,Jaipur,Rajasthan,Regular,2025-09-21
12911,Customer_02911,Male,31,Coimbatore,Tamil Nadu,Regular,2023-11-09
12912,Customer_02912,Male,30,Pune,Maharashtra,High Value,2023-05-17
12913,Customer_02913,Male,49,Kochi,Kerala,Regular,2023-12-17
12914,Customer_02914,Male,24,Siliguri,West Bengal,Regular,2023-06-22
12915,Customer_02915,Female,25,Warangal,Telangana,High Value,2023-03-20
12916,Customer_02916,Female,24,Warangal,Telangana,High Value,2025-09-05
12917,Customer_02917,Male,33,Thane,Maharashtra,Regular,2024-07-22
12918,Customer_02918,Female,60,Kozhikode,Kerala,Regular,2025-05-12
12919,Customer_02919,Male,48,Vadodara,Gujarat,Regular,2023-02-26
12920,Customer_02920,Male,44,Kanpur,Uttar Pradesh,VIP,2023-12-29
12921,Customer_02921,Male,50,Lucknow,Uttar Pradesh,High Value,2023-05-14
12922,Customer_02922,Male,46,Udaipur,Rajasthan,Regular,2023-01-14
12923,Customer_02923,Female,25,Warangal,Telangana,Regular,2023-10-10
12924,Customer_02924,Male,50,Thane,Maharashtra,High Value,2025-03-16
12925,Customer_02925,Female,58,Lucknow,Uttar Pradesh,Regular,2023-05-07
12926,Customer_02926,Male,36,Nashik,Maharashtra,High Value,2023-08-06
12927,Customer_02927,Female,38,Jodhpur,Rajasthan,High Value,2025-01-14
12928,Customer_02928,Male,58,Hyderabad,Telangana,High Value,2024-11-10
12929,Customer_02929,Male,38,New Delhi,Delhi,VIP,2025-09-23
12930,Customer_02930,Male,42,Kolkata,West Bengal,Regular,2023-09-17
12931,Customer_02931,Male,59,Siliguri,West Bengal,Regular,2023-04-09
12932,Customer_02932,Male,40,Lucknow,Uttar Pradesh,Low Value,2023-07-01
12933,Customer_02933,Female,28,Kolkata,West Bengal,High Value,2023-06-18
12934,Customer_02934,Female,50,Delhi,Delhi,High Value,2023-08-21
12935,Customer_02935,Female,37,Nashik,Maharashtra,Regular,2025-08-13
12936,Customer_02936,Female,42,Udaipur,Rajasthan,Regular,2024-04-16
12937,Customer_02937,Male,43,Delhi,Delhi,Regular,2024-11-09
12938,Customer_02938,Male,57,Jodhpur,Rajasthan,Regular,2024-01-16
12939,Customer_02939,Other,29,Jaipur,Rajasthan,Regular,2023-09-08
12940,Customer_02940,Female,49,Hyderabad,Telangana,High Value,2023-11-15
12941,Customer_02941,Female,50,Pune,Maharashtra,Low Value,2023-07-12
12942,Customer_02942,Female,27,Kozhikode,Kerala,Regular,2025-07-25
12943,Customer_02943,Male,21,Siliguri,West Bengal,Regular,2024-08-23
12944,Customer_02944,Male,32,Kozhikode,Kerala,Regular,2024-08-29
12945,Customer_02945,Male,23,Hyderabad,Telangana,Regular,2025-02-03
12946,Customer_02946,Male,44,Udaipur,Rajasthan,High Value,2025-06-03
12947,Customer_02947,Male,22,Kanpur,Uttar Pradesh,Regular,2025-09-17
12948,Customer_02948,Male,22,Kolkata,West Bengal,High Value,2024-05-20
12949,Customer_02949,Female,35,Kolkata,West Bengal,Regular,2023-03-06
12950,Customer_02950,Female,45,Nagpur,Maharashtra,Regular,2023-08-10
12951,Customer_02951,Female,52,Chennai,Tamil Nadu,Regular,2024-04-10
12952,Customer_02952,Female,39,Mysuru,Karnataka,Regular,2023-03-13
12953,Customer_02953,Male,51,Hubballi,Karnataka,Regular,2025-06-06
12954,Customer_02954,Male,21,Hubballi,Karnataka,High Value,2024-04-18
12955,Customer_02955,Female,35,Chennai,Tamil Nadu,Regular,2024-10-16
12956,Customer_02956,Male,58,Nashik,Maharashtra,VIP,2023-01-19
12957,Customer_02957,Male,43,Madurai,Tamil Nadu,Regular,2024-06-05
12958,Customer_02958,Male,59,Bengaluru,Karnataka,Low Value,2025-02-22
12959,Customer_02959,Male,39,Hyderabad,Telangana,Regular,2024-02-19
12960,Customer_02960,Female,64,Delhi,Delhi,High Value,2023-12-30
12961,Customer_02961,Male,50,Udaipur,Rajasthan,Regular,2024-06-11
12962,Customer_02962,Female,60,Coimbatore,Tamil Nadu,Low Value,2025-03-06
12963,Customer_02963,Female,31,Nagpur,Maharashtra,Regular,2024-03-18
12964,Customer_02964,Male,48,Mumbai,Maharashtra,VIP,2023-09-22
12965,Customer_02965,Male,27,Kochi,Kerala,Low Value,2024-10-11
12966,Customer_02966,Male,41,New Delhi,Delhi,Low Value,2024-05-23
12967,Customer_02967,Male,38,Noida,Uttar Pradesh,High Value,2024-04-10
12968,Customer_02968,Female,65,Kolkata,West Bengal,Low Value,2023-12-31
12969,Customer_02969,Female,25,Bengaluru,Karnataka,Regular,2024-05-07
12970,Customer_02970,Female,49,Lucknow,Uttar Pradesh,Regular,2024-06-25
12971,Customer_02971,Male,48,Thiruvananthapuram,Kerala,Regular,2024-12-23
12972,Customer_02972,Female,51,Bengaluru,Karnataka,Low Value,2025-04-21
12973,Customer_02973,Female,40,Delhi,Delhi,Regular,2023-10-27
12974,Customer_02974,Male,42,Kochi,Kerala,VIP,2023-06-23
12975,Customer_02975,Female,24,Bengaluru,Karnataka,Low Value,2024-10-07
12976,Customer_02976,Female,36,New Delhi,Delhi,High Value,2023-01-24
12977,Customer_02977,Female,24,Surat,Gujarat,Regular,2024-12-31
12978,Customer_02978,Female,64,Noida,Uttar Pradesh,Regular,2023-01-07
12979,Customer_02979,Male,25,Lucknow,Uttar Pradesh,High Value,2025-10-26
12980,Customer_02980,Female,31,Kolkata,West Bengal,High Value,2025-05-27
12981,Customer_02981,Male,18,Delhi,Delhi,Low Value,2023-06-15
12982,Customer_02982,Male,30,Coimbatore,Tamil Nadu,Regular,2024-03-03
12983,Customer_02983,Female,20,Ahmedabad,Gujarat,Regular,2023-05-25
12984,Customer_02984,Female,45,Hyderabad,Telangana,Regular,2025-07-21
12985,Customer_02985,Male,55,Bengaluru,Karnataka,Regular,2024-05-23
12986,Customer_02986,Male,32,Surat,Gujarat,Regular,2025-06-25
12987,Customer_02987,Male,53,Delhi,Delhi,Regular,2024-10-06
12988,Customer_02988,Male,20,Jaipur,Rajasthan,Regular,2023-03-17
12989,Customer_02989,Female,21,Bengaluru,Karnataka,Low Value,2025-04-03
12990,Customer_02990,Female,22,Nashik,Maharashtra,Regular,2025-11-27
12991,Customer_02991,Female,43,Kanpur,Uttar Pradesh,High Value,2024-07-19
12992,Customer_02992,Male,42,Delhi,Delhi,Low Value,2024-09-08
12993,Customer_02993,Female,27,Nagpur,Maharashtra,Regular,2024-01-16
12994,Customer_02994,Male,25,Siliguri,West Bengal,VIP,2025-04-27
12995,Customer_02995,Female,29,Kozhikode,Kerala,Low Value,2023-10-30
12996,Customer_02996,Female,20,Hyderabad,Telangana,Regular,2025-01-25
12997,Customer_02997,Female,44,Warangal,Telangana,High Value,2023-06-13
12998,Customer_02998,Male,40,Pune,Maharashtra,High Value,2023-04-11
12999,Customer_02999,Male,57,Agra,Uttar Pradesh,Regular,2025-06-16
13000,Customer_03000,Male,50,Siliguri,West Bengal,Regular,2025-02-21
13001,Customer_03001,Female,31,Jaipur,Rajasthan,High Value,2024-01-03
13002,Customer_03002,Male,40,Noida,Uttar Pradesh,Regular,2024-12-27
13003,Customer_03003,Male,48,Surat,Gujarat,Regular,2024-01-07
13004,Customer_03004,Male,30,Warangal,Telangana,Regular,2025-05-11
13005,Customer_03005,Female,29,Vadodara,Gujarat,High Value,2023-10-07
13006,Customer_03006,Male,52,Hubballi,Karnataka,High Value,2023-11-12
13007,Customer_03007,Female,35,Coimbatore,Tamil Nadu,Regular,2025-03-26
13008,Customer_03008,Female,38,Delhi,Delhi,Regular,2023-05-31
13009,Customer_03009,Female,62,Kolkata,West Bengal,Regular,2025-10-05
13010,Customer_03010,Male,64,Lucknow,Uttar Pradesh,Regular,2024-10-30
13011,Customer_03011,Male,59,Warangal,Telangana,Regular,2024-02-11
13012,Customer_03012,Male,18,Ahmedabad,Gujarat,Regular,2023-10-14
13013,Customer_03013,Male,55,Kozhikode,Kerala,Low Value,2025-07-05
13014,Customer_03014,Male,58,Mysuru,Karnataka,Regular,2024-05-06
13015,Customer_03015,Female,59,New Delhi,Delhi,High Value,2025-10-29
13016,Customer_03016,Male,64,Delhi,Delhi,Regular,2025-01-07
13017,Customer_03017,Female,26,Agra,Uttar Pradesh,Regular,2023-05-11
13018,Customer_03018,Male,40,Kolkata,West Bengal,Regular,2025-09-23
13019,Customer_03019,Female,31,Udaipur,Rajasthan,Regular,2024-05-12
13020,Customer_03020,Female,28,Kochi,Kerala,Low Value,2024-09-13
13021,Customer_03021,Female,24,Noida,Uttar Pradesh,Regular,2025-06-07
13022,Customer_03022,Female,48,Ahmedabad,Gujarat,Regular,2023-12-20
13023,Customer_03023,Female,41,Madurai,Tamil Nadu,Low Value,2023-09-28
13024,Customer_03024,Female,43,Thane,Maharashtra,Regular,2024-03-07
13025,Customer_03025,Male,47,Jaipur,Rajasthan,Regular,2025-01-08
13026,Customer_03026,Female,51,Siliguri,West Bengal,Low Value,2024-04-16
13027,Customer_03027,Male,63,Hubballi,Karnataka,Regular,2024-05-22
13028,Customer_03028,Male,55,Jaipur,Rajasthan,Regular,2023-02-24
13029,Customer_03029,Male,22,Warangal,Telangana,Low Value,2023-02-06
13030,Customer_03030,Male,22,Kolkata,West Bengal,Regular,2025-06-18
13031,Customer_03031,Male,36,Coimbatore,Tamil Nadu,Low Value,2023-02-24
13032,Customer_03032,Male,55,Warangal,Telangana,VIP,2024-06-07
13033,Customer_03033,Male,45,Jaipur,Rajasthan,Regular,2025-07-03
13034,Customer_03034,Female,43,Nagpur,Maharashtra,High Value,2024-04-07
13035,Customer_03035,Male,59,Pune,Maharashtra,Regular,2024-11-27
13036,Customer_03036,Female,40,Chennai,Tamil Nadu,High Value,2024-12-16
13037,Customer_03037,Male,63,New Delhi,Delhi,High Value,2025-10-27
13038,Customer_03038,Female,47,Thiruvananthapuram,Kerala,VIP,2025-01-01
13039,Customer_03039,Female,20,Bengaluru,Karnataka,Regular,2025-09-15
13040,Customer_03040,Female,45,Delhi,Delhi,Regular,2023-07-31
13041,Customer_03041,Female,50,Pune,Maharashtra,High Value,2025-01-23
13042,Customer_03042,Male,59,Nagpur,Maharashtra,Regular,2024-03-11
13043,Customer_03043,Other,20,Surat,Gujarat,High Value,2023-03-25
13044,Customer_03044,Female,22,Warangal,Telangana,Low Value,2025-02-17
13045,Customer_03045,Female,36,Jaipur,Rajasthan,Regular,2025-04-13
13046,Customer_03046,Female,59,Mangaluru,Karnataka,Regular,2024-04-05
13047,Customer_03047,Male,65,Chennai,Tamil Nadu,Low Value,2023-06-26
13048,Customer_03048,Female,18,Jodhpur,Rajasthan,Regular,2023-11-08
13049,Customer_03049,Male,55,Vadodara,Gujarat,Regular,2023-07-05
13050,Customer_03050,Female,26,Mumbai,Maharashtra,Regular,2023-09-03
13051,Customer_03051,Male,22,Coimbatore,Tamil Nadu,Low Value,2025-10-13
13052,Customer_03052,Female,63,Thane,Maharashtra,High Value,2024-01-19
13053,Customer_03053,Male,59,Mysuru,Karnataka,Low Value,2025-12-01
13054,Customer_03054,Male,51,Hyderabad,Telangana,Low Value,2023-10-12
13055,Customer_03055,Female,54,Jodhpur,Rajasthan,Regular,2025-09-06
13056,Customer_03056,Female,50,Jodhpur,Rajasthan,Regular,2025-09-14
13057,Customer_03057,Female,42,Delhi,Delhi,Regular,2023-10-27
13058,Customer_03058,Male,59,Coimbatore,Tamil Nadu,VIP,2025-06-19
13059,Customer_03059,Male,46,Kochi,Kerala,High Value,2025-05-23
13060,Customer_03060,Female,42,Surat,Gujarat,Low Value,2024-04-30
13061,Customer_03061,Other,26,Kochi,Kerala,Regular,2024-03-11
13062,Customer_03062,Female,20,Delhi,Delhi,Regular,2025-03-16
13063,Customer_03063,Male,32,Mysuru,Karnataka,Regular,2023-06-30
13064,Customer_03064,Female,21,Surat,Gujarat,Regular,2025-06-01
13065,Customer_03065,Male,62,Warangal,Telangana,VIP,2025-05-26
13066,Customer_03066,Female,55,Kozhikode,Kerala,Regular,2024-11-24
13067,Customer_03067,Male,37,Hyderabad,Telangana,Regular,2023-12-06
13068,Customer_03068,Male,40,Kochi,Kerala,High Value,2024-05-05
13069,Customer_03069,Female,54,Warangal,Telangana,Low Value,2024-05-09
13070,Customer_03070,Female,64,Kochi,Kerala,High Value,2024-12-30
13071,Customer_03071,Male,25,Warangal,Telangana,Regular,2024-03-31
13072,Customer_03072,Male,54,New Delhi,Delhi,High Value,2023-04-15
13073,Customer_03073,Male,62,Kolkata,West Bengal,Regular,2024-12-19
13074,Customer_03074,Female,50,Surat,Gujarat,Regular,2024-03-14
13075,Customer_03075,Male,50,Coimbatore,Tamil Nadu,Regular,2024-10-12
13076,Customer_03076,Male,24,Mangaluru,Karnataka,Low Value,2024-05-23
13077,Customer_03077,Female,39,Kanpur,Uttar Pradesh,VIP,2023-09-08
13078,Customer_03078,Female,22,Thane,Maharashtra,Regular,2025-08-22
13079,Customer_03079,Female,63,Madurai,Tamil Nadu,Regular,2023-02-16
13080,Customer_03080,Female,32,Pune,Maharashtra,Low Value,2025-05-28
13081,Customer_03081,Female,38,Ahmedabad,Gujarat,Regular,2025-10-14
13082,Customer_03082,Female,42,Coimbatore,Tamil Nadu,VIP,2025-02-13
13083,Customer_03083,Female,34,Warangal,Telangana,VIP,2025-06-03
13084,Customer_03084,Female,24,Hyderabad,Telangana,Low Value,2023-03-05
13085,Customer_03085,Male,36,Noida,Uttar Pradesh,Low Value,2023-11-16
13086,Customer_03086,Other,24,Nagpur,Maharashtra,Regular,2025-05-09
13087,Customer_03087,Male,57,Hubballi,Karnataka,Regular,2025-02-18
13088,Customer_03088,Male,62,Surat,Gujarat,Regular,2023-01-29
13089,Customer_03089,Male,41,Hyderabad,Telangana,Low Value,2024-03-12
13090,Customer_03090,Male,28,Siliguri,West Bengal,Low Value,2025-02-01
13091,Customer_03091,Female,58,Delhi,Delhi,Low Value,2025-01-05
13092,Customer_03092,Female,18,New Delhi,Delhi,Low Value,2025-12-06
13093,Customer_03093,Female,49,Thiruvananthapuram,Kerala,Low Value,2024-03-26
13094,Customer_03094,Female,57,Mangaluru,Karnataka,High Value,2024-09-24
13095,Customer_03095,Female,61,New Delhi,Delhi,Low Value,2025-12-12
13096,Customer_03096,Male,19,Thiruvananthapuram,Kerala,Regular,2023-08-21
13097,Customer_03097,Female,32,Pune,Maharashtra,Low Value,2023-07-19
13098,Customer_03098,Female,38,Warangal,Telangana,Regular,2024-11-04
13099,Customer_03099,Male,41,Hyderabad,Telangana,High Value,2024-07-02
13100,Customer_03100,Female,34,Siliguri,West Bengal,Regular,2025-07-25
13101,Customer_03101,Male,64,Coimbatore,Tamil Nadu,Regular,2023-04-07
13102,Customer_03102,Male,26,Delhi,Delhi,High Value,2023-02-18
13103,Customer_03103,Male,52,Thane,Maharashtra,Regular,2025-06-14
13104,Customer_03104,Male,37,Jodhpur,Rajasthan,Regular,2024-06-05
13105,Customer_03105,Female,36,Delhi,Delhi,Regular,2023-02-09
13106,Customer_03106,Female,35,Mysuru,Karnataka,Regular,2025-07-02
13107,Customer_03107,Male,37,Madurai,Tamil Nadu,High Value,2024-07-06
13108,Customer_03108,Female,47,New Delhi,Delhi,Low Value,2024-11-06
13109,Customer_03109,Female,57,Thane,Maharashtra,Regular,2025-02-08
13110,Customer_03110,Male,18,Delhi,Delhi,VIP,2023-07-30
13111,Customer_03111,Male,41,Mysuru,Karnataka,Regular,2024-03-08
13112,Customer_03112,Female,41,Udaipur,Rajasthan,Regular,2024-12-07
13113,Customer_03113,Female,64,Ahmedabad,Gujarat,VIP,2024-07-18
13114,Customer_03114,Other,36,Kanpur,Uttar Pradesh,Regular,2023-05-27
13115,Customer_03115,Male,47,Jaipur,Rajasthan,Regular,2023-10-09
13116,Customer_03116,Female,43,Kozhikode,Kerala,Regular,2025-01-24
13117,Customer_03117,Male,59,Delhi,Delhi,Regular,2025-12-10
13118,Customer_03118,Male,61,Warangal,Telangana,Regular,2024-05-09
13119,Customer_03119,Female,55,Kolkata,West Bengal,High Value,2024-02-13
13120,Customer_03120,Male,46,Hyderabad,Telangana,Low Value,2023-09-30
13121,Customer_03121,Male,30,Jaipur,Rajasthan,High Value,2024-04-02
13122,Customer_03122,Male,21,Hyderabad,Telangana,Regular,2023-02-15
13123,Customer_03123,Male,62,Nagpur,Maharashtra,High Value,2023-11-07
13124,Customer_03124,Female,34,Hyderabad,Telangana,Regular,2024-07-15
13125,Customer_03125,Female,50,Madurai,Tamil Nadu,Regular,2023-11-27
13126,Customer_03126,Male,22,Surat,Gujarat,High Value,2023-01-11
13127,Customer_03127,Male,45,New Delhi,Delhi,Regular,2025-06-26
13128,Customer_03128,Male,41,Warangal,Telangana,High Value,2025-12-07
13129,Customer_03129,Female,34,Mangaluru,Karnataka,Regular,2023-01-08
13130,Customer_03130,Male,56,Surat,Gujarat,Regular,2025-09-10
13131,Customer_03131,Female,65,Surat,Gujarat,VIP,2024-07-19
13132,Customer_03132,Male,57,Hyderabad,Telangana,Low Value,2023-09-30
13133,Customer_03133,Male,61,Vadodara,Gujarat,High Value,2025-07-29
13134,Customer_03134,Female,63,Siliguri,West Bengal,High Value,2025-06-19
13135,Customer_03135,Female,28,Hyderabad,Telangana,Regular,2023-05-11
13136,Customer_03136,Male,29,Mumbai,Maharashtra,Regular,2024-12-24
13137,Customer_03137,Female,30,Jodhpur,Rajasthan,Regular,2024-09-25
13138,Customer_03138,Female,25,Chennai,Tamil Nadu,High Value,2023-04-24
13139,Customer_03139,Female,18,Kanpur,Uttar Pradesh,Low Value,2024-06-15
13140,Customer_03140,Female,26,Kochi,Kerala,Regular,2025-11-10
13141,Customer_03141,Female,45,Vadodara,Gujarat,High Value,2023-02-02
13142,Customer_03142,Other,19,Pune,Maharashtra,Regular,2023-05-13
13143,Customer_03143,Male,31,Delhi,Delhi,Low Value,2025-07-08
13144,Customer_03144,Female,30,Delhi,Delhi,Regular,2025-09-01
13145,Customer_03145,Male,65,Kochi,Kerala,High Value,2023-01-26
13146,Customer_03146,Male,19,Coimbatore,Tamil Nadu,Regular,2024-08-23
13147,Customer_03147,Male,21,Ahmedabad,Gujarat,High Value,2024-06-28
13148,Customer_03148,Male,29,Kolkata,West Bengal,Regular,2023-01-18
13149,Customer_03149,Female,65,Kochi,Kerala,Low Value,2025-07-22
13150,Customer_03150,Female,27,Coimbatore,Tamil Nadu,Regular,2023-10-16
13151,Customer_03151,Female,20,Ahmedabad,Gujarat,Regular,2025-11-16
13152,Customer_03152,Male,21,Thane,Maharashtra,Low Value,2025-03-27
13153,Customer_03153,Male,23,Jaipur,Rajasthan,Regular,2023-04-18
13154,Customer_03154,Female,40,Kolkata,West Bengal,Regular,2025-08-30
13155,Customer_03155,Male,22,Kanpur,Uttar Pradesh,Regular,2025-08-05
13156,Customer_03156,Female,20,New Delhi,Delhi,Regular,2025-01-07
13157,Customer_03157,Female,27,Mangaluru,Karnataka,Regular,2023-11-20
13158,Customer_03158,Female,60,Pune,Maharashtra,Regular,2025-05-16
13159,Customer_03159,Female,36,Delhi,Delhi,Low Value,2025-01-04
13160,Customer_03160,Female,31,Hyderabad,Telangana,Low Value,2025-03-03
13161,Customer_03161,Male,38,Mysuru,Karnataka,Regular,2023-10-16
13162,Customer_03162,Female,60,Delhi,Delhi,Regular,2025-11-26
13163,Customer_03163,Male,45,Chennai,Tamil Nadu,Regular,2025-06-10
13164,Customer_03164,Male,38,Kolkata,West Bengal,High Value,2023-02-12
13165,Customer_03165,Male,53,New Delhi,Delhi,Regular,2023-01-09
13166,Customer_03166,Female,41,Noida,Uttar Pradesh,Regular,2023-07-03
13167,Customer_03167,Male,55,Jaipur,Rajasthan,Regular,2025-06-13
13168,Customer_03168,Male,34,Chennai,Tamil Nadu,Low Value,2025-12-12
13169,Customer_03169,Male,39,Pune,Maharashtra,High Value,2025-05-19
13170,Customer_03170,Female,36,Mumbai,Maharashtra,Regular,2024-06-16
13171,Customer_03171,Female,62,Pune,Maharashtra,Regular,2025-09-26
13172,Customer_03172,Female,27,Pune,Maharashtra,Regular,2024-10-24
13173,Customer_03173,Female,28,Udaipur,Rajasthan,Low Value,2025-08-11
13174,Customer_03174,Male,55,New Delhi,Delhi,Low Value,2023-03-10
13175,Customer_03175,Male,19,Ahmedabad,Gujarat,High Value,2023-10-28
13176,Customer_03176,Female,50,Delhi,Delhi,High Value,2023-01-27
13177,Customer_03177,Male,60,Warangal,Telangana,High Value,2025-07-18
13178,Customer_03178,Male,48,Siliguri,West Bengal,Regular,2024-10-15
13179,Customer_03179,Male,65,Bengaluru,Karnataka,Regular,2024-07-06
13180,Customer_03180,Female,52,Vadodara,Gujarat,Regular,2023-04-16
13181,Customer_03181,Male,54,Surat,Gujarat,Regular,2024-08-08
13182,Customer_03182,Female,64,New Delhi,Delhi,Regular,2024-07-25
13183,Customer_03183,Male,64,Surat,Gujarat,Regular,2025-03-20
13184,Customer_03184,Female,53,Thiruvananthapuram,Kerala,Regular,2024-09-25
13185,Customer_03185,Male,40,Thiruvananthapuram,Kerala,Regular,2025-10-31
13186,Customer_03186,Male,53,Warangal,Telangana,High Value,2025-07-19
13187,Customer_03187,Male,57,Mysuru,Karnataka,Regular,2024-10-20
13188,Customer_03188,Female,56,Noida,Uttar Pradesh,Regular,2025-06-04
13189,Customer_03189,Male,43,Udaipur,Rajasthan,Regular,2023-11-17
13190,Customer_03190,Female,42,New Delhi,Delhi,Low Value,2024-04-04
13191,Customer_03191,Female,34,Jodhpur,Rajasthan,Low Value,2024-08-01
13192,Customer_03192,Female,32,Noida,Uttar Pradesh,Low Value,2025-05-26
13193,Customer_03193,Male,54,Delhi,Delhi,Regular,2025-01-23
13194,Customer_03194,Male,62,New Delhi,Delhi,Regular,2023-06-09
13195,Customer_03195,Male,21,Mangaluru,Karnataka,Regular,2024-04-08
13196,Customer_03196,Female,39,Jodhpur,Rajasthan,High Value,2025-09-24
13197,Customer_03197,Female,34,Thiruvananthapuram,Kerala,Regular,2023-08-29
13198,Customer_03198,Female,39,Mumbai,Maharashtra,VIP,2025-07-24
13199,Customer_03199,Female,34,Jaipur,Rajasthan,Regular,2025-08-21
13200,Customer_03200,Male,31,Kolkata,West Bengal,Regular,2025-08-16
13201,Customer_03201,Male,31,Kolkata,West Bengal,Low Value,2025-05-14
13202,Customer_03202,Female,34,Delhi,Delhi,Regular,2024-10-11
13203,Customer_03203,Male,25,Thane,Maharashtra,Low Value,2023-11-23
13204,Customer_03204,Male,51,Madurai,Tamil Nadu,High Value,2025-05-14
13205,Customer_03205,Female,43,Kanpur,Uttar Pradesh,High Value,2024-06-12
13206,Customer_03206,Male,62,Hyderabad,Telangana,Regular,2025-05-28
13207,Customer_03207,Female,47,Nashik,Maharashtra,Regular,2023-11-30
13208,Customer_03208,Female,39,Warangal,Telangana,VIP,2025-10-23
13209,Customer_03209,Female,33,Jaipur,Rajasthan,High Value,2025-12-10
13210,Customer_03210,Male,47,Jaipur,Rajasthan,Regular,2025-05-31
13211,Customer_03211,Male,33,Warangal,Telangana,Regular,2023-12-16
13212,Customer_03212,Female,55,Kanpur,Uttar Pradesh,Regular,2023-06-23
13213,Customer_03213,Male,41,Pune,Maharashtra,Regular,2023-04-26
13214,Customer_03214,Male,53,Coimbatore,Tamil Nadu,High Value,2023-12-27
13215,Customer_03215,Male,52,New Delhi,Delhi,Low Value,2023-03-17
13216,Customer_03216,Male,23,Mysuru,Karnataka,Regular,2025-01-25
13217,Customer_03217,Male,21,Jodhpur,Rajasthan,Regular,2023-03-13
13218,Customer_03218,Female,35,Kolkata,West Bengal,Regular,2024-03-27
13219,Customer_03219,Male,23,Noida,Uttar Pradesh,Low Value,2025-06-29
13220,Customer_03220,Male,43,Hubballi,Karnataka,Regular,2024-01-02
13221,Customer_03221,Female,54,Madurai,Tamil Nadu,Regular,2025-04-05
13222,Customer_03222,Female,44,Surat,Gujarat,Regular,2024-10-31
13223,Customer_03223,Male,58,New Delhi,Delhi,Regular,2025-11-13
13224,Customer_03224,Male,28,Jaipur,Rajasthan,Regular,2023-04-20
13225,Customer_03225,Female,55,New Delhi,Delhi,Regular,2023-02-21
13226,Customer_03226,Female,33,Mangaluru,Karnataka,Low Value,2024-04-11
13227,Customer_03227,Female,36,Delhi,Delhi,VIP,2025-03-28
13228,Customer_03228,Female,60,Vadodara,Gujarat,Low Value,2025-02-25
13229,Customer_03229,Male,32,Bengaluru,Karnataka,Low Value,2024-07-09
13230,Customer_03230,Female,43,Jaipur,Rajasthan,Regular,2025-07-17
13231,Customer_03231,Male,58,Nagpur,Maharashtra,Regular,2023-09-16
13232,Customer_03232,Female,48,Kolkata,West Bengal,Regular,2023-03-06
13233,Customer_03233,Female,36,Bengaluru,Karnataka,Low Value,2023-06-12
13234,Customer_03234,Female,41,Thiruvananthapuram,Kerala,High Value,2023-02-08
13235,Customer_03235,Male,26,Ahmedabad,Gujarat,Regular,2024-10-26
13236,Customer_03236,Male,40,Bengaluru,Karnataka,Regular,2023-11-16
13237,Customer_03237,Female,21,Mangaluru,Karnataka,Low Value,2023-12-26
13238,Customer_03238,Female,27,Kozhikode,Kerala,Regular,2023-09-26
13239,Customer_03239,Female,26,Jaipur,Rajasthan,Regular,2023-11-20
13240,Customer_03240,Male,36,Mysuru,Karnataka,High Value,2023-11-22
13241,Customer_03241,Male,32,Siliguri,West Bengal,Regular,2023-09-14
13242,Customer_03242,Female,51,New Delhi,Delhi,High Value,2023-07-19
13243,Customer_03243,Male,59,Jaipur,Rajasthan,Low Value,2024-09-01
13244,Customer_03244,Female,36,Siliguri,West Bengal,Regular,2025-06-23
13245,Customer_03245,Male,38,Jaipur,Rajasthan,Regular,2023-06-13
13246,Customer_03246,Female,51,Kolkata,West Bengal,Regular,2024-09-06
13247,Customer_03247,Female,34,Vadodara,Gujarat,Regular,2023-04-16
13248,Customer_03248,Female,35,Siliguri,West Bengal,High Value,2024-11-29
13249,Customer_03249,Male,34,Warangal,Telangana,Regular,2023-12-30
13250,Customer_03250,Female,19,Kolkata,West Bengal,High Value,2025-11-10
13251,Customer_03251,Male,18,Pune,Maharashtra,Regular,2024-10-21
13252,Customer_03252,Female,60,Thane,Maharashtra,High Value,2024-11-29
13253,Customer_03253,Male,27,Kanpur,Uttar Pradesh,Regular,2025-01-16
13254,Customer_03254,Male,54,Warangal,Telangana,Regular,2025-08-18
13255,Customer_03255,Male,65,Warangal,Telangana,Regular,2025-07-18
13256,Customer_03256,Male,22,New Delhi,Delhi,High Value,2023-07-28
13257,Customer_03257,Female,29,Warangal,Telangana,Regular,2025-12-25
13258,Customer_03258,Male,53,New Delhi,Delhi,Regular,2024-05-05
13259,Customer_03259,Female,48,Noida,Uttar Pradesh,Regular,2024-12-03
13260,Customer_03260,Other,55,Lucknow,Uttar Pradesh,High Value,2024-05-16
13261,Customer_03261,Male,26,Vadodara,Gujarat,Low Value,2024-10-27
13262,Customer_03262,Female,61,Pune,Maharashtra,Regular,2023-08-09
13263,Customer_03263,Male,43,Kolkata,West Bengal,High Value,2024-03-10
13264,Customer_03264,Male,32,Siliguri,West Bengal,Regular,2023-10-07
13265,Customer_03265,Male,33,Kozhikode,Kerala,Regular,2024-06-07
13266,Customer_03266,Female,30,Thiruvananthapuram,Kerala,Regular,2024-10-28
13267,Customer_03267,Male,42,Madurai,Tamil Nadu,High Value,2025-11-12
13268,Customer_03268,Female,47,Udaipur,Rajasthan,High Value,2025-01-01
13269,Customer_03269,Female,24,Surat,Gujarat,High Value,2023-12-14
13270,Customer_03270,Female,21,Madurai,Tamil Nadu,Regular,2025-02-03
13271,Customer_03271,Male,60,Madurai,Tamil Nadu,Regular,2025-07-22
13272,Customer_03272,Female,57,Hubballi,Karnataka,Regular,2023-07-02
13273,Customer_03273,Female,55,Mysuru,Karnataka,Low Value,2024-05-22
13274,Customer_03274,Female,47,Chennai,Tamil Nadu,VIP,2023-07-17
13275,Customer_03275,Female,27,Hyderabad,Telangana,VIP,2024-01-16
13276,Customer_03276,Female,47,Udaipur,Rajasthan,Regular,2025-04-04
13277,Customer_03277,Male,56,Surat,Gujarat,Regular,2025-10-26
13278,Customer_03278,Male,24,Chennai,Tamil Nadu,Regular,2023-07-11
13279,Customer_03279,Male,53,Siliguri,West Bengal,Regular,2024-06-08
13280,Customer_03280,Male,52,Jaipur,Rajasthan,High Value,2025-11-25
13281,Customer_03281,Male,41,Bengaluru,Karnataka,Regular,2025-12-29
13282,Customer_03282,Male,56,Kolkata,West Bengal,Regular,2023-10-16
13283,Customer_03283,Male,53,Mysuru,Karnataka,Regular,2023-04-15
13284,Customer_03284,Female,62,Mysuru,Karnataka,Low Value,2023-11-09
13285,Customer_03285,Male,37,Udaipur,Rajasthan,High Value,2025-12-14
13286,Customer_03286,Female,49,Bengaluru,Karnataka,Low Value,2023-11-03
13287,Customer_03287,Male,56,Noida,Uttar Pradesh,Regular,2025-03-31
13288,Customer_03288,Female,43,Thane,Maharashtra,Low Value,2023-02-05
13289,Customer_03289,Female,43,Lucknow,Uttar Pradesh,High Value,2025-06-05
13290,Customer_03290,Male,53,Mumbai,Maharashtra,Regular,2025-11-14
13291,Customer_03291,Male,60,Kochi,Kerala,Regular,2025-11-26
13292,Customer_03292,Male,52,Kozhikode,Kerala,Regular,2025-11-08
13293,Customer_03293,Male,60,Mysuru,Karnataka,Regular,2023-02-04
13294,Customer_03294,Female,52,Vadodara,Gujarat,Regular,2024-04-11
13295,Customer_03295,Female,29,Surat,Gujarat,Low Value,2025-06-15
13296,Customer_03296,Male,50,Nashik,Maharashtra,Regular,2023-07-18
13297,Customer_03297,Male,53,Siliguri,West Bengal,High Value,2025-02-06
13298,Customer_03298,Male,31,Jaipur,Rajasthan,Regular,2023-08-29
13299,Customer_03299,Male,50,Bengaluru,Karnataka,Regular,2023-10-21
13300,Customer_03300,Female,63,Jodhpur,Rajasthan,Regular,2025-07-10
13301,Customer_03301,Male,62,Kanpur,Uttar Pradesh,Regular,2024-04-12
13302,Customer_03302,Female,62,Surat,Gujarat,Low Value,2024-01-02
13303,Customer_03303,Male,41,Warangal,Telangana,Regular,2025-11-10
13304,Customer_03304,Male,32,Kanpur,Uttar Pradesh,High Value,2023-11-12
13305,Customer_03305,Female,48,Agra,Uttar Pradesh,High Value,2025-01-27
13306,Customer_03306,Male,34,Nashik,Maharashtra,Low Value,2024-03-26
13307,Customer_03307,Female,29,Delhi,Delhi,Regular,2025-02-16
13308,Customer_03308,Female,39,Agra,Uttar Pradesh,Low Value,2025-06-26
13309,Customer_03309,Male,40,Mysuru,Karnataka,Regular,2024-03-21
13310,Customer_03310,Male,43,Coimbatore,Tamil Nadu,Regular,2025-08-14
13311,Customer_03311,Female,31,Madurai,Tamil Nadu,Regular,2023-03-21
13312,Customer_03312,Female,29,Mysuru,Karnataka,Regular,2025-11-06
13313,Customer_03313,Female,21,New Delhi,Delhi,Regular,2023-05-18
13314,Customer_03314,Male,63,New Delhi,Delhi,Regular,2024-10-13
13315,Customer_03315,Other,30,Thane,Maharashtra,Regular,2025-04-30
13316,Customer_03316,Male,35,Vadodara,Gujarat,Low Value,2024-07-05
13317,Customer_03317,Female,60,Jaipur,Rajasthan,Low Value,2023-03-15
13318,Customer_03318,Female,45,New Delhi,Delhi,Low Value,2023-02-19
13319,Customer_03319,Male,55,Hyderabad,Telangana,Low Value,2025-10-30
13320,Customer_03320,Female,58,Mumbai,Maharashtra,Regular,2024-01-23
13321,Customer_03321,Male,61,Thiruvananthapuram,Kerala,Regular,2024-01-20
13322,Customer_03322,Female,36,Siliguri,West Bengal,Low Value,2023-10-26
13323,Customer_03323,Male,63,Kozhikode,Kerala,Regular,2023-12-05
13324,Customer_03324,Female,64,Mumbai,Maharashtra,High Value,2024-04-18
13325,Customer_03325,Male,60,Kanpur,Uttar Pradesh,Regular,2024-09-07
13326,Customer_03326,Female,55,Udaipur,Rajasthan,High Value,2025-08-19
13327,Customer_03327,Female,63,Siliguri,West Bengal,Regular,2025-03-02
13328,Customer_03328,Male,20,Kochi,Kerala,Regular,2023-01-13
13329,Customer_03329,Male,36,Kolkata,West Bengal,Regular,2024-03-24
13330,Customer_03330,Female,37,Warangal,Telangana,Low Value,2023-06-23
13331,Customer_03331,Male,42,Warangal,Telangana,Regular,2024-08-17
13332,Customer_03332,Female,28,Hyderabad,Telangana,Regular,2025-07-20
13333,Customer_03333,Male,34,Nagpur,Maharashtra,Regular,2023-09-26
13334,Customer_03334,Female,52,Jodhpur,Rajasthan,Low Value,2024-09-09
13335,Customer_03335,Male,31,Mumbai,Maharashtra,Regular,2025-02-11
13336,Customer_03336,Male,56,Coimbatore,Tamil Nadu,Regular,2025-05-14
13337,Customer_03337,Male,36,Agra,Uttar Pradesh,Low Value,2024-06-09
13338,Customer_03338,Male,20,Lucknow,Uttar Pradesh,High Value,2025-06-06
13339,Customer_03339,Male,51,Hyderabad,Telangana,Low Value,2024-11-02
13340,Customer_03340,Female,58,Madurai,Tamil Nadu,Regular,2023-06-27
13341,Customer_03341,Female,39,Delhi,Delhi,Regular,2023-09-16
13342,Customer_03342,Female,55,New Delhi,Delhi,High Value,2023-09-17
13343,Customer_03343,Female,44,Hyderabad,Telangana,Regular,2024-10-04
13344,Customer_03344,Male,38,Kochi,Kerala,Regular,2023-03-22
13345,Customer_03345,Female,58,Pune,Maharashtra,Low Value,2025-12-18
13346,Customer_03346,Male,48,Hyderabad,Telangana,Low Value,2023-05-09
13347,Customer_03347,Female,44,Ahmedabad,Gujarat,Low Value,2024-02-16
13348,Customer_03348,Male,54,Kolkata,West Bengal,Regular,2023-11-11
13349,Customer_03349,Male,19,Lucknow,Uttar Pradesh,Low Value,2024-03-30
13350,Customer_03350,Male,64,Delhi,Delhi,Regular,2024-09-06
13351,Customer_03351,Female,26,Mangaluru,Karnataka,Low Value,2025-06-17
13352,Customer_03352,Male,36,New Delhi,Delhi,High Value,2025-06-21
13353,Customer_03353,Female,59,Noida,Uttar Pradesh,Regular,2025-10-29
13354,Customer_03354,Male,53,Siliguri,West Bengal,Low Value,2023-08-20
13355,Customer_03355,Female,27,Noida,Uttar Pradesh,Low Value,2024-09-02
13356,Customer_03356,Female,57,Bengaluru,Karnataka,Regular,2024-12-30
13357,Customer_03357,Male,62,Warangal,Telangana,Regular,2025-08-22
13358,Customer_03358,Male,56,Chennai,Tamil Nadu,High Value,2025-05-31
13359,Customer_03359,Female,24,Hubballi,Karnataka,Regular,2023-11-14
13360,Customer_03360,Female,21,Noida,Uttar Pradesh,Regular,2024-06-05
13361,Customer_03361,Male,32,Noida,Uttar Pradesh,High Value,2024-12-16
13362,Customer_03362,Female,29,Ahmedabad,Gujarat,High Value,2025-12-15
13363,Customer_03363,Female,65,Ahmedabad,Gujarat,High Value,2025-12-08
13364,Customer_03364,Male,23,Jodhpur,Rajasthan,Regular,2025-11-05
13365,Customer_03365,Female,26,Ahmedabad,Gujarat,High Value,2025-06-02
13366,Customer_03366,Male,52,Mumbai,Maharashtra,Regular,2023-07-21
13367,Customer_03367,Male,25,Madurai,Tamil Nadu,Regular,2023-04-03
13368,Customer_03368,Female,24,Kolkata,West Bengal,Regular,2025-11-22
13369,Customer_03369,Male,21,Bengaluru,Karnataka,Regular,2024-02-23
13370,Customer_03370,Male,30,Kanpur,Uttar Pradesh,Regular,2024-07-04
13371,Customer_03371,Female,36,Jaipur,Rajasthan,Regular,2024-09-17
13372,Customer_03372,Female,24,Jaipur,Rajasthan,Regular,2025-04-24
13373,Customer_03373,Female,27,Kolkata,West Bengal,Regular,2025-05-31
13374,Customer_03374,Female,42,Madurai,Tamil Nadu,Low Value,2024-12-20
13375,Customer_03375,Female,61,Hubballi,Karnataka,Regular,2025-08-01
13376,Customer_03376,Male,52,Delhi,Delhi,Regular,2024-01-29
13377,Customer_03377,Male,42,Ahmedabad,Gujarat,Regular,2025-03-19
13378,Customer_03378,Female,46,Warangal,Telangana,Regular,2025-05-21
13379,Customer_03379,Male,29,Udaipur,Rajasthan,Low Value,2025-05-16
13380,Customer_03380,Female,64,Vadodara,Gujarat,Regular,2024-07-24
13381,Customer_03381,Female,57,Ahmedabad,Gujarat,Regular,2024-09-25
13382,Customer_03382,Male,29,Mumbai,Maharashtra,VIP,2024-09-23
13383,Customer_03383,Female,23,Madurai,Tamil Nadu,Regular,2025-03-19
13384,Customer_03384,Female,27,Warangal,Telangana,Regular,2023-11-18
13385,Customer_03385,Male,19,New Delhi,Delhi,Low Value,2024-07-27
13386,Customer_03386,Other,62,Agra,Uttar Pradesh,Low Value,2025-11-29
13387,Customer_03387,Female,42,Thane,Maharashtra,Regular,2025-11-29
13388,Customer_03388,Male,24,Vadodara,Gujarat,Low Value,2025-05-19
13389,Customer_03389,Female,57,Ahmedabad,Gujarat,Regular,2025-01-15
13390,Customer_03390,Female,40,Thiruvananthapuram,Kerala,Low Value,2025-11-04
13391,Customer_03391,Female,65,Hyderabad,Telangana,Low Value,2025-07-25
13392,Customer_03392,Female,28,Warangal,Telangana,VIP,2025-08-16
13393,Customer_03393,Female,53,Thiruvananthapuram,Kerala,Regular,2023-02-17
13394,Customer_03394,Male,65,Warangal,Telangana,Regular,2023-07-08
13395,Customer_03395,Female,40,Surat,Gujarat,VIP,2023-10-31
13396,Customer_03396,Female,60,Jaipur,Rajasthan,Regular,2024-01-04
13397,Customer_03397,Male,24,Bengaluru,Karnataka,Low Value,2024-04-04
13398,Customer_03398,Male,44,Surat,Gujarat,Low Value,2023-09-04
13399,Customer_03399,Female,30,Mumbai,Maharashtra,Regular,2023-09-21
13400,Customer_03400,Female,34,Coimbatore,Tamil Nadu,Low Value,2024-06-13
13401,Customer_03401,Female,49,Thiruvananthapuram,Kerala,Low Value,2025-01-19
13402,Customer_03402,Female,43,Delhi,Delhi,VIP,2024-02-11
13403,Customer_03403,Female,39,Agra,Uttar Pradesh,Regular,2024-03-28
13404,Customer_03404,Female,30,New Delhi,Delhi,VIP,2025-03-24
13405,Customer_03405,Female,29,Ahmedabad,Gujarat,High Value,2024-07-31
13406,Customer_03406,Male,24,Pune,Maharashtra,High Value,2025-08-22
13407,Customer_03407,Female,18,Vadodara,Gujarat,Regular,2023-05-27
13408,Customer_03408,Female,50,Coimbatore,Tamil Nadu,Low Value,2024-02-10
13409,Customer_03409,Female,31,Jaipur,Rajasthan,Low Value,2023-07-02
13410,Customer_03410,Female,64,Agra,Uttar Pradesh,Regular,2023-08-24
13411,Customer_03411,Female,60,Madurai,Tamil Nadu,Low Value,2024-09-29
13412,Customer_03412,Male,58,Thiruvananthapuram,Kerala,Regular,2025-08-15
13413,Customer_03413,Male,34,Kozhikode,Kerala,Low Value,2023-06-28
13414,Customer_03414,Male,21,Ahmedabad,Gujarat,Regular,2024-03-07
13415,Customer_03415,Male,56,Thane,Maharashtra,Regular,2024-06-08
13416,Customer_03416,Female,18,Coimbatore,Tamil Nadu,Low Value,2025-01-12
13417,Customer_03417,Male,58,Siliguri,West Bengal,Regular,2023-11-19
13418,Customer_03418,Male,62,Mumbai,Maharashtra,Regular,2024-02-03
13419,Customer_03419,Female,41,Udaipur,Rajasthan,Regular,2023-12-03
13420,Customer_03420,Female,51,Thiruvananthapuram,Kerala,Regular,2023-04-29
13421,Customer_03421,Male,51,Ahmedabad,Gujarat,Low Value,2024-02-17
13422,Customer_03422,Female,41,Warangal,Telangana,VIP,2024-08-02
13423,Customer_03423,Female,32,Kozhikode,Kerala,Low Value,2023-11-01
13424,Customer_03424,Male,34,Agra,Uttar Pradesh,VIP,2023-07-15
13425,Customer_03425,Male,30,Mysuru,Karnataka,Regular,2023-11-29
13426,Customer_03426,Female,24,Hyderabad,Telangana,High Value,2025-11-09
13427,Customer_03427,Female,26,Vadodara,Gujarat,Regular,2024-09-14
13428,Customer_03428,Female,61,Siliguri,West Bengal,VIP,2024-10-19
13429,Customer_03429,Male,52,Hyderabad,Telangana,Regular,2024-12-04
13430,Customer_03430,Male,40,Agra,Uttar Pradesh,Regular,2025-06-01
13431,Customer_03431,Female,64,Pune,Maharashtra,High Value,2024-06-07
13432,Customer_03432,Male,56,Siliguri,West Bengal,Regular,2023-08-05
13433,Customer_03433,Male,40,Kochi,Kerala,High Value,2025-09-16
13434,Customer_03434,Female,43,Kolkata,West Bengal,High Value,2024-01-10
13435,Customer_03435,Male,18,Chennai,Tamil Nadu,Regular,2023-02-05
13436,Customer_03436,Female,31,Noida,Uttar Pradesh,Regular,2025-02-14
13437,Customer_03437,Female,49,Hyderabad,Telangana,Regular,2023-01-28
13438,Customer_03438,Male,65,Chennai,Tamil Nadu,VIP,2023-03-27
13439,Customer_03439,Female,27,Kolkata,West Bengal,High Value,2023-07-07
13440,Customer_03440,Male,18,Chennai,Tamil Nadu,Regular,2023-11-01
13441,Customer_03441,Female,22,New Delhi,Delhi,Regular,2025-02-04
13442,Customer_03442,Male,20,Lucknow,Uttar Pradesh,Low Value,2023-03-21
13443,Customer_03443,Male,44,Jodhpur,Rajasthan,Regular,2023-07-05
13444,Customer_03444,Female,39,Mumbai,Maharashtra,Regular,2025-10-25
13445,Customer_03445,Male,35,Kolkata,West Bengal,Regular,2024-07-11
13446,Customer_03446,Female,33,Lucknow,Uttar Pradesh,Regular,2024-05-23
13447,Customer_03447,Male,19,Udaipur,Rajasthan,Low Value,2025-08-28
13448,Customer_03448,Male,64,Udaipur,Rajasthan,Regular,2025-10-22
13449,Customer_03449,Female,30,Ahmedabad,Gujarat,Regular,2023-08-05
13450,Customer_03450,Male,62,Coimbatore,Tamil Nadu,Regular,2023-09-14
13451,Customer_03451,Male,33,Jodhpur,Rajasthan,Regular,2023-11-20
13452,Customer_03452,Female,25,New Delhi,Delhi,Regular,2023-07-16
13453,Customer_03453,Female,60,Kanpur,Uttar Pradesh,Regular,2024-05-18
13454,Customer_03454,Female,25,Hubballi,Karnataka,High Value,2024-11-24
13455,Customer_03455,Female,27,Bengaluru,Karnataka,Regular,2025-08-16
13456,Customer_03456,Male,50,Siliguri,West Bengal,Low Value,2023-01-18
13457,Customer_03457,Female,48,Kozhikode,Kerala,Low Value,2023-04-17
13458,Customer_03458,Male,29,Coimbatore,Tamil Nadu,Regular,2023-05-05
13459,Customer_03459,Female,26,Thiruvananthapuram,Kerala,High Value,2024-04-27
13460,Customer_03460,Male,54,Jaipur,Rajasthan,High Value,2025-10-24
13461,Customer_03461,Other,26,Kanpur,Uttar Pradesh,Regular,2024-09-18
13462,Customer_03462,Female,65,Siliguri,West Bengal,Low Value,2023-12-17
13463,Customer_03463,Female,35,Warangal,Telangana,Regular,2023-12-17
13464,Customer_03464,Female,47,Jaipur,Rajasthan,High Value,2024-10-10
13465,Customer_03465,Female,49,Chennai,Tamil Nadu,Low Value,2025-06-19
13466,Customer_03466,Female,57,Hubballi,Karnataka,Low Value,2023-08-16
13467,Customer_03467,Male,40,Ahmedabad,Gujarat,Regular,2023-01-16
13468,Customer_03468,Male,28,Noida,Uttar Pradesh,Regular,2024-02-29
13469,Customer_03469,Male,37,Mumbai,Maharashtra,Regular,2024-04-08
13470,Customer_03470,Male,36,Kozhikode,Kerala,Regular,2024-12-24
13471,Customer_03471,Female,53,Kolkata,West Bengal,Low Value,2025-03-04
13472,Customer_03472,Female,43,Thiruvananthapuram,Kerala,High Value,2023-06-26
13473,Customer_03473,Female,27,Kanpur,Uttar Pradesh,Regular,2024-06-26
13474,Customer_03474,Female,41,Kochi,Kerala,Regular,2024-05-23
13475,Customer_03475,Female,30,Noida,Uttar Pradesh,Low Value,2024-07-17
13476,Customer_03476,Male,63,Kochi,Kerala,Low Value,2023-08-21
13477,Customer_03477,Male,51,Delhi,Delhi,Low Value,2025-11-27
13478,Customer_03478,Male,46,Warangal,Telangana,Regular,2024-05-05
13479,Customer_03479,Male,53,Udaipur,Rajasthan,Low Value,2025-10-13
13480,Customer_03480,Female,24,Jaipur,Rajasthan,Regular,2024-03-19
13481,Customer_03481,Female,47,Madurai,Tamil Nadu,Regular,2023-01-20
13482,Customer_03482,Female,34,Nagpur,Maharashtra,Regular,2023-04-21
13483,Customer_03483,Female,65,Pune,Maharashtra,Low Value,2024-05-01
13484,Customer_03484,Female,30,Chennai,Tamil Nadu,Low Value,2023-03-30
13485,Customer_03485,Male,41,Ahmedabad,Gujarat,Regular,2024-03-09
13486,Customer_03486,Female,48,Udaipur,Rajasthan,VIP,2023-03-13
13487,Customer_03487,Male,44,Vadodara,Gujarat,Low Value,2025-04-01
13488,Customer_03488,Male,38,Lucknow,Uttar Pradesh,Regular,2025-03-26
13489,Customer_03489,Male,61,Agra,Uttar Pradesh,Low Value,2024-02-08
13490,Customer_03490,Male,18,Mangaluru,Karnataka,Regular,2023-09-08
13491,Customer_03491,Male,32,Kozhikode,Kerala,VIP,2025-05-18
13492,Customer_03492,Male,20,Pune,Maharashtra,Regular,2025-05-17
13493,Customer_03493,Female,23,Hubballi,Karnataka,High Value,2025-06-14
13494,Customer_03494,Female,31,Warangal,Telangana,Regular,2023-09-13
13495,Customer_03495,Male,55,Coimbatore,Tamil Nadu,High Value,2025-05-22
13496,Customer_03496,Male,50,Madurai,Tamil Nadu,High Value,2024-05-06
13497,Customer_03497,Female,55,Lucknow,Uttar Pradesh,High Value,2023-12-02
13498,Customer_03498,Male,25,Jaipur,Rajasthan,Low Value,2024-09-24
13499,Customer_03499,Female,43,Surat,Gujarat,Regular,2023-12-28
13500,Customer_03500,Female,32,Nagpur,Maharashtra,Regular,2025-11-19
13501,Customer_03501,Male,31,Hubballi,Karnataka,Low Value,2025-07-07
13502,Customer_03502,Male,65,Ahmedabad,Gujarat,Regular,2025-06-12
13503,Customer_03503,Male,37,Hubballi,Karnataka,Regular,2024-09-28
13504,Customer_03504,Male,65,Kochi,Kerala,Regular,2025-01-16
13505,Customer_03505,Male,36,Warangal,Telangana,Low Value,2024-11-13
13506,Customer_03506,Female,50,Warangal,Telangana,Low Value,2025-09-29
13507,Customer_03507,Male,53,Vadodara,Gujarat,Regular,2025-10-03
13508,Customer_03508,Female,41,Ahmedabad,Gujarat,Low Value,2024-11-23
13509,Customer_03509,Female,27,Surat,Gujarat,Regular,2023-08-03
13510,Customer_03510,Male,51,Bengaluru,Karnataka,Regular,2023-04-28
13511,Customer_03511,Male,53,Kochi,Kerala,Low Value,2023-08-15
13512,Customer_03512,Male,64,New Delhi,Delhi,Regular,2025-06-09
13513,Customer_03513,Male,53,Surat,Gujarat,Low Value,2024-03-19
13514,Customer_03514,Female,33,Jodhpur,Rajasthan,VIP,2024-07-02
13515,Customer_03515,Male,32,Nashik,Maharashtra,Regular,2025-04-08
13516,Customer_03516,Female,35,Mumbai,Maharashtra,Low Value,2023-01-12
13517,Customer_03517,Male,24,Mangaluru,Karnataka,High Value,2024-05-03
13518,Customer_03518,Male,64,Ahmedabad,Gujarat,Low Value,2024-08-01
13519,Customer_03519,Female,39,Lucknow,Uttar Pradesh,Low Value,2025-01-11
13520,Customer_03520,Female,49,Coimbatore,Tamil Nadu,Low Value,2023-06-17
13521,Customer_03521,Male,60,New Delhi,Delhi,Regular,2025-08-18
13522,Customer_03522,Male,36,Udaipur,Rajasthan,Regular,2023-07-19
13523,Customer_03523,Female,57,Kozhikode,Kerala,Low Value,2025-05-13
13524,Customer_03524,Male,18,Kanpur,Uttar Pradesh,Regular,2025-01-23
13525,Customer_03525,Male,52,Hyderabad,Telangana,Regular,2025-11-02
13526,Customer_03526,Female,22,Noida,Uttar Pradesh,Low Value,2025-02-12
13527,Customer_03527,Female,29,Bengaluru,Karnataka,Regular,2023-04-07
13528,Customer_03528,Female,29,Delhi,Delhi,Low Value,2023-03-12
13529,Customer_03529,Female,38,Siliguri,West Bengal,VIP,2025-09-19
13530,Customer_03530,Female,36,Siliguri,West Bengal,High Value,2023-12-23
13531,Customer_03531,Female,26,Vadodara,Gujarat,Regular,2025-03-22
13532,Customer_03532,Female,60,Surat,Gujarat,Regular,2024-06-27
13533,Customer_03533,Female,65,Mangaluru,Karnataka,Regular,2023-09-11
13534,Customer_03534,Female,53,Thiruvananthapuram,Kerala,High Value,2025-09-14
13535,Customer_03535,Male,59,Vadodara,Gujarat,Low Value,2023-01-04
13536,Customer_03536,Male,64,Madurai,Tamil Nadu,Regular,2023-05-25
13537,Customer_03537,Female,49,New Delhi,Delhi,Regular,2023-06-14
13538,Customer_03538,Female,52,Bengaluru,Karnataka,Regular,2023-12-10
13539,Customer_03539,Male,48,Pune,Maharashtra,Regular,2024-06-03
13540,Customer_03540,Female,49,Warangal,Telangana,VIP,2025-07-14
13541,Customer_03541,Male,54,Bengaluru,Karnataka,High Value,2024-08-31
13542,Customer_03542,Female,49,Mysuru,Karnataka,Regular,2024-05-26
13543,Customer_03543,Female,60,Siliguri,West Bengal,High Value,2024-02-13
13544,Customer_03544,Female,54,Udaipur,Rajasthan,High Value,2024-03-11
13545,Customer_03545,Male,56,Kochi,Kerala,Regular,2024-06-25
13546,Customer_03546,Female,55,Jodhpur,Rajasthan,High Value,2024-09-04
13547,Customer_03547,Male,47,Coimbatore,Tamil Nadu,Regular,2025-06-18
13548,Customer_03548,Male,49,Nagpur,Maharashtra,VIP,2025-12-22
13549,Customer_03549,Male,62,Kolkata,West Bengal,Regular,2025-11-21
13550,Customer_03550,Female,19,Nagpur,Maharashtra,Regular,2024-07-16
13551,Customer_03551,Male,28,Coimbatore,Tamil Nadu,High Value,2024-07-28
13552,Customer_03552,Male,37,Udaipur,Rajasthan,Low Value,2025-10-18
13553,Customer_03553,Female,54,Mysuru,Karnataka,Low Value,2023-12-09
13554,Customer_03554,Female,26,Ahmedabad,Gujarat,High Value,2024-09-04
13555,Customer_03555,Female,55,Surat,Gujarat,Low Value,2023-05-09
13556,Customer_03556,Female,36,Lucknow,Uttar Pradesh,Regular,2025-11-08
13557,Customer_03557,Male,57,Warangal,Telangana,High Value,2023-12-23
13558,Customer_03558,Female,24,Kozhikode,Kerala,VIP,2025-08-16
13559,Customer_03559,Female,22,Coimbatore,Tamil Nadu,Regular,2023-03-22
13560,Customer_03560,Male,64,Warangal,Telangana,Regular,2024-10-27
13561,Customer_03561,Male,59,Thiruvananthapuram,Kerala,Regular,2025-02-19
13562,Customer_03562,Male,41,Hyderabad,Telangana,Low Value,2025-03-01
13563,Customer_03563,Male,65,Udaipur,Rajasthan,Regular,2024-05-06
13564,Customer_03564,Female,58,Kochi,Kerala,Regular,2023-08-13
13565,Customer_03565,Female,24,Jodhpur,Rajasthan,Regular,2025-09-13
13566,Customer_03566,Female,28,Mangaluru,Karnataka,Low Value,2024-02-23
13567,Customer_03567,Female,26,Kolkata,West Bengal,High Value,2025-02-18
13568,Customer_03568,Male,47,Jodhpur,Rajasthan,Regular,2023-05-17
13569,Customer_03569,Female,58,Vadodara,Gujarat,Regular,2023-08-14
13570,Customer_03570,Male,20,Hyderabad,Telangana,Regular,2023-11-19
13571,Customer_03571,Female,39,Agra,Uttar Pradesh,Regular,2025-03-22
13572,Customer_03572,Male,57,New Delhi,Delhi,Regular,2024-03-20
13573,Customer_03573,Female,37,Thiruvananthapuram,Kerala,Regular,2023-01-07
13574,Customer_03574,Male,49,Madurai,Tamil Nadu,Regular,2023-05-08
13575,Customer_03575,Male,65,Kanpur,Uttar Pradesh,Regular,2023-09-24
13576,Customer_03576,Male,24,Vadodara,Gujarat,High Value,2024-11-15
13577,Customer_03577,Female,24,Jodhpur,Rajasthan,Regular,2025-07-16
13578,Customer_03578,Female,37,Kolkata,West Bengal,Regular,2023-08-02
13579,Customer_03579,Male,42,Bengaluru,Karnataka,Regular,2023-09-04
13580,Customer_03580,Female,62,New Delhi,Delhi,Low Value,2024-02-25
13581,Customer_03581,Female,52,Thane,Maharashtra,Regular,2025-11-30
13582,Customer_03582,Female,61,Noida,Uttar Pradesh,VIP,2024-12-17
13583,Customer_03583,Female,41,Kolkata,West Bengal,Regular,2023-05-23
13584,Customer_03584,Male,57,Pune,Maharashtra,Low Value,2023-05-21
13585,Customer_03585,Male,30,Delhi,Delhi,Regular,2024-07-18
13586,Customer_03586,Female,65,Coimbatore,Tamil Nadu,Regular,2023-04-17
13587,Customer_03587,Female,56,Madurai,Tamil Nadu,High Value,2023-02-02
13588,Customer_03588,Female,21,Warangal,Telangana,Regular,2023-04-29
13589,Customer_03589,Female,29,Delhi,Delhi,Regular,2023-08-17
13590,Customer_03590,Male,34,Delhi,Delhi,Low Value,2024-11-18
13591,Customer_03591,Female,18,Pune,Maharashtra,Regular,2025-04-09
13592,Customer_03592,Male,34,Siliguri,West Bengal,Regular,2025-10-07
13593,Customer_03593,Other,19,Kozhikode,Kerala,Regular,2025-04-29
13594,Customer_03594,Male,23,Nagpur,Maharashtra,Regular,2025-01-02
13595,Customer_03595,Female,61,Mysuru,Karnataka,Low Value,2025-04-24
13596,Customer_03596,Female,28,Madurai,Tamil Nadu,Regular,2023-09-29
13597,Customer_03597,Male,60,Madurai,Tamil Nadu,Low Value,2024-09-26
13598,Customer_03598,Male,35,Warangal,Telangana,Regular,2025-10-28
13599,Customer_03599,Female,57,Hubballi,Karnataka,VIP,2024-02-07
13600,Customer_03600,Female,42,Coimbatore,Tamil Nadu,Regular,2025-07-16
13601,Customer_03601,Male,56,Nagpur,Maharashtra,VIP,2024-09-18
13602,Customer_03602,Female,45,Hubballi,Karnataka,Regular,2024-09-08
13603,Customer_03603,Female,63,Thane,Maharashtra,Regular,2025-09-07
13604,Customer_03604,Male,33,Kozhikode,Kerala,Regular,2024-06-20
13605,Customer_03605,Male,29,Kochi,Kerala,Regular,2025-12-12
13606,Customer_03606,Female,58,Coimbatore,Tamil Nadu,VIP,2023-09-04
13607,Customer_03607,Female,46,Madurai,Tamil Nadu,Regular,2023-12-03
13608,Customer_03608,Female,40,Siliguri,West Bengal,Regular,2023-02-02
13609,Customer_03609,Female,38,Thiruvananthapuram,Kerala,Low Value,2025-03-09
13610,Customer_03610,Male,33,Noida,Uttar Pradesh,Regular,2024-07-01
13611,Customer_03611,Male,65,Noida,Uttar Pradesh,Regular,2025-06-09
13612,Customer_03612,Male,58,Warangal,Telangana,High Value,2024-12-29
13613,Customer_03613,Male,62,Kozhikode,Kerala,Regular,2023-02-13
13614,Customer_03614,Female,43,Mumbai,Maharashtra,Regular,2023-10-31
13615,Customer_03615,Female,54,Nagpur,Maharashtra,Low Value,2023-09-26
13616,Customer_03616,Male,39,Vadodara,Gujarat,VIP,2024-11-13
13617,Customer_03617,Male,27,Mangaluru,Karnataka,Regular,2024-02-04
13618,Customer_03618,Female,24,Jodhpur,Rajasthan,Regular,2024-08-25
13619,Customer_03619,Female,26,Lucknow,Uttar Pradesh,High Value,2025-07-10
13620,Customer_03620,Female,42,Madurai,Tamil Nadu,Regular,2025-08-28
13621,Customer_03621,Female,63,Warangal,Telangana,Low Value,2024-03-06
13622,Customer_03622,Female,32,Jodhpur,Rajasthan,Regular,2024-02-25
13623,Customer_03623,Female,30,New Delhi,Delhi,Low Value,2023-05-11
13624,Customer_03624,Male,59,Hyderabad,Telangana,VIP,2024-07-31
13625,Customer_03625,Male,63,New Delhi,Delhi,Regular,2024-06-23
13626,Customer_03626,Male,43,Thiruvananthapuram,Kerala,Regular,2023-05-05
13627,Customer_03627,Female,38,New Delhi,Delhi,Regular,2025-07-22
13628,Customer_03628,Female,40,New Delhi,Delhi,Low Value,2024-08-14
13629,Customer_03629,Female,61,Kolkata,West Bengal,High Value,2024-10-05
13630,Customer_03630,Male,45,Siliguri,West Bengal,Low Value,2023-11-24
13631,Customer_03631,Male,55,Siliguri,West Bengal,Regular,2025-03-22
13632,Customer_03632,Male,29,Kochi,Kerala,Regular,2023-02-15
13633,Customer_03633,Male,41,Udaipur,Rajasthan,Low Value,2023-03-25
13634,Customer_03634,Female,30,Hyderabad,Telangana,Regular,2025-03-04
13635,Customer_03635,Female,57,Hyderabad,Telangana,Low Value,2023-12-18
13636,Customer_03636,Female,65,Chennai,Tamil Nadu,Regular,2025-11-02
13637,Customer_03637,Female,19,Siliguri,West Bengal,Low Value,2024-09-28
13638,Customer_03638,Female,56,Thiruvananthapuram,Kerala,Regular,2023-08-22
13639,Customer_03639,Female,29,Chennai,Tamil Nadu,High Value,2025-12-10
13640,Customer_03640,Male,56,Bengaluru,Karnataka,Regular,2025-02-19
13641,Customer_03641,Female,31,Madurai,Tamil Nadu,High Value,2024-11-11
13642,Customer_03642,Female,47,Jodhpur,Rajasthan,Regular,2025-07-21
13643,Customer_03643,Female,58,Lucknow,Uttar Pradesh,High Value,2025-05-10
13644,Customer_03644,Male,60,New Delhi,Delhi,VIP,2023-05-28
13645,Customer_03645,Male,65,Siliguri,West Bengal,High Value,2023-10-27
13646,Customer_03646,Male,36,Noida,Uttar Pradesh,Regular,2024-07-02
13647,Customer_03647,Female,48,Chennai,Tamil Nadu,Regular,2025-09-04
13648,Customer_03648,Male,60,Kozhikode,Kerala,Regular,2024-01-18
13649,Customer_03649,Female,60,New Delhi,Delhi,High Value,2025-03-10
13650,Customer_03650,Female,42,Warangal,Telangana,Regular,2024-06-17
13651,Customer_03651,Male,21,Mumbai,Maharashtra,Regular,2024-07-23
13652,Customer_03652,Female,30,New Delhi,Delhi,Regular,2025-07-19
13653,Customer_03653,Female,53,Jodhpur,Rajasthan,Low Value,2023-08-25
13654,Customer_03654,Male,59,Udaipur,Rajasthan,Regular,2025-08-23
13655,Customer_03655,Female,54,Coimbatore,Tamil Nadu,Regular,2024-12-01
13656,Customer_03656,Male,20,Mysuru,Karnataka,Regular,2025-01-23
13657,Customer_03657,Male,33,Udaipur,Rajasthan,VIP,2024-07-28
13658,Customer_03658,Female,43,Jodhpur,Rajasthan,Low Value,2025-08-14
13659,Customer_03659,Female,57,Kochi,Kerala,Low Value,2025-10-13
13660,Customer_03660,Other,56,Coimbatore,Tamil Nadu,High Value,2025-02-09
13661,Customer_03661,Female,36,Delhi,Delhi,Regular,2023-08-11
13662,Customer_03662,Female,63,Mangaluru,Karnataka,Regular,2024-07-10
13663,Customer_03663,Female,32,Kanpur,Uttar Pradesh,Regular,2025-06-29
13664,Customer_03664,Female,49,Thane,Maharashtra,Low Value,2023-09-30
13665,Customer_03665,Female,38,Kolkata,West Bengal,High Value,2024-03-05
13666,Customer_03666,Male,18,Warangal,Telangana,Regular,2024-06-06
13667,Customer_03667,Female,23,Jodhpur,Rajasthan,High Value,2025-08-17
13668,Customer_03668,Male,44,Coimbatore,Tamil Nadu,Regular,2025-06-28
13669,Customer_03669,Female,40,Siliguri,West Bengal,VIP,2024-03-26
13670,Customer_03670,Male,64,Warangal,Telangana,Low Value,2025-10-08
13671,Customer_03671,Female,48,Warangal,Telangana,Regular,2023-02-11
13672,Customer_03672,Male,29,Noida,Uttar Pradesh,Low Value,2023-04-04
13673,Customer_03673,Male,38,Lucknow,Uttar Pradesh,VIP,2024-04-30
13674,Customer_03674,Female,19,Agra,Uttar Pradesh,High Value,2024-05-31
13675,Customer_03675,Male,22,Surat,Gujarat,Regular,2024-12-17
13676,Customer_03676,Female,26,Surat,Gujarat,Regular,2024-05-13
13677,Customer_03677,Male,37,Hyderabad,Telangana,Low Value,2024-01-06
13678,Customer_03678,Male,63,Agra,Uttar Pradesh,Regular,2025-09-07
13679,Customer_03679,Male,35,Thiruvananthapuram,Kerala,High Value,2024-11-29
13680,Customer_03680,Female,39,Jodhpur,Rajasthan,VIP,2024-04-29
13681,Customer_03681,Male,25,Siliguri,West Bengal,VIP,2024-10-26
13682,Customer_03682,Female,51,Siliguri,West Bengal,Regular,2024-09-19
13683,Customer_03683,Male,26,Ahmedabad,Gujarat,Regular,2025-01-01
13684,Customer_03684,Male,24,Warangal,Telangana,Regular,2023-07-11
13685,Customer_03685,Male,47,Coimbatore,Tamil Nadu,Regular,2025-04-15
13686,Customer_03686,Male,35,Delhi,Delhi,High Value,2025-12-06
13687,Customer_03687,Female,44,Delhi,Delhi,High Value,2023-05-07
13688,Customer_03688,Female,33,Vadodara,Gujarat,Regular,2024-12-27
13689,Customer_03689,Female,38,Madurai,Tamil Nadu,Regular,2025-10-27
13690,Customer_03690,Male,22,Vadodara,Gujarat,Regular,2024-11-26
13691,Customer_03691,Male,46,Delhi,Delhi,VIP,2024-07-17
13692,Customer_03692,Male,64,Coimbatore,Tamil Nadu,VIP,2024-01-01
13693,Customer_03693,Female,54,Agra,Uttar Pradesh,Regular,2025-12-05
13694,Customer_03694,Male,60,Hyderabad,Telangana,VIP,2024-01-28
13695,Customer_03695,Female,39,Siliguri,West Bengal,High Value,2025-08-11
13696,Customer_03696,Male,31,Kochi,Kerala,Regular,2023-01-23
13697,Customer_03697,Male,36,Mangaluru,Karnataka,High Value,2024-03-20
13698,Customer_03698,Male,52,Warangal,Telangana,High Value,2025-02-15
13699,Customer_03699,Male,41,Agra,Uttar Pradesh,Low Value,2024-12-08
13700,Customer_03700,Female,59,Delhi,Delhi,Regular,2024-03-08
13701,Customer_03701,Male,23,Kanpur,Uttar Pradesh,Low Value,2024-04-17
13702,Customer_03702,Female,20,Vadodara,Gujarat,Regular,2023-02-17
13703,Customer_03703,Male,51,Chennai,Tamil Nadu,Regular,2023-09-20
13704,Customer_03704,Female,62,Siliguri,West Bengal,High Value,2025-11-20
13705,Customer_03705,Male,19,Jodhpur,Rajasthan,Regular,2023-12-24
13706,Customer_03706,Female,32,Surat,Gujarat,High Value,2024-07-21
13707,Customer_03707,Female,54,Warangal,Telangana,VIP,2024-04-24
13708,Customer_03708,Female,32,Vadodara,Gujarat,Low Value,2025-05-16
13709,Customer_03709,Male,49,Warangal,Telangana,Regular,2025-10-25
13710,Customer_03710,Female,38,Jaipur,Rajasthan,Low Value,2024-12-08
13711,Customer_03711,Male,34,Pune,Maharashtra,Regular,2024-03-01
13712,Customer_03712,Male,51,Siliguri,West Bengal,Regular,2025-11-16
13713,Customer_03713,Male,49,Kozhikode,Kerala,Regular,2023-05-07
13714,Customer_03714,Male,64,Thiruvananthapuram,Kerala,Regular,2023-05-15
13715,Customer_03715,Other,40,Mysuru,Karnataka,Regular,2023-11-27
13716,Customer_03716,Male,52,Noida,Uttar Pradesh,Low Value,2024-01-27
13717,Customer_03717,Female,54,Nashik,Maharashtra,VIP,2023-01-08
13718,Customer_03718,Female,60,Thiruvananthapuram,Kerala,Regular,2024-09-04
13719,Customer_03719,Female,58,Surat,Gujarat,Regular,2024-08-20
13720,Customer_03720,Female,54,Lucknow,Uttar Pradesh,High Value,2024-01-21
13721,Customer_03721,Male,50,Thane,Maharashtra,Regular,2024-04-16
13722,Customer_03722,Female,42,Madurai,Tamil Nadu,Regular,2023-06-28
13723,Customer_03723,Male,63,Chennai,Tamil Nadu,High Value,2024-03-25
13724,Customer_03724,Female,54,Lucknow,Uttar Pradesh,High Value,2025-03-25
13725,Customer_03725,Female,57,Hyderabad,Telangana,Regular,2023-12-24
13726,Customer_03726,Female,38,Warangal,Telangana,Regular,2024-01-11
13727,Customer_03727,Male,63,Surat,Gujarat,Regular,2024-12-02
13728,Customer_03728,Male,65,Pune,Maharashtra,High Value,2025-04-17
13729,Customer_03729,Male,55,Mumbai,Maharashtra,VIP,2024-06-21
13730,Customer_03730,Male,57,Lucknow,Uttar Pradesh,Low Value,2025-02-20
13731,Customer_03731,Male,51,Delhi,Delhi,Low Value,2023-03-23
13732,Customer_03732,Female,36,Madurai,Tamil Nadu,Regular,2023-07-04
13733,Customer_03733,Male,44,Nashik,Maharashtra,Low Value,2023-10-15
13734,Customer_03734,Female,26,Kanpur,Uttar Pradesh,Regular,2025-12-21
13735,Customer_03735,Female,22,Udaipur,Rajasthan,VIP,2025-06-01
13736,Customer_03736,Female,22,Mangaluru,Karnataka,High Value,2024-05-21
13737,Customer_03737,Male,42,Jodhpur,Rajasthan,Low Value,2023-01-30
13738,Customer_03738,Male,43,Siliguri,West Bengal,Regular,2025-07-24
13739,Customer_03739,Male,36,Ahmedabad,Gujarat,Low Value,2023-01-31
13740,Customer_03740,Male,47,Pune,Maharashtra,Low Value,2023-03-27
13741,Customer_03741,Female,53,Siliguri,West Bengal,Regular,2023-01-28
13742,Customer_03742,Male,65,Thiruvananthapuram,Kerala,VIP,2023-05-02
13743,Customer_03743,Female,65,Siliguri,West Bengal,High Value,2024-07-26
13744,Customer_03744,Female,33,Agra,Uttar Pradesh,VIP,2024-02-07
13745,Customer_03745,Female,24,Mumbai,Maharashtra,High Value,2024-11-13
13746,Customer_03746,Male,35,Mangaluru,Karnataka,Regular,2023-09-29
13747,Customer_03747,Male,38,Noida,Uttar Pradesh,High Value,2025-04-16
13748,Customer_03748,Female,48,Agra,Uttar Pradesh,High Value,2023-04-23
13749,Customer_03749,Male,18,Ahmedabad,Gujarat,Regular,2023-01-19
13750,Customer_03750,Male,20,Vadodara,Gujarat,Regular,2024-08-27
13751,Customer_03751,Male,48,Madurai,Tamil Nadu,Regular,2024-04-09
13752,Customer_03752,Male,42,Madurai,Tamil Nadu,Regular,2024-11-21
13753,Customer_03753,Female,25,Warangal,Telangana,Regular,2025-10-07
13754,Customer_03754,Male,18,Delhi,Delhi,Low Value,2025-10-10
13755,Customer_03755,Female,24,Nashik,Maharashtra,High Value,2023-06-12
13756,Customer_03756,Male,24,Nagpur,Maharashtra,High Value,2024-11-29
13757,Customer_03757,Female,25,Siliguri,West Bengal,Low Value,2023-10-22
13758,Customer_03758,Female,36,Nashik,Maharashtra,Regular,2024-08-01
13759,Customer_03759,Female,34,Nagpur,Maharashtra,Regular,2024-12-01
13760,Customer_03760,Male,28,Delhi,Delhi,High Value,2023-10-29
13761,Customer_03761,Male,64,Kozhikode,Kerala,Low Value,2023-05-04
13762,Customer_03762,Male,58,Madurai,Tamil Nadu,Low Value,2024-10-30
13763,Customer_03763,Female,28,Madurai,Tamil Nadu,Regular,2023-07-14
13764,Customer_03764,Female,55,Mangaluru,Karnataka,High Value,2025-04-21
13765,Customer_03765,Female,58,Thane,Maharashtra,Low Value,2023-12-17
13766,Customer_03766,Male,19,New Delhi,Delhi,Regular,2024-05-03
13767,Customer_03767,Female,21,Coimbatore,Tamil Nadu,Regular,2023-07-19
13768,Customer_03768,Male,45,Delhi,Delhi,VIP,2025-06-02
13769,Customer_03769,Female,50,Udaipur,Rajasthan,Regular,2024-05-22
13770,Customer_03770,Male,28,Kozhikode,Kerala,High Value,2025-06-16
13771,Customer_03771,Female,20,Pune,Maharashtra,High Value,2024-03-21
13772,Customer_03772,Male,57,Bengaluru,Karnataka,Regular,2023-03-21
13773,Customer_03773,Male,22,Siliguri,West Bengal,Regular,2025-01-14
13774,Customer_03774,Female,38,Madurai,Tamil Nadu,Regular,2024-11-28
13775,Customer_03775,Male,39,Udaipur,Rajasthan,Regular,2025-07-19
13776,Customer_03776,Female,54,New Delhi,Delhi,High Value,2024-10-15
13777,Customer_03777,Female,28,Ahmedabad,Gujarat,Regular,2025-06-20
13778,Customer_03778,Female,61,Noida,Uttar Pradesh,Low Value,2023-09-29
13779,Customer_03779,Male,39,Mumbai,Maharashtra,High Value,2023-05-04
13780,Customer_03780,Male,58,Nashik,Maharashtra,Regular,2024-11-16
13781,Customer_03781,Female,30,Udaipur,Rajasthan,Regular,2024-10-13
13782,Customer_03782,Male,20,Delhi,Delhi,Regular,2023-10-24
13783,Customer_03783,Female,30,Hyderabad,Telangana,Regular,2025-02-25
13784,Customer_03784,Male,45,Nagpur,Maharashtra,Regular,2024-09-12
13785,Customer_03785,Male,28,Hyderabad,Telangana,VIP,2025-08-30
13786,Customer_03786,Male,28,Vadodara,Gujarat,Low Value,2025-05-30
13787,Customer_03787,Male,38,Jodhpur,Rajasthan,Regular,2023-12-17
13788,Customer_03788,Male,38,Delhi,Delhi,Regular,2023-09-12
13789,Customer_03789,Female,24,New Delhi,Delhi,Regular,2024-11-09
13790,Customer_03790,Female,34,Thiruvananthapuram,Kerala,Regular,2023-01-29
13791,Customer_03791,Male,65,Kanpur,Uttar Pradesh,Regular,2024-04-11
13792,Customer_03792,Female,31,Madurai,Tamil Nadu,Regular,2025-11-24
13793,Customer_03793,Female,50,Madurai,Tamil Nadu,Regular,2025-01-18
13794,Customer_03794,Female,28,Kolkata,West Bengal,Regular,2024-08-24
13795,Customer_03795,Female,30,Hubballi,Karnataka,High Value,2025-01-09
13796,Customer_03796,Female,18,Jaipur,Rajasthan,Regular,2025-07-19
13797,Customer_03797,Male,51,Vadodara,Gujarat,Low Value,2025-12-27
13798,Customer_03798,Male,26,New Delhi,Delhi,High Value,2023-05-11
13799,Customer_03799,Male,30,Noida,Uttar Pradesh,VIP,2023-04-21
13800,Customer_03800,Female,54,Hyderabad,Telangana,High Value,2024-06-07
13801,Customer_03801,Male,47,Udaipur,Rajasthan,Low Value,2024-11-17
13802,Customer_03802,Female,58,Kolkata,West Bengal,Low Value,2025-04-10
13803,Customer_03803,Male,62,Udaipur,Rajasthan,Regular,2024-10-27
13804,Customer_03804,Female,54,Siliguri,West Bengal,Low Value,2025-12-02
13805,Customer_03805,Male,64,New Delhi,Delhi,Regular,2025-05-24
13806,Customer_03806,Male,24,Bengaluru,Karnataka,Low Value,2023-10-12
13807,Customer_03807,Male,31,Kolkata,West Bengal,Regular,2025-04-02
13808,Customer_03808,Male,65,Delhi,Delhi,High Value,2024-07-17
13809,Customer_03809,Male,23,New Delhi,Delhi,Regular,2023-01-19
13810,Customer_03810,Female,51,Hubballi,Karnataka,Regular,2024-06-30
13811,Customer_03811,Male,33,Coimbatore,Tamil Nadu,Regular,2023-02-17
13812,Customer_03812,Male,54,Udaipur,Rajasthan,Regular,2023-08-07
13813,Customer_03813,Female,53,Nagpur,Maharashtra,Regular,2025-02-04
13814,Customer_03814,Male,63,Nagpur,Maharashtra,Regular,2023-01-31
13815,Customer_03815,Female,23,Warangal,Telangana,VIP,2023-09-16
13816,Customer_03816,Other,25,Warangal,Telangana,Low Value,2023-11-04
13817,Customer_03817,Male,41,Thane,Maharashtra,Low Value,2025-12-30
13818,Customer_03818,Male,20,Vadodara,Gujarat,Low Value,2023-11-03
13819,Customer_03819,Male,21,Pune,Maharashtra,Regular,2024-07-21
13820,Customer_03820,Female,49,Hyderabad,Telangana,Regular,2023-01-21
13821,Customer_03821,Female,18,Kanpur,Uttar Pradesh,Regular,2025-10-26
13822,Customer_03822,Female,51,Warangal,Telangana,High Value,2023-08-19
13823,Customer_03823,Female,62,Ahmedabad,Gujarat,High Value,2023-03-23
13824,Customer_03824,Male,26,Jaipur,Rajasthan,Regular,2025-08-15
13825,Customer_03825,Female,29,Pune,Maharashtra,Low Value,2023-08-05
13826,Customer_03826,Female,27,Mysuru,Karnataka,High Value,2023-12-01
13827,Customer_03827,Female,27,Agra,Uttar Pradesh,Low Value,2024-07-12
13828,Customer_03828,Female,61,New Delhi,Delhi,Regular,2025-05-13
13829,Customer_03829,Female,65,Ahmedabad,Gujarat,Regular,2025-05-23
13830,Customer_03830,Male,40,Warangal,Telangana,High Value,2025-01-22
13831,Customer_03831,Male,23,Hubballi,Karnataka,Regular,2024-08-16
13832,Customer_03832,Female,41,Kolkata,West Bengal,Low Value,2024-12-04
13833,Customer_03833,Male,41,Madurai,Tamil Nadu,Regular,2025-07-13
13834,Customer_03834,Female,38,Nashik,Maharashtra,Regular,2024-07-06
13835,Customer_03835,Male,59,Madurai,Tamil Nadu,High Value,2025-02-21
13836,Customer_03836,Female,48,Ahmedabad,Gujarat,High Value,2023-03-28
13837,Customer_03837,Female,64,Kolkata,West Bengal,High Value,2024-05-27
13838,Customer_03838,Male,58,Siliguri,West Bengal,Regular,2025-09-10
13839,Customer_03839,Female,47,Kolkata,West Bengal,Regular,2025-10-05
13840,Customer_03840,Female,51,New Delhi,Delhi,Regular,2024-08-09
13841,Customer_03841,Female,35,Vadodara,Gujarat,High Value,2024-05-12
13842,Customer_03842,Male,29,Jaipur,Rajasthan,Low Value,2025-06-25
13843,Customer_03843,Male,52,Coimbatore,Tamil Nadu,Regular,2025-08-13
13844,Customer_03844,Male,24,Jaipur,Rajasthan,VIP,2025-01-12
13845,Customer_03845,Male,58,Bengaluru,Karnataka,Regular,2024-03-24
13846,Customer_03846,Female,57,Thiruvananthapuram,Kerala,VIP,2024-08-10
13847,Customer_03847,Female,42,Agra,Uttar Pradesh,Regular,2023-09-17
13848,Customer_03848,Female,23,Lucknow,Uttar Pradesh,Regular,2024-04-07
13849,Customer_03849,Female,18,Udaipur,Rajasthan,Low Value,2023-04-04
13850,Customer_03850,Female,63,Thiruvananthapuram,Kerala,High Value,2025-10-17
13851,Customer_03851,Male,33,Kochi,Kerala,Regular,2023-12-21
13852,Customer_03852,Female,65,Nagpur,Maharashtra,High Value,2024-04-13
13853,Customer_03853,Male,21,Mysuru,Karnataka,Regular,2023-04-05
13854,Customer_03854,Female,46,Vadodara,Gujarat,Regular,2025-05-17
13855,Customer_03855,Male,55,Kozhikode,Kerala,VIP,2023-04-01
13856,Customer_03856,Male,64,Hyderabad,Telangana,Regular,2025-12-03
13857,Customer_03857,Female,45,Noida,Uttar Pradesh,Regular,2025-08-12
13858,Customer_03858,Female,39,Warangal,Telangana,Low Value,2024-01-19
13859,Customer_03859,Female,25,Mysuru,Karnataka,Regular,2023-01-23
13860,Customer_03860,Female,49,Kochi,Kerala,Low Value,2023-01-23
13861,Customer_03861,Male,50,Madurai,Tamil Nadu,Low Value,2023-11-07
13862,Customer_03862,Female,30,Agra,Uttar Pradesh,Low Value,2024-07-28
13863,Customer_03863,Male,44,Pune,Maharashtra,Regular,2023-04-13
13864,Customer_03864,Female,35,Nagpur,Maharashtra,Low Value,2024-05-14
13865,Customer_03865,Female,35,Siliguri,West Bengal,Regular,2025-04-07
13866,Customer_03866,Male,30,Delhi,Delhi,High Value,2023-07-08
13867,Customer_03867,Female,39,Kozhikode,Kerala,Regular,2024-04-04
13868,Customer_03868,Female,31,Mangaluru,Karnataka,Regular,2023-07-08
13869,Customer_03869,Male,28,Kanpur,Uttar Pradesh,Low Value,2023-12-17
13870,Customer_03870,Female,56,New Delhi,Delhi,Regular,2024-08-03
13871,Customer_03871,Female,39,Mysuru,Karnataka,Regular,2023-04-24
13872,Customer_03872,Female,53,Udaipur,Rajasthan,Regular,2023-04-14
13873,Customer_03873,Male,34,Thiruvananthapuram,Kerala,Low Value,2024-09-11
13874,Customer_03874,Male,49,Ahmedabad,Gujarat,High Value,2025-11-10
13875,Customer_03875,Female,31,Vadodara,Gujarat,Regular,2024-01-22
13876,Customer_03876,Male,59,Thiruvananthapuram,Kerala,Regular,2025-08-01
13877,Customer_03877,Female,46,Siliguri,West Bengal,High Value,2025-05-04
13878,Customer_03878,Male,23,Kolkata,West Bengal,VIP,2024-04-27
13879,Customer_03879,Female,21,Vadodara,Gujarat,Regular,2024-04-17
13880,Customer_03880,Female,28,Chennai,Tamil Nadu,Low Value,2025-05-08
13881,Customer_03881,Male,62,Lucknow,Uttar Pradesh,VIP,2025-07-30
13882,Customer_03882,Male,57,Vadodara,Gujarat,Regular,2024-01-28
13883,Customer_03883,Female,27,Coimbatore,Tamil Nadu,Regular,2024-05-30
13884,Customer_03884,Female,45,Delhi,Delhi,Low Value,2023-12-12
13885,Customer_03885,Male,28,Coimbatore,Tamil Nadu,Low Value,2024-06-24
13886,Customer_03886,Female,52,Delhi,Delhi,Regular,2023-02-16
13887,Customer_03887,Male,32,Bengaluru,Karnataka,Low Value,2023-12-09
13888,Customer_03888,Male,25,Hyderabad,Telangana,VIP,2024-06-26
13889,Customer_03889,Female,37,Bengaluru,Karnataka,Regular,2025-03-29
13890,Customer_03890,Male,38,Ahmedabad,Gujarat,Regular,2025-11-25
13891,Customer_03891,Female,18,New Delhi,Delhi,High Value,2025-01-26
13892,Customer_03892,Male,46,Ahmedabad,Gujarat,Regular,2023-12-17
13893,Customer_03893,Male,41,Kochi,Kerala,High Value,2023-07-07
13894,Customer_03894,Male,47,Noida,Uttar Pradesh,Low Value,2023-11-30
13895,Customer_03895,Female,57,Thane,Maharashtra,Regular,2024-04-27
13896,Customer_03896,Female,52,Ahmedabad,Gujarat,Regular,2024-10-28
13897,Customer_03897,Female,50,Noida,Uttar Pradesh,High Value,2023-10-23
13898,Customer_03898,Male,37,Coimbatore,Tamil Nadu,High Value,2023-02-14
13899,Customer_03899,Male,33,Hubballi,Karnataka,Low Value,2024-05-09
13900,Customer_03900,Female,26,Madurai,Tamil Nadu,Regular,2023-06-24
13901,Customer_03901,Male,48,Mumbai,Maharashtra,Low Value,2025-09-30
13902,Customer_03902,Female,34,New Delhi,Delhi,Regular,2023-02-25
13903,Customer_03903,Male,48,Kochi,Kerala,High Value,2023-12-07
13904,Customer_03904,Female,65,Agra,Uttar Pradesh,Regular,2023-08-02
13905,Customer_03905,Male,40,Kochi,Kerala,Regular,2025-01-27
13906,Customer_03906,Female,23,Hyderabad,Telangana,High Value,2024-07-03
13907,Customer_03907,Male,47,Surat,Gujarat,Regular,2024-05-11
13908,Customer_03908,Male,24,Delhi,Delhi,Regular,2023-06-22
13909,Customer_03909,Male,65,Warangal,Telangana,High Value,2023-04-15
13910,Customer_03910,Male,57,Jaipur,Rajasthan,Regular,2024-04-23
13911,Customer_03911,Male,59,Ahmedabad,Gujarat,Regular,2024-03-09
13912,Customer_03912,Female,63,Chennai,Tamil Nadu,Regular,2024-10-03
13913,Customer_03913,Female,28,Mangaluru,Karnataka,Regular,2024-11-23
13914,Customer_03914,Female,51,Kanpur,Uttar Pradesh,Regular,2025-09-17
13915,Customer_03915,Female,29,Nashik,Maharashtra,High Value,2025-07-10
13916,Customer_03916,Female,62,Pune,Maharashtra,Low Value,2023-07-13
13917,Customer_03917,Male,64,Chennai,Tamil Nadu,Low Value,2025-04-22
13918,Customer_03918,Male,44,Kolkata,West Bengal,Regular,2025-03-11
13919,Customer_03919,Male,29,Mumbai,Maharashtra,VIP,2023-02-28
13920,Customer_03920,Female,30,Lucknow,Uttar Pradesh,Regular,2024-04-22
13921,Customer_03921,Male,25,Madurai,Tamil Nadu,Regular,2024-06-16
13922,Customer_03922,Male,33,Delhi,Delhi,Low Value,2024-08-14
13923,Customer_03923,Female,46,Nashik,Maharashtra,Low Value,2025-04-18
13924,Customer_03924,Male,52,Kozhikode,Kerala,Low Value,2024-07-02
13925,Customer_03925,Female,46,Chennai,Tamil Nadu,VIP,2025-11-03
13926,Customer_03926,Female,48,Noida,Uttar Pradesh,Low Value,2023-08-09
13927,Customer_03927,Male,30,Thiruvananthapuram,Kerala,Regular,2025-05-25
13928,Customer_03928,Male,29,Vadodara,Gujarat,Low Value,2024-11-08
13929,Customer_03929,Female,19,Ahmedabad,Gujarat,Regular,2024-10-23
13930,Customer_03930,Female,50,Nashik,Maharashtra,Regular,2024-11-14
13931,Customer_03931,Male,25,Kochi,Kerala,Regular,2023-12-02
13932,Customer_03932,Female,58,Mysuru,Karnataka,High Value,2023-08-13
13933,Customer_03933,Female,57,Vadodara,Gujarat,Regular,2025-05-20
13934,Customer_03934,Male,58,Bengaluru,Karnataka,Low Value,2023-02-04
13935,Customer_03935,Male,49,Delhi,Delhi,VIP,2023-07-07
13936,Customer_03936,Female,55,Madurai,Tamil Nadu,High Value,2024-10-04
13937,Customer_03937,Male,45,Warangal,Telangana,High Value,2025-08-20
13938,Customer_03938,Female,32,Kanpur,Uttar Pradesh,Regular,2025-08-25
13939,Customer_03939,Male,40,Madurai,Tamil Nadu,Low Value,2024-05-08
13940,Customer_03940,Female,41,Agra,Uttar Pradesh,High Value,2023-11-07
13941,Customer_03941,Female,30,Kozhikode,Kerala,High Value,2024-06-04
13942,Customer_03942,Female,38,Delhi,Delhi,Low Value,2024-01-04
13943,Customer_03943,Male,29,Jaipur,Rajasthan,Low Value,2025-01-15
13944,Customer_03944,Male,30,Nagpur,Maharashtra,VIP,2023-01-31
13945,Customer_03945,Female,56,Agra,Uttar Pradesh,Regular,2025-09-24
13946,Customer_03946,Male,40,Lucknow,Uttar Pradesh,Regular,2024-05-11
13947,Customer_03947,Male,63,Thiruvananthapuram,Kerala,Regular,2025-08-21
13948,Customer_03948,Female,60,Bengaluru,Karnataka,Regular,2023-10-25
13949,Customer_03949,Male,45,Madurai,Tamil Nadu,Low Value,2024-07-30
13950,Customer_03950,Male,31,Jodhpur,Rajasthan,VIP,2023-02-23
13951,Customer_03951,Male,34,Siliguri,West Bengal,High Value,2023-08-17
13952,Customer_03952,Female,41,Nagpur,Maharashtra,Regular,2025-02-17
13953,Customer_03953,Female,51,Hyderabad,Telangana,Regular,2025-09-11
13954,Customer_03954,Male,65,Kolkata,West Bengal,Low Value,2024-01-08
13955,Customer_03955,Male,39,Coimbatore,Tamil Nadu,Regular,2024-04-13
13956,Customer_03956,Male,27,Pune,Maharashtra,VIP,2024-02-24
13957,Customer_03957,Female,25,Agra,Uttar Pradesh,Regular,2024-06-15
13958,Customer_03958,Male,38,Hyderabad,Telangana,Regular,2025-09-14
13959,Customer_03959,Female,54,Bengaluru,Karnataka,Low Value,2024-07-15
13960,Customer_03960,Male,24,Udaipur,Rajasthan,Regular,2023-03-31
13961,Customer_03961,Other,43,Bengaluru,Karnataka,Regular,2024-01-04
13962,Customer_03962,Male,30,New Delhi,Delhi,Regular,2023-01-15
13963,Customer_03963,Female,33,Kozhikode,Kerala,Regular,2023-12-10
13964,Customer_03964,Male,47,Nashik,Maharashtra,Regular,2025-11-25
13965,Customer_03965,Male,48,Bengaluru,Karnataka,High Value,2025-07-05
13966,Customer_03966,Female,22,Siliguri,West Bengal,Low Value,2023-07-24
13967,Customer_03967,Female,49,Kochi,Kerala,Regular,2025-02-14
13968,Customer_03968,Male,33,Mysuru,Karnataka,Regular,2025-12-16
13969,Customer_03969,Female,64,Ahmedabad,Gujarat,Low Value,2024-11-16
13970,Customer_03970,Female,26,New Delhi,Delhi,Low Value,2024-12-18
13971,Customer_03971,Female,39,Chennai,Tamil Nadu,Low Value,2023-08-13
13972,Customer_03972,Male,61,Udaipur,Rajasthan,Low Value,2023-03-05
13973,Customer_03973,Female,57,Delhi,Delhi,High Value,2025-08-05
13974,Customer_03974,Male,62,Kozhikode,Kerala,Regular,2025-08-18
13975,Customer_03975,Male,54,Vadodara,Gujarat,Regular,2023-11-16
13976,Customer_03976,Female,31,Mumbai,Maharashtra,Regular,2023-12-23
13977,Customer_03977,Male,33,Siliguri,West Bengal,Low Value,2023-04-03
13978,Customer_03978,Male,60,Udaipur,Rajasthan,Regular,2024-11-25
13979,Customer_03979,Female,37,Jaipur,Rajasthan,Regular,2024-03-09
13980,Customer_03980,Female,61,New Delhi,Delhi,Low Value,2025-04-20
13981,Customer_03981,Male,32,Kozhikode,Kerala,Regular,2025-10-20
13982,Customer_03982,Male,61,Nagpur,Maharashtra,Regular,2025-06-16
13983,Customer_03983,Female,43,Lucknow,Uttar Pradesh,Regular,2025-06-02
13984,Customer_03984,Male,26,Ahmedabad,Gujarat,Regular,2025-02-16
13985,Customer_03985,Female,18,Kanpur,Uttar Pradesh,High Value,2024-05-06
13986,Customer_03986,Female,52,Kolkata,West Bengal,Low Value,2025-12-19
13987,Customer_03987,Male,61,Thane,Maharashtra,Regular,2025-03-23
13988,Customer_03988,Female,37,Thane,Maharashtra,Low Value,2024-01-27
13989,Customer_03989,Female,62,Surat,Gujarat,Regular,2023-01-21
13990,Customer_03990,Male,23,Hyderabad,Telangana,High Value,2024-05-27
13991,Customer_03991,Female,59,Noida,Uttar Pradesh,Regular,2025-06-26
13992,Customer_03992,Female,27,Bengaluru,Karnataka,Regular,2024-12-15
13993,Customer_03993,Female,65,Jaipur,Rajasthan,Low Value,2025-08-01
13994,Customer_03994,Female,50,Warangal,Telangana,VIP,2023-12-16
13995,Customer_03995,Male,33,Mangaluru,Karnataka,Low Value,2024-06-29
13996,Customer_03996,Male,53,Kochi,Kerala,Low Value,2024-08-21
13997,Customer_03997,Male,23,Vadodara,Gujarat,Low Value,2023-02-01
13998,Customer_03998,Male,36,Kozhikode,Kerala,Regular,2023-09-16
13999,Customer_03999,Male,48,Jodhpur,Rajasthan,Low Value,2024-04-20
14000,Customer_04000,Female,19,Madurai,Tamil Nadu,Regular,2025-04-04
14001,Customer_04001,Female,35,Mangaluru,Karnataka,VIP,2025-08-29
14002,Customer_04002,Female,59,Warangal,Telangana,High Value,2025-07-08
14003,Customer_04003,Female,45,Hubballi,Karnataka,Low Value,2023-02-02
14004,Customer_04004,Female,21,Mangaluru,Karnataka,VIP,2025-06-17
14005,Customer_04005,Male,18,Surat,Gujarat,Regular,2024-01-23
14006,Customer_04006,Female,64,Kochi,Kerala,VIP,2025-03-08
14007,Customer_04007,Male,59,Kanpur,Uttar Pradesh,Regular,2024-03-31
14008,Customer_04008,Female,33,Chennai,Tamil Nadu,High Value,2023-08-12
14009,Customer_04009,Female,62,Vadodara,Gujarat,Low Value,2023-08-05
14010,Customer_04010,Male,64,Siliguri,West Bengal,Regular,2023-06-05
14011,Customer_04011,Female,19,Surat,Gujarat,Low Value,2025-02-27
14012,Customer_04012,Female,53,Udaipur,Rajasthan,Regular,2023-02-05
14013,Customer_04013,Male,18,Chennai,Tamil Nadu,Low Value,2024-09-27
14014,Customer_04014,Female,56,Nashik,Maharashtra,Regular,2023-01-09
14015,Customer_04015,Male,40,Kolkata,West Bengal,Regular,2025-11-29
14016,Customer_04016,Male,43,New Delhi,Delhi,Regular,2023-06-28
14017,Customer_04017,Female,28,Surat,Gujarat,Regular,2025-08-16
14018,Customer_04018,Female,59,Bengaluru,Karnataka,Low Value,2024-05-15
14019,Customer_04019,Female,18,Noida,Uttar Pradesh,Regular,2024-01-08
14020,Customer_04020,Female,28,Nashik,Maharashtra,Low Value,2025-12-27
14021,Customer_04021,Male,41,Surat,Gujarat,Regular,2025-08-27
14022,Customer_04022,Female,27,Surat,Gujarat,High Value,2024-05-29
14023,Customer_04023,Female,31,Hyderabad,Telangana,Regular,2023-12-30
14024,Customer_04024,Female,31,Warangal,Telangana,High Value,2025-02-15
14025,Customer_04025,Male,24,Nashik,Maharashtra,Regular,2025-02-12
14026,Customer_04026,Female,40,Thiruvananthapuram,Kerala,Regular,2023-11-25
14027,Customer_04027,Female,60,Hyderabad,Telangana,Low Value,2025-03-04
14028,Customer_04028,Female,39,Bengaluru,Karnataka,VIP,2025-08-19
14029,Customer_04029,Female,53,Siliguri,West Bengal,High Value,2024-01-05
14030,Customer_04030,Male,44,New Delhi,Delhi,VIP,2024-08-19
14031,Customer_04031,Female,19,Coimbatore,Tamil Nadu,Regular,2024-07-24
14032,Customer_04032,Female,56,New Delhi,Delhi,Low Value,2025-11-27
14033,Customer_04033,Male,63,Delhi,Delhi,Low Value,2024-01-12
14034,Customer_04034,Female,36,Chennai,Tamil Nadu,Regular,2023-04-10
14035,Customer_04035,Male,24,Warangal,Telangana,Low Value,2025-03-26
14036,Customer_04036,Male,29,Nagpur,Maharashtra,Regular,2023-04-28
14037,Customer_04037,Female,20,Coimbatore,Tamil Nadu,High Value,2024-02-25
14038,Customer_04038,Male,64,Udaipur,Rajasthan,VIP,2024-06-24
14039,Customer_04039,Male,22,Kochi,Kerala,Low Value,2025-07-18
14040,Customer_04040,Female,25,Kolkata,West Bengal,Regular,2024-11-29
14041,Customer_04041,Male,31,Lucknow,Uttar Pradesh,Regular,2023-04-23
14042,Customer_04042,Male,53,Warangal,Telangana,Regular,2024-01-08
14043,Customer_04043,Male,24,Thiruvananthapuram,Kerala,Regular,2023-10-26
14044,Customer_04044,Male,24,Madurai,Tamil Nadu,Low Value,2025-11-08
14045,Customer_04045,Female,63,Jodhpur,Rajasthan,VIP,2025-02-14
14046,Customer_04046,Female,49,Lucknow,Uttar Pradesh,Regular,2024-11-01
14047,Customer_04047,Female,25,Kolkata,West Bengal,Regular,2023-01-11
14048,Customer_04048,Female,29,Kolkata,West Bengal,VIP,2023-01-08
14049,Customer_04049,Male,27,Hyderabad,Telangana,Regular,2024-04-05
14050,Customer_04050,Female,31,Coimbatore,Tamil Nadu,Regular,2023-09-12
14051,Customer_04051,Female,26,Kochi,Kerala,Regular,2024-08-08
14052,Customer_04052,Female,55,Pune,Maharashtra,Regular,2023-12-28
14053,Customer_04053,Female,47,Kozhikode,Kerala,Regular,2025-09-29
14054,Customer_04054,Female,22,Thiruvananthapuram,Kerala,Regular,2025-02-26
14055,Customer_04055,Female,18,Siliguri,West Bengal,Regular,2023-07-28
14056,Customer_04056,Male,18,Nashik,Maharashtra,Regular,2023-09-24
14057,Customer_04057,Female,37,Nagpur,Maharashtra,Regular,2024-10-17
14058,Customer_04058,Male,28,Warangal,Telangana,Regular,2025-09-23
14059,Customer_04059,Male,43,Kanpur,Uttar Pradesh,VIP,2024-07-07
14060,Customer_04060,Male,61,Surat,Gujarat,Low Value,2025-01-05
14061,Customer_04061,Male,20,Delhi,Delhi,Regular,2024-02-25
14062,Customer_04062,Male,23,Delhi,Delhi,Low Value,2023-11-04
14063,Customer_04063,Male,60,Siliguri,West Bengal,Low Value,2023-05-17
14064,Customer_04064,Female,62,Ahmedabad,Gujarat,Regular,2023-07-14
14065,Customer_04065,Female,28,Noida,Uttar Pradesh,Regular,2025-11-14
14066,Customer_04066,Other,25,Ahmedabad,Gujarat,Regular,2024-08-28
14067,Customer_04067,Male,46,Warangal,Telangana,Regular,2025-10-10
14068,Customer_04068,Female,27,Kochi,Kerala,Low Value,2025-05-11
14069,Customer_04069,Female,51,Siliguri,West Bengal,Regular,2023-08-09
14070,Customer_04070,Male,41,Pune,Maharashtra,High Value,2023-10-24
14071,Customer_04071,Female,63,Siliguri,West Bengal,Regular,2025-10-07
14072,Customer_04072,Female,65,Delhi,Delhi,Low Value,2023-12-09
14073,Customer_04073,Male,34,Kanpur,Uttar Pradesh,Regular,2024-08-15
14074,Customer_04074,Female,49,Vadodara,Gujarat,Regular,2025-06-10
14075,Customer_04075,Female,28,Noida,Uttar Pradesh,Regular,2023-03-18
14076,Customer_04076,Male,51,Warangal,Telangana,Regular,2024-12-07
14077,Customer_04077,Male,41,Kolkata,West Bengal,Regular,2025-12-01
14078,Customer_04078,Male,22,Chennai,Tamil Nadu,Regular,2025-01-26
14079,Customer_04079,Male,46,Siliguri,West Bengal,Regular,2024-08-12
14080,Customer_04080,Female,65,Nagpur,Maharashtra,Regular,2024-01-23
14081,Customer_04081,Female,65,Siliguri,West Bengal,Regular,2025-07-15
14082,Customer_04082,Male,51,Jaipur,Rajasthan,Regular,2024-09-28
14083,Customer_04083,Female,33,Hyderabad,Telangana,Regular,2023-05-21
14084,Customer_04084,Male,42,Bengaluru,Karnataka,High Value,2025-11-16
14085,Customer_04085,Male,54,Warangal,Telangana,Regular,2024-03-23
14086,Customer_04086,Male,25,Vadodara,Gujarat,Regular,2023-10-20
14087,Customer_04087,Female,46,Bengaluru,Karnataka,Regular,2024-12-15
14088,Customer_04088,Male,63,Surat,Gujarat,Regular,2024-04-01
14089,Customer_04089,Male,42,Surat,Gujarat,VIP,2025-06-10
14090,Customer_04090,Male,59,Nagpur,Maharashtra,Regular,2025-04-18
14091,Customer_04091,Female,40,Nashik,Maharashtra,Regular,2024-10-15
14092,Customer_04092,Other,51,Kozhikode,Kerala,Regular,2024-10-25
14093,Customer_04093,Male,20,Delhi,Delhi,Regular,2025-02-03
14094,Customer_04094,Male,47,Kozhikode,Kerala,Regular,2025-12-26
14095,Customer_04095,Female,51,Kochi,Kerala,Low Value,2023-06-25
14096,Customer_04096,Female,49,Delhi,Delhi,High Value,2024-05-24
14097,Customer_04097,Male,46,Coimbatore,Tamil Nadu,Regular,2024-12-05
14098,Customer_04098,Female,26,Mangaluru,Karnataka,Low Value,2024-08-24
14099,Customer_04099,Female,19,Noida,Uttar Pradesh,Regular,2025-04-17
14100,Customer_04100,Male,56,Kochi,Kerala,Low Value,2025-09-28
14101,Customer_04101,Female,24,Kolkata,West Bengal,High Value,2023-02-20
14102,Customer_04102,Female,63,Kolkata,West Bengal,Regular,2024-11-16
14103,Customer_04103,Female,22,Surat,Gujarat,Regular,2023-09-23
14104,Customer_04104,Male,25,Delhi,Delhi,VIP,2024-08-28
14105,Customer_04105,Male,49,Surat,Gujarat,Regular,2025-12-11
14106,Customer_04106,Male,35,Udaipur,Rajasthan,Regular,2024-08-07
14107,Customer_04107,Male,55,Jodhpur,Rajasthan,Regular,2023-12-05
14108,Customer_04108,Female,63,Noida,Uttar Pradesh,Low Value,2025-12-31
14109,Customer_04109,Female,35,Mumbai,Maharashtra,High Value,2024-01-09
14110,Customer_04110,Female,58,Mumbai,Maharashtra,Regular,2024-08-02
14111,Customer_04111,Other,62,New Delhi,Delhi,Regular,2024-05-31
14112,Customer_04112,Male,33,New Delhi,Delhi,Regular,2023-05-01
14113,Customer_04113,Female,38,Kozhikode,Kerala,Regular,2025-04-16
14114,Customer_04114,Female,27,Udaipur,Rajasthan,Regular,2024-07-23
14115,Customer_04115,Male,59,Thiruvananthapuram,Kerala,VIP,2023-02-12
14116,Customer_04116,Female,21,Mumbai,Maharashtra,Regular,2023-03-13
14117,Customer_04117,Male,61,Hubballi,Karnataka,Low Value,2023-04-01
14118,Customer_04118,Female,25,Hubballi,Karnataka,Regular,2024-05-05
14119,Customer_04119,Female,64,Delhi,Delhi,Regular,2025-01-18
14120,Customer_04120,Male,36,Surat,Gujarat,High Value,2025-09-24
14121,Customer_04121,Female,64,Mumbai,Maharashtra,High Value,2024-01-18
14122,Customer_04122,Female,57,Mangaluru,Karnataka,High Value,2025-03-15
14123,Customer_04123,Male,57,Pune,Maharashtra,Regular,2023-06-19
14124,Customer_04124,Male,26,Hyderabad,Telangana,Low Value,2025-07-06
14125,Customer_04125,Male,47,Siliguri,West Bengal,Regular,2023-05-31
14126,Customer_04126,Female,34,Udaipur,Rajasthan,High Value,2024-03-06
14127,Customer_04127,Female,57,Kochi,Kerala,Regular,2024-03-26
14128,Customer_04128,Female,61,Nashik,Maharashtra,Regular,2024-10-04
14129,Customer_04129,Female,32,Kolkata,West Bengal,Regular,2025-02-18
14130,Customer_04130,Female,21,Hyderabad,Telangana,Regular,2023-01-23
14131,Customer_04131,Male,23,Thiruvananthapuram,Kerala,Regular,2024-01-02
14132,Customer_04132,Female,33,Nagpur,Maharashtra,Regular,2024-10-12
14133,Customer_04133,Male,43,New Delhi,Delhi,High Value,2025-03-30
14134,Customer_04134,Male,54,Siliguri,West Bengal,VIP,2023-08-27
14135,Customer_04135,Female,40,Kozhikode,Kerala,VIP,2024-03-09
14136,Customer_04136,Male,30,Pune,Maharashtra,Regular,2024-12-04
14137,Customer_04137,Female,64,Kolkata,West Bengal,High Value,2025-07-30
14138,Customer_04138,Female,34,Warangal,Telangana,Regular,2024-06-24
14139,Customer_04139,Male,44,Nagpur,Maharashtra,Regular,2024-09-24
14140,Customer_04140,Male,39,Mumbai,Maharashtra,Regular,2023-07-17
14141,Customer_04141,Female,54,Pune,Maharashtra,Regular,2024-04-26
14142,Customer_04142,Female,36,Agra,Uttar Pradesh,Low Value,2025-05-18
14143,Customer_04143,Male,56,New Delhi,Delhi,Regular,2024-06-06
14144,Customer_04144,Male,52,Hyderabad,Telangana,Low Value,2024-10-12
14145,Customer_04145,Female,30,Thiruvananthapuram,Kerala,Regular,2025-08-16
14146,Customer_04146,Female,31,Agra,Uttar Pradesh,Regular,2024-03-12
14147,Customer_04147,Male,65,Ahmedabad,Gujarat,Regular,2025-05-06
14148,Customer_04148,Male,48,Agra,Uttar Pradesh,High Value,2023-11-10
14149,Customer_04149,Female,62,Jodhpur,Rajasthan,Low Value,2023-01-19
14150,Customer_04150,Female,19,Jodhpur,Rajasthan,High Value,2025-03-28
14151,Customer_04151,Other,63,Pune,Maharashtra,Regular,2023-05-02
14152,Customer_04152,Female,56,Lucknow,Uttar Pradesh,Regular,2023-03-13
14153,Customer_04153,Female,54,Vadodara,Gujarat,VIP,2025-12-14
14154,Customer_04154,Male,31,Agra,Uttar Pradesh,High Value,2024-04-04
14155,Customer_04155,Female,26,New Delhi,Delhi,VIP,2023-06-18
14156,Customer_04156,Male,27,New Delhi,Delhi,Regular,2024-08-04
14157,Customer_04157,Female,24,Surat,Gujarat,Low Value,2024-09-20
14158,Customer_04158,Male,45,Agra,Uttar Pradesh,Regular,2023-01-26
14159,Customer_04159,Male,63,Siliguri,West Bengal,High Value,2024-12-21
14160,Customer_04160,Female,42,Delhi,Delhi,Regular,2025-10-30
14161,Customer_04161,Female,63,Delhi,Delhi,Low Value,2023-05-01
14162,Customer_04162,Male,45,Hubballi,Karnataka,High Value,2023-05-06
14163,Customer_04163,Female,19,Agra,Uttar Pradesh,Regular,2024-07-02
14164,Customer_04164,Male,34,New Delhi,Delhi,Low Value,2025-12-28
14165,Customer_04165,Male,21,Hyderabad,Telangana,High Value,2023-10-24
14166,Customer_04166,Female,30,Agra,Uttar Pradesh,Regular,2024-11-16
14167,Customer_04167,Male,35,Jaipur,Rajasthan,High Value,2025-08-30
14168,Customer_04168,Female,20,Bengaluru,Karnataka,Low Value,2025-12-04
14169,Customer_04169,Male,54,Delhi,Delhi,Low Value,2024-09-26
14170,Customer_04170,Female,50,Bengaluru,Karnataka,Low Value,2024-01-17
14171,Customer_04171,Female,58,Udaipur,Rajasthan,Regular,2025-11-16
14172,Customer_04172,Male,41,Vadodara,Gujarat,Regular,2024-12-05
14173,Customer_04173,Male,25,Surat,Gujarat,High Value,2024-05-11
14174,Customer_04174,Female,52,Kanpur,Uttar Pradesh,Low Value,2025-05-01
14175,Customer_04175,Female,19,Jaipur,Rajasthan,Low Value,2024-12-07
14176,Customer_04176,Male,50,Chennai,Tamil Nadu,Regular,2025-12-08
14177,Customer_04177,Female,29,Chennai,Tamil Nadu,Regular,2023-05-01
14178,Customer_04178,Male,39,Lucknow,Uttar Pradesh,High Value,2024-09-17
14179,Customer_04179,Male,30,Nashik,Maharashtra,Regular,2024-06-09
14180,Customer_04180,Male,27,Hubballi,Karnataka,Regular,2025-12-02
14181,Customer_04181,Male,34,Mangaluru,Karnataka,Regular,2025-01-21
14182,Customer_04182,Female,60,Ahmedabad,Gujarat,Regular,2023-04-06
14183,Customer_04183,Female,22,Madurai,Tamil Nadu,VIP,2023-01-27
14184,Customer_04184,Female,26,Kozhikode,Kerala,Low Value,2025-04-15
14185,Customer_04185,Female,30,Delhi,Delhi,Low Value,2024-05-01
14186,Customer_04186,Female,40,New Delhi,Delhi,Low Value,2023-08-28
14187,Customer_04187,Female,47,New Delhi,Delhi,Regular,2023-03-08
14188,Customer_04188,Female,60,Surat,Gujarat,Regular,2023-08-19
14189,Customer_04189,Female,21,Jodhpur,Rajasthan,Regular,2023-12-17
14190,Customer_04190,Female,38,Kolkata,West Bengal,Low Value,2025-01-30
14191,Customer_04191,Male,60,Madurai,Tamil Nadu,Regular,2025-05-12
14192,Customer_04192,Female,26,Coimbatore,Tamil Nadu,Regular,2023-12-23
14193,Customer_04193,Female,24,Kozhikode,Kerala,Regular,2025-12-01
14194,Customer_04194,Female,33,Bengaluru,Karnataka,Low Value,2025-10-26
14195,Customer_04195,Female,40,Nashik,Maharashtra,VIP,2023-11-25
14196,Customer_04196,Female,40,Kanpur,Uttar Pradesh,High Value,2025-06-29
14197,Customer_04197,Other,48,Mangaluru,Karnataka,Regular,2023-12-04
14198,Customer_04198,Male,22,Jaipur,Rajasthan,Low Value,2025-12-28
14199,Customer_04199,Female,23,Lucknow,Uttar Pradesh,Regular,2025-05-31
14200,Customer_04200,Male,18,Madurai,Tamil Nadu,Regular,2024-06-22
14201,Customer_04201,Female,65,Jodhpur,Rajasthan,Regular,2025-01-06
14202,Customer_04202,Female,45,Noida,Uttar Pradesh,Regular,2024-03-18
14203,Customer_04203,Male,35,Kochi,Kerala,Regular,2025-07-12
14204,Customer_04204,Male,41,Kozhikode,Kerala,Regular,2025-07-08
14205,Customer_04205,Female,30,Warangal,Telangana,Regular,2023-02-20
14206,Customer_04206,Male,50,Siliguri,West Bengal,Low Value,2023-05-29
14207,Customer_04207,Male,27,Kochi,Kerala,Regular,2024-01-03
14208,Customer_04208,Female,24,Coimbatore,Tamil Nadu,Regular,2024-08-02
14209,Customer_04209,Male,54,Nagpur,Maharashtra,High Value,2024-10-17
14210,Customer_04210,Male,49,New Delhi,Delhi,Regular,2023-03-17
14211,Customer_04211,Female,62,Hyderabad,Telangana,Low Value,2023-08-15
14212,Customer_04212,Male,39,Delhi,Delhi,VIP,2025-08-16
14213,Customer_04213,Male,33,Siliguri,West Bengal,Regular,2024-08-14
14214,Customer_04214,Female,41,Lucknow,Uttar Pradesh,Regular,2023-01-24
14215,Customer_04215,Female,31,Vadodara,Gujarat,Regular,2023-01-28
14216,Customer_04216,Female,28,Thiruvananthapuram,Kerala,Regular,2023-05-01
14217,Customer_04217,Female,36,Mumbai,Maharashtra,High Value,2025-05-02
14218,Customer_04218,Female,40,Kolkata,West Bengal,Low Value,2024-09-15
14219,Customer_04219,Male,51,Delhi,Delhi,Regular,2025-06-08
14220,Customer_04220,Male,57,Hyderabad,Telangana,High Value,2023-01-31
14221,Customer_04221,Male,30,Kozhikode,Kerala,High Value,2025-05-19
14222,Customer_04222,Male,56,Chennai,Tamil Nadu,Low Value,2023-02-19
14223,Customer_04223,Female,61,Thiruvananthapuram,Kerala,High Value,2024-12-26
14224,Customer_04224,Female,45,Hyderabad,Telangana,Regular,2024-01-24
14225,Customer_04225,Male,57,Warangal,Telangana,Regular,2025-08-01
14226,Customer_04226,Female,33,Vadodara,Gujarat,Low Value,2025-10-11
14227,Customer_04227,Male,45,Kochi,Kerala,Regular,2024-04-19
14228,Customer_04228,Male,21,Kochi,Kerala,Regular,2025-01-25
14229,Customer_04229,Female,45,Ahmedabad,Gujarat,VIP,2024-08-25
14230,Customer_04230,Male,29,Jaipur,Rajasthan,Low Value,2025-07-14
14231,Customer_04231,Male,33,Jodhpur,Rajasthan,Regular,2025-10-26
14232,Customer_04232,Male,53,Kanpur,Uttar Pradesh,Low Value,2025-03-03
14233,Customer_04233,Male,37,Udaipur,Rajasthan,Regular,2024-02-16
14234,Customer_04234,Female,43,Hubballi,Karnataka,Regular,2024-10-23
14235,Customer_04235,Female,43,Kochi,Kerala,VIP,2023-07-10
14236,Customer_04236,Male,39,Thane,Maharashtra,Regular,2025-02-24
14237,Customer_04237,Male,26,Thiruvananthapuram,Kerala,Regular,2024-08-07
14238,Customer_04238,Female,22,Bengaluru,Karnataka,Regular,2025-08-16
14239,Customer_04239,Female,34,Mysuru,Karnataka,High Value,2024-05-14
14240,Customer_04240,Male,51,New Delhi,Delhi,High Value,2024-08-02
14241,Customer_04241,Male,19,Thiruvananthapuram,Kerala,High Value,2025-03-26
14242,Customer_04242,Female,24,Kolkata,West Bengal,Regular,2025-12-22
14243,Customer_04243,Female,53,Mysuru,Karnataka,Low Value,2025-02-18
14244,Customer_04244,Male,30,Mumbai,Maharashtra,Regular,2025-07-31
14245,Customer_04245,Female,37,Vadodara,Gujarat,Regular,2023-09-22
14246,Customer_04246,Male,47,Kanpur,Uttar Pradesh,High Value,2023-01-07
14247,Customer_04247,Female,47,Delhi,Delhi,Regular,2024-11-25
14248,Customer_04248,Female,28,Vadodara,Gujarat,Regular,2025-09-18
14249,Customer_04249,Female,48,New Delhi,Delhi,Low Value,2025-07-06
14250,Customer_04250,Male,20,Nagpur,Maharashtra,Low Value,2025-01-17
14251,Customer_04251,Male,19,Hyderabad,Telangana,Regular,2023-05-26
14252,Customer_04252,Male,65,Thiruvananthapuram,Kerala,Regular,2023-08-29
14253,Customer_04253,Female,20,Madurai,Tamil Nadu,High Value,2025-05-06
14254,Customer_04254,Male,32,Siliguri,West Bengal,Regular,2023-10-14
14255,Customer_04255,Male,34,Surat,Gujarat,VIP,2025-08-09
14256,Customer_04256,Male,65,Thiruvananthapuram,Kerala,Regular,2023-01-26
14257,Customer_04257,Female,24,Kolkata,West Bengal,High Value,2024-03-27
14258,Customer_04258,Male,65,Hyderabad,Telangana,Regular,2023-04-16
14259,Customer_04259,Male,22,Chennai,Tamil Nadu,Regular,2023-08-28
14260,Customer_04260,Male,51,Kolkata,West Bengal,Regular,2023-11-28
14261,Customer_04261,Female,50,Siliguri,West Bengal,Regular,2025-06-30
14262,Customer_04262,Female,62,Surat,Gujarat,High Value,2025-12-01
14263,Customer_04263,Female,33,Jodhpur,Rajasthan,Regular,2024-10-06
14264,Customer_04264,Female,54,Chennai,Tamil Nadu,Low Value,2023-02-04
14265,Customer_04265,Female,20,Kochi,Kerala,Low Value,2025-05-25
14266,Customer_04266,Male,64,Hyderabad,Telangana,Regular,2024-01-19
14267,Customer_04267,Female,65,Madurai,Tamil Nadu,Regular,2025-03-21
14268,Customer_04268,Male,60,Mumbai,Maharashtra,Regular,2025-01-17
14269,Customer_04269,Male,38,Jodhpur,Rajasthan,High Value,2025-08-16
14270,Customer_04270,Female,58,Pune,Maharashtra,High Value,2025-11-22
14271,Customer_04271,Male,25,Warangal,Telangana,VIP,2023-04-05
14272,Customer_04272,Male,39,Vadodara,Gujarat,Regular,2025-10-16
14273,Customer_04273,Male,22,Ahmedabad,Gujarat,Regular,2023-07-24
14274,Customer_04274,Female,34,Hyderabad,Telangana,Low Value,2025-04-13
14275,Customer_04275,Male,54,New Delhi,Delhi,Regular,2023-01-30
14276,Customer_04276,Female,31,Hyderabad,Telangana,Regular,2023-09-23
14277,Customer_04277,Female,56,Jaipur,Rajasthan,Regular,2023-01-23
14278,Customer_04278,Female,58,Hubballi,Karnataka,High Value,2024-08-31
14279,Customer_04279,Male,45,Vadodara,Gujarat,VIP,2023-02-08
14280,Customer_04280,Female,48,Noida,Uttar Pradesh,Regular,2023-06-22
14281,Customer_04281,Male,34,Jaipur,Rajasthan,Regular,2025-01-29
14282,Customer_04282,Male,52,Udaipur,Rajasthan,Low Value,2024-02-18
14283,Customer_04283,Male,57,Jodhpur,Rajasthan,Regular,2024-11-22
14284,Customer_04284,Female,39,Kolkata,West Bengal,Low Value,2024-09-06
14285,Customer_04285,Male,62,Jaipur,Rajasthan,Regular,2023-07-28
14286,Customer_04286,Male,65,Vadodara,Gujarat,Regular,2023-01-22
14287,Customer_04287,Male,46,Mysuru,Karnataka,Regular,2023-01-05
14288,Customer_04288,Male,27,Bengaluru,Karnataka,VIP,2024-10-12
14289,Customer_04289,Female,35,Jaipur,Rajasthan,VIP,2023-08-02
14290,Customer_04290,Female,52,Pune,Maharashtra,VIP,2025-07-08
14291,Customer_04291,Female,61,Ahmedabad,Gujarat,Regular,2025-06-25
14292,Customer_04292,Male,33,Ahmedabad,Gujarat,Regular,2024-11-02
14293,Customer_04293,Male,24,Coimbatore,Tamil Nadu,High Value,2024-10-28
14294,Customer_04294,Female,47,Kochi,Kerala,Regular,2025-03-10
14295,Customer_04295,Male,36,New Delhi,Delhi,Regular,2023-11-13
14296,Customer_04296,Female,40,Delhi,Delhi,Regular,2025-03-03
14297,Customer_04297,Male,25,Thane,Maharashtra,Regular,2024-07-29
14298,Customer_04298,Female,34,Delhi,Delhi,Regular,2023-04-01
14299,Customer_04299,Male,38,Coimbatore,Tamil Nadu,Regular,2025-12-01
14300,Customer_04300,Male,43,Warangal,Telangana,Regular,2025-01-30
14301,Customer_04301,Female,45,New Delhi,Delhi,Low Value,2025-02-08
14302,Customer_04302,Female,56,Ahmedabad,Gujarat,High Value,2023-01-01
14303,Customer_04303,Male,50,Warangal,Telangana,Regular,2023-04-19
14304,Customer_04304,Female,57,New Delhi,Delhi,High Value,2025-07-16
14305,Customer_04305,Female,36,Vadodara,Gujarat,Regular,2025-12-23
14306,Customer_04306,Male,46,Ahmedabad,Gujarat,Regular,2023-07-25
14307,Customer_04307,Male,37,Udaipur,Rajasthan,Regular,2025-04-29
14308,Customer_04308,Male,37,Mangaluru,Karnataka,Regular,2024-08-12
14309,Customer_04309,Male,27,Nashik,Maharashtra,High Value,2024-09-14
14310,Customer_04310,Female,29,Chennai,Tamil Nadu,Low Value,2025-08-22
14311,Customer_04311,Male,50,Siliguri,West Bengal,Regular,2025-08-22
14312,Customer_04312,Male,42,Kochi,Kerala,Regular,2024-10-14
14313,Customer_04313,Male,42,New Delhi,Delhi,Regular,2023-03-20
14314,Customer_04314,Female,21,Delhi,Delhi,High Value,2024-02-19
14315,Customer_04315,Male,21,Warangal,Telangana,High Value,2024-09-30
14316,Customer_04316,Male,26,Warangal,Telangana,Regular,2025-03-01
14317,Customer_04317,Male,32,Kochi,Kerala,High Value,2025-11-27
14318,Customer_04318,Female,43,Delhi,Delhi,High Value,2023-11-29
14319,Customer_04319,Male,32,Agra,Uttar Pradesh,Low Value,2023-10-15
14320,Customer_04320,Female,43,Madurai,Tamil Nadu,Regular,2025-12-08
14321,Customer_04321,Male,45,New Delhi,Delhi,Regular,2023-06-10
14322,Customer_04322,Male,24,Mangaluru,Karnataka,Regular,2023-11-16
14323,Customer_04323,Female,49,Kochi,Kerala,Low Value,2025-07-12
14324,Customer_04324,Male,29,Noida,Uttar Pradesh,High Value,2023-12-30
14325,Customer_04325,Female,52,Madurai,Tamil Nadu,Low Value,2024-04-19
14326,Customer_04326,Female,49,Delhi,Delhi,Regular,2025-10-19
14327,Customer_04327,Female,26,Siliguri,West Bengal,High Value,2025-02-04
14328,Customer_04328,Female,31,Udaipur,Rajasthan,Regular,2024-08-24
14329,Customer_04329,Male,30,Mysuru,Karnataka,Regular,2023-11-08
14330,Customer_04330,Male,61,Siliguri,West Bengal,Regular,2024-08-11
14331,Customer_04331,Female,50,Warangal,Telangana,High Value,2023-12-09
14332,Customer_04332,Female,49,Hyderabad,Telangana,Regular,2025-06-24
14333,Customer_04333,Female,36,New Delhi,Delhi,Regular,2023-06-21
14334,Customer_04334,Male,47,Hyderabad,Telangana,Regular,2024-09-17
14335,Customer_04335,Male,33,Bengaluru,Karnataka,Low Value,2025-10-29
14336,Customer_04336,Female,29,Chennai,Tamil Nadu,Low Value,2024-11-12
14337,Customer_04337,Male,27,Surat,Gujarat,Regular,2023-11-07
14338,Customer_04338,Male,19,Thane,Maharashtra,Low Value,2025-07-02
14339,Customer_04339,Male,35,Kozhikode,Kerala,VIP,2024-03-05
14340,Customer_04340,Female,30,Chennai,Tamil Nadu,VIP,2025-05-07
14341,Customer_04341,Male,46,Surat,Gujarat,Regular,2023-10-12
14342,Customer_04342,Female,41,Agra,Uttar Pradesh,Regular,2024-05-09
14343,Customer_04343,Male,55,Mangaluru,Karnataka,Regular,2023-12-21
14344,Customer_04344,Female,29,Kolkata,West Bengal,Regular,2023-08-02
14345,Customer_04345,Female,46,Vadodara,Gujarat,High Value,2025-03-27
14346,Customer_04346,Male,39,Mangaluru,Karnataka,High Value,2023-07-19
14347,Customer_04347,Female,53,Jaipur,Rajasthan,Low Value,2025-05-02
14348,Customer_04348,Male,18,Siliguri,West Bengal,Low Value,2023-05-16
14349,Customer_04349,Male,60,Hyderabad,Telangana,Regular,2025-08-05
14350,Customer_04350,Female,57,Warangal,Telangana,Regular,2024-09-19
14351,Customer_04351,Male,51,Kolkata,West Bengal,Regular,2025-07-05
14352,Customer_04352,Male,51,Noida,Uttar Pradesh,High Value,2023-12-08
14353,Customer_04353,Male,65,Agra,Uttar Pradesh,Regular,2024-01-23
14354,Customer_04354,Male,50,Agra,Uttar Pradesh,Regular,2023-01-04
14355,Customer_04355,Female,21,Ahmedabad,Gujarat,Regular,2024-11-07
14356,Customer_04356,Male,55,Kozhikode,Kerala,VIP,2024-02-03
14357,Customer_04357,Female,47,Ahmedabad,Gujarat,Low Value,2024-02-15
14358,Customer_04358,Female,63,Delhi,Delhi,Low Value,2023-08-01
14359,Customer_04359,Male,37,Mumbai,Maharashtra,Regular,2024-07-13
14360,Customer_04360,Male,43,Kolkata,West Bengal,Regular,2024-07-11
14361,Customer_04361,Female,32,Chennai,Tamil Nadu,Low Value,2024-07-11
14362,Customer_04362,Male,24,Nashik,Maharashtra,High Value,2025-12-07
14363,Customer_04363,Male,24,Jodhpur,Rajasthan,Regular,2024-05-16
14364,Customer_04364,Male,46,Ahmedabad,Gujarat,Regular,2024-10-05
14365,Customer_04365,Female,40,Ahmedabad,Gujarat,Regular,2024-06-14
14366,Customer_04366,Female,51,Mysuru,Karnataka,Low Value,2025-08-10
14367,Customer_04367,Male,37,Pune,Maharashtra,Regular,2025-02-25
14368,Customer_04368,Male,32,Mysuru,Karnataka,VIP,2024-04-19
14369,Customer_04369,Female,50,Madurai,Tamil Nadu,VIP,2023-02-11
14370,Customer_04370,Female,34,Hubballi,Karnataka,VIP,2024-08-26
14371,Customer_04371,Female,37,Nashik,Maharashtra,Regular,2023-02-17
14372,Customer_04372,Female,30,Siliguri,West Bengal,Regular,2024-12-28
14373,Customer_04373,Male,61,Jodhpur,Rajasthan,High Value,2023-08-09
14374,Customer_04374,Female,41,Vadodara,Gujarat,Regular,2025-07-28
14375,Customer_04375,Male,64,Madurai,Tamil Nadu,Regular,2023-12-09
14376,Customer_04376,Male,54,Vadodara,Gujarat,Regular,2023-06-04
14377,Customer_04377,Female,24,Delhi,Delhi,Regular,2025-07-26
14378,Customer_04378,Male,25,Jaipur,Rajasthan,Regular,2025-04-20
14379,Customer_04379,Other,40,Kochi,Kerala,Regular,2025-12-15
14380,Customer_04380,Male,31,Bengaluru,Karnataka,Regular,2024-01-22
14381,Customer_04381,Female,21,Warangal,Telangana,Regular,2025-06-12
14382,Customer_04382,Female,38,Mumbai,Maharashtra,Low Value,2023-02-07
14383,Customer_04383,Male,63,Surat,Gujarat,Regular,2025-04-30
14384,Customer_04384,Female,27,Mysuru,Karnataka,Regular,2024-12-29
14385,Customer_04385,Male,39,Coimbatore,Tamil Nadu,Regular,2023-08-19
14386,Customer_04386,Female,47,Ahmedabad,Gujarat,VIP,2024-03-27
14387,Customer_04387,Male,47,Kochi,Kerala,Regular,2023-09-14
14388,Customer_04388,Female,33,Jaipur,Rajasthan,Regular,2024-03-09
14389,Customer_04389,Male,28,Jodhpur,Rajasthan,High Value,2023-07-28
14390,Customer_04390,Male,39,Surat,Gujarat,Regular,2023-05-17
14391,Customer_04391,Male,46,Madurai,Tamil Nadu,VIP,2024-07-18
14392,Customer_04392,Male,42,Udaipur,Rajasthan,Regular,2025-05-05
14393,Customer_04393,Female,31,Jaipur,Rajasthan,High Value,2024-12-21
14394,Customer_04394,Female,31,Thiruvananthapuram,Kerala,VIP,2025-04-24
14395,Customer_04395,Female,19,Nagpur,Maharashtra,Low Value,2023-02-05
14396,Customer_04396,Male,30,Coimbatore,Tamil Nadu,Low Value,2023-01-27
14397,Customer_04397,Male,20,Chennai,Tamil Nadu,High Value,2023-01-18
14398,Customer_04398,Male,47,Siliguri,West Bengal,Regular,2024-09-21
14399,Customer_04399,Female,35,Siliguri,West Bengal,Regular,2024-08-01
14400,Customer_04400,Other,53,Udaipur,Rajasthan,Regular,2025-06-21
14401,Customer_04401,Male,38,Warangal,Telangana,Regular,2025-09-01
14402,Customer_04402,Male,36,Siliguri,West Bengal,Regular,2025-11-19
14403,Customer_04403,Male,33,Jodhpur,Rajasthan,Regular,2023-05-03
14404,Customer_04404,Female,45,Agra,Uttar Pradesh,High Value,2025-08-14
14405,Customer_04405,Female,21,Delhi,Delhi,VIP,2025-09-27
14406,Customer_04406,Female,32,Delhi,Delhi,Regular,2025-09-13
14407,Customer_04407,Male,18,Madurai,Tamil Nadu,Regular,2023-12-04
14408,Customer_04408,Female,65,Hyderabad,Telangana,Regular,2025-09-17
14409,Customer_04409,Female,64,Kozhikode,Kerala,Regular,2023-09-30
14410,Customer_04410,Male,33,Nashik,Maharashtra,Regular,2025-06-20
14411,Customer_04411,Female,37,Siliguri,West Bengal,Regular,2023-02-08
14412,Customer_04412,Male,50,Kanpur,Uttar Pradesh,Regular,2024-11-12
14413,Customer_04413,Male,34,Jaipur,Rajasthan,Regular,2024-03-01
14414,Customer_04414,Female,22,Hyderabad,Telangana,Regular,2023-11-11
14415,Customer_04415,Male,22,Coimbatore,Tamil Nadu,Regular,2024-09-05
14416,Customer_04416,Female,56,Kolkata,West Bengal,Regular,2025-01-24
14417,Customer_04417,Female,30,Warangal,Telangana,Regular,2023-06-06
14418,Customer_04418,Male,61,Siliguri,West Bengal,Regular,2025-05-21
14419,Customer_04419,Female,53,Mumbai,Maharashtra,Regular,2025-02-15
14420,Customer_04420,Female,47,Thane,Maharashtra,Regular,2023-09-14
14421,Customer_04421,Male,21,Kochi,Kerala,Regular,2025-05-04
14422,Customer_04422,Male,40,Delhi,Delhi,Low Value,2024-09-26
14423,Customer_04423,Male,38,Hubballi,Karnataka,Regular,2024-03-31
14424,Customer_04424,Male,38,Mysuru,Karnataka,Low Value,2023-02-16
14425,Customer_04425,Male,23,Siliguri,West Bengal,Regular,2023-01-10
14426,Customer_04426,Male,41,Kozhikode,Kerala,Low Value,2023-05-24
14427,Customer_04427,Male,64,Mangaluru,Karnataka,Regular,2024-05-01
14428,Customer_04428,Female,48,Madurai,Tamil Nadu,Low Value,2025-11-15
14429,Customer_04429,Male,36,Mangaluru,Karnataka,High Value,2025-10-27
14430,Customer_04430,Female,55,Surat,Gujarat,VIP,2024-08-13
14431,Customer_04431,Female,29,Jodhpur,Rajasthan,Regular,2025-11-04
14432,Customer_04432,Female,31,Kozhikode,Kerala,Low Value,2025-06-17
14433,Customer_04433,Male,29,Madurai,Tamil Nadu,Regular,2023-07-26
14434,Customer_04434,Female,32,Hyderabad,Telangana,High Value,2025-06-28
14435,Customer_04435,Female,36,Chennai,Tamil Nadu,Regular,2023-09-16
14436,Customer_04436,Female,45,Delhi,Delhi,Regular,2024-03-29
14437,Customer_04437,Male,57,Warangal,Telangana,Regular,2025-03-09
14438,Customer_04438,Male,58,Noida,Uttar Pradesh,Regular,2024-01-10
14439,Customer_04439,Female,22,Udaipur,Rajasthan,Low Value,2024-04-08
14440,Customer_04440,Male,22,Jodhpur,Rajasthan,Low Value,2023-03-16
14441,Customer_04441,Male,23,Jaipur,Rajasthan,Regular,2023-08-30
14442,Customer_04442,Male,40,Udaipur,Rajasthan,Regular,2025-11-06
14443,Customer_04443,Female,20,Siliguri,West Bengal,Regular,2023-05-03
14444,Customer_04444,Female,54,Jodhpur,Rajasthan,Regular,2023-04-21
14445,Customer_04445,Male,50,Jodhpur,Rajasthan,High Value,2023-08-22
14446,Customer_04446,Female,60,Udaipur,Rajasthan,Regular,2025-08-25
14447,Customer_04447,Female,38,Thiruvananthapuram,Kerala,Regular,2024-05-11
14448,Customer_04448,Female,37,Siliguri,West Bengal,Low Value,2025-11-29
14449,Customer_04449,Female,18,Mumbai,Maharashtra,Low Value,2024-12-27
14450,Customer_04450,Female,56,Coimbatore,Tamil Nadu,VIP,2023-04-02
14451,Customer_04451,Female,64,Coimbatore,Tamil Nadu,Low Value,2023-12-03
14452,Customer_04452,Male,34,Hyderabad,Telangana,Regular,2024-05-27
14453,Customer_04453,Female,46,Thiruvananthapuram,Kerala,Regular,2024-08-25
14454,Customer_04454,Male,25,Vadodara,Gujarat,Regular,2024-03-03
14455,Customer_04455,Male,43,Coimbatore,Tamil Nadu,Regular,2023-01-07
14456,Customer_04456,Male,45,Mysuru,Karnataka,Regular,2023-04-30
14457,Customer_04457,Female,51,Surat,Gujarat,Regular,2024-01-22
14458,Customer_04458,Female,43,Jaipur,Rajasthan,High Value,2024-10-02
14459,Customer_04459,Male,30,Jodhpur,Rajasthan,Regular,2025-12-02
14460,Customer_04460,Male,61,Kolkata,West Bengal,Regular,2023-07-02
14461,Customer_04461,Female,54,Surat,Gujarat,VIP,2024-11-27
14462,Customer_04462,Male,30,Hubballi,Karnataka,Regular,2024-07-18
14463,Customer_04463,Female,55,Kolkata,West Bengal,Regular,2024-03-21
14464,Customer_04464,Male,42,Hyderabad,Telangana,Regular,2023-07-19
14465,Customer_04465,Male,64,Surat,Gujarat,VIP,2025-08-05
14466,Customer_04466,Other,40,Kochi,Kerala,Low Value,2024-05-27
14467,Customer_04467,Male,39,Jaipur,Rajasthan,Regular,2025-09-16
14468,Customer_04468,Male,38,Jodhpur,Rajasthan,High Value,2023-08-01
14469,Customer_04469,Male,47,New Delhi,Delhi,Regular,2024-06-29
14470,Customer_04470,Female,28,Siliguri,West Bengal,Regular,2024-04-30
14471,Customer_04471,Female,21,Nashik,Maharashtra,VIP,2023-06-17
14472,Customer_04472,Male,50,Nashik,Maharashtra,Regular,2025-06-08
14473,Customer_04473,Male,64,Siliguri,West Bengal,Low Value,2025-07-19
14474,Customer_04474,Female,29,Thiruvananthapuram,Kerala,Regular,2025-04-07
14475,Customer_04475,Male,26,Lucknow,Uttar Pradesh,High Value,2023-05-17
14476,Customer_04476,Female,49,Siliguri,West Bengal,Low Value,2023-04-25
14477,Customer_04477,Male,28,Thiruvananthapuram,Kerala,Regular,2025-12-08
14478,Customer_04478,Male,54,Hyderabad,Telangana,Low Value,2024-05-30
14479,Customer_04479,Female,41,Udaipur,Rajasthan,VIP,2024-11-18
14480,Customer_04480,Male,24,Hubballi,Karnataka,Regular,2025-10-16
14481,Customer_04481,Female,25,Lucknow,Uttar Pradesh,Regular,2025-11-15
14482,Customer_04482,Male,50,Vadodara,Gujarat,High Value,2025-12-29
14483,Customer_04483,Male,42,Agra,Uttar Pradesh,Regular,2023-10-20
14484,Customer_04484,Other,18,Hubballi,Karnataka,Regular,2023-08-19
14485,Customer_04485,Male,20,New Delhi,Delhi,VIP,2025-07-26
14486,Customer_04486,Female,57,Jodhpur,Rajasthan,Regular,2024-06-01
14487,Customer_04487,Male,45,Thane,Maharashtra,Regular,2025-11-13
14488,Customer_04488,Female,60,Kochi,Kerala,High Value,2024-12-06
14489,Customer_04489,Female,50,Siliguri,West Bengal,Low Value,2024-01-12
14490,Customer_04490,Male,63,Siliguri,West Bengal,Low Value,2024-03-12
14491,Customer_04491,Female,18,Pune,Maharashtra,Regular,2025-05-02
14492,Customer_04492,Female,55,Noida,Uttar Pradesh,Regular,2025-08-27
14493,Customer_04493,Male,44,Udaipur,Rajasthan,Regular,2024-05-13
14494,Customer_04494,Female,55,Coimbatore,Tamil Nadu,Regular,2024-08-22
14495,Customer_04495,Female,52,Kochi,Kerala,Low Value,2025-02-16
14496,Customer_04496,Male,27,Hyderabad,Telangana,Regular,2023-03-11
14497,Customer_04497,Male,29,Mangaluru,Karnataka,Low Value,2023-07-24
14498,Customer_04498,Male,27,Kanpur,Uttar Pradesh,Regular,2023-12-07
14499,Customer_04499,Male,51,Vadodara,Gujarat,Regular,2025-11-21
14500,Customer_04500,Female,41,New Delhi,Delhi,Low Value,2025-12-02
14501,Customer_04501,Male,45,Kolkata,West Bengal,Regular,2023-04-28
14502,Customer_04502,Female,39,Lucknow,Uttar Pradesh,Regular,2025-06-07
14503,Customer_04503,Male,62,New Delhi,Delhi,Regular,2023-01-15
14504,Customer_04504,Male,33,Mysuru,Karnataka,Regular,2025-06-29
14505,Customer_04505,Female,30,Siliguri,West Bengal,Regular,2024-09-18
14506,Customer_04506,Female,53,Kolkata,West Bengal,Low Value,2024-11-20
14507,Customer_04507,Female,53,Coimbatore,Tamil Nadu,Regular,2025-02-12
14508,Customer_04508,Male,60,Agra,Uttar Pradesh,Low Value,2025-07-01
14509,Customer_04509,Male,40,Jaipur,Rajasthan,Regular,2023-04-30
14510,Customer_04510,Male,31,Nagpur,Maharashtra,Regular,2023-01-26
14511,Customer_04511,Other,49,Nagpur,Maharashtra,Low Value,2023-03-05
14512,Customer_04512,Male,20,Warangal,Telangana,Regular,2024-04-04
14513,Customer_04513,Female,44,Surat,Gujarat,High Value,2023-11-10
14514,Customer_04514,Female,36,New Delhi,Delhi,Regular,2025-03-15
14515,Customer_04515,Male,39,Noida,Uttar Pradesh,Regular,2025-09-12
14516,Customer_04516,Female,18,Thiruvananthapuram,Kerala,High Value,2025-01-05
14517,Customer_04517,Female,22,Vadodara,Gujarat,Low Value,2025-06-07
14518,Customer_04518,Female,50,Coimbatore,Tamil Nadu,Low Value,2025-09-08
14519,Customer_04519,Male,36,Siliguri,West Bengal,Regular,2024-08-01
14520,Customer_04520,Male,53,Udaipur,Rajasthan,Regular,2025-08-29
14521,Customer_04521,Male,23,Agra,Uttar Pradesh,Low Value,2025-05-10
14522,Customer_04522,Male,32,Surat,Gujarat,Regular,2024-12-07
14523,Customer_04523,Female,53,Vadodara,Gujarat,VIP,2024-01-30
14524,Customer_04524,Female,50,Jaipur,Rajasthan,High Value,2024-04-28
14525,Customer_04525,Male,41,Warangal,Telangana,VIP,2024-10-27
14526,Customer_04526,Female,44,New Delhi,Delhi,VIP,2024-03-31
14527,Customer_04527,Female,28,Delhi,Delhi,Regular,2023-07-29
14528,Customer_04528,Male,40,Surat,Gujarat,Regular,2024-06-08
14529,Customer_04529,Male,50,Mysuru,Karnataka,High Value,2024-11-06
14530,Customer_04530,Female,58,Ahmedabad,Gujarat,VIP,2025-09-28
14531,Customer_04531,Female,63,Surat,Gujarat,Regular,2025-06-14
14532,Customer_04532,Female,64,Jodhpur,Rajasthan,Regular,2025-09-30
14533,Customer_04533,Male,46,Kolkata,West Bengal,Regular,2023-11-03
14534,Customer_04534,Male,48,Jodhpur,Rajasthan,VIP,2025-11-11
14535,Customer_04535,Male,18,Lucknow,Uttar Pradesh,Low Value,2023-03-01
14536,Customer_04536,Female,51,Surat,Gujarat,Low Value,2024-01-21
14537,Customer_04537,Female,35,Delhi,Delhi,Regular,2023-02-25
14538,Customer_04538,Male,35,Thiruvananthapuram,Kerala,Regular,2023-06-17
14539,Customer_04539,Female,23,New Delhi,Delhi,Low Value,2024-12-17
14540,Customer_04540,Female,57,Mumbai,Maharashtra,High Value,2025-05-14
14541,Customer_04541,Female,18,Hyderabad,Telangana,Low Value,2024-04-26
14542,Customer_04542,Female,64,Chennai,Tamil Nadu,Regular,2023-12-06
14543,Customer_04543,Male,59,Kanpur,Uttar Pradesh,Regular,2025-03-06
14544,Customer_04544,Female,47,Agra,Uttar Pradesh,Regular,2025-06-10
14545,Customer_04545,Male,21,Warangal,Telangana,Regular,2025-02-14
14546,Customer_04546,Male,49,Kochi,Kerala,Regular,2024-08-23
14547,Customer_04547,Female,27,Chennai,Tamil Nadu,Regular,2024-03-12
14548,Customer_04548,Female,60,Kolkata,West Bengal,Regular,2025-12-18
14549,Customer_04549,Female,22,Surat,Gujarat,High Value,2023-06-01
14550,Customer_04550,Female,26,Coimbatore,Tamil Nadu,Regular,2025-07-22
14551,Customer_04551,Female,22,Thiruvananthapuram,Kerala,Regular,2024-06-23
14552,Customer_04552,Female,28,Mangaluru,Karnataka,Regular,2023-08-13
14553,Customer_04553,Male,52,Mumbai,Maharashtra,High Value,2024-07-16
14554,Customer_04554,Female,44,Coimbatore,Tamil Nadu,High Value,2024-07-11
14555,Customer_04555,Male,21,Madurai,Tamil Nadu,Regular,2024-09-09
14556,Customer_04556,Male,27,Thane,Maharashtra,Regular,2023-01-24
14557,Customer_04557,Male,56,Ahmedabad,Gujarat,VIP,2024-01-03
14558,Customer_04558,Female,50,Madurai,Tamil Nadu,Low Value,2025-09-25
14559,Customer_04559,Female,55,Thane,Maharashtra,Regular,2023-12-01
14560,Customer_04560,Female,25,Nagpur,Maharashtra,Regular,2023-01-03
14561,Customer_04561,Female,41,Thane,Maharashtra,High Value,2025-10-04
14562,Customer_04562,Male,56,Jaipur,Rajasthan,Regular,2023-09-20
14563,Customer_04563,Female,50,Kochi,Kerala,Regular,2023-05-01
14564,Customer_04564,Female,58,Udaipur,Rajasthan,Low Value,2023-01-21
14565,Customer_04565,Female,60,Mysuru,Karnataka,Regular,2025-06-23
14566,Customer_04566,Female,36,Siliguri,West Bengal,Regular,2023-05-20
14567,Customer_04567,Female,19,Jaipur,Rajasthan,Low Value,2023-07-25
14568,Customer_04568,Female,28,Jaipur,Rajasthan,High Value,2023-02-12
14569,Customer_04569,Female,52,Kochi,Kerala,VIP,2025-04-29
14570,Customer_04570,Male,34,Siliguri,West Bengal,Regular,2025-10-25
14571,Customer_04571,Female,59,Warangal,Telangana,High Value,2023-07-26
14572,Customer_04572,Male,20,Nashik,Maharashtra,High Value,2024-09-26
14573,Customer_04573,Male,39,Agra,Uttar Pradesh,Regular,2023-12-11
14574,Customer_04574,Female,52,Siliguri,West Bengal,Regular,2024-01-07
14575,Customer_04575,Male,38,Mangaluru,Karnataka,Regular,2024-06-30
14576,Customer_04576,Female,42,Ahmedabad,Gujarat,Low Value,2025-09-10
14577,Customer_04577,Male,56,Mysuru,Karnataka,Regular,2023-12-01
14578,Customer_04578,Male,19,Nashik,Maharashtra,High Value,2023-01-11
14579,Customer_04579,Female,18,Kolkata,West Bengal,High Value,2023-03-16
14580,Customer_04580,Male,24,Hubballi,Karnataka,High Value,2025-08-04
14581,Customer_04581,Female,37,Bengaluru,Karnataka,VIP,2025-07-01
14582,Customer_04582,Male,60,Hyderabad,Telangana,High Value,2024-12-10
14583,Customer_04583,Male,23,Hyderabad,Telangana,Regular,2025-05-02
14584,Customer_04584,Male,53,Siliguri,West Bengal,Regular,2025-02-14
14585,Customer_04585,Male,38,Thane,Maharashtra,Regular,2025-06-04
14586,Customer_04586,Female,63,Jodhpur,Rajasthan,Low Value,2025-01-05
14587,Customer_04587,Male,52,Delhi,Delhi,Regular,2024-09-25
14588,Customer_04588,Female,53,Coimbatore,Tamil Nadu,Regular,2025-11-17
14589,Customer_04589,Female,25,Agra,Uttar Pradesh,High Value,2024-01-31
14590,Customer_04590,Female,21,Chennai,Tamil Nadu,Regular,2024-11-13
14591,Customer_04591,Female,60,Thiruvananthapuram,Kerala,Regular,2024-02-25
14592,Customer_04592,Male,33,Hyderabad,Telangana,High Value,2023-12-30
14593,Customer_04593,Male,20,Kolkata,West Bengal,Low Value,2023-04-03
14594,Customer_04594,Female,24,Madurai,Tamil Nadu,Regular,2023-09-23
14595,Customer_04595,Female,19,Mumbai,Maharashtra,High Value,2023-07-25
14596,Customer_04596,Female,18,Kanpur,Uttar Pradesh,Low Value,2023-02-06
14597,Customer_04597,Female,18,Chennai,Tamil Nadu,Low Value,2025-10-31
14598,Customer_04598,Male,55,Noida,Uttar Pradesh,Regular,2025-01-13
14599,Customer_04599,Male,24,Ahmedabad,Gujarat,Regular,2023-01-19
14600,Customer_04600,Female,41,Pune,Maharashtra,Regular,2024-01-09
14601,Customer_04601,Female,22,New Delhi,Delhi,Regular,2023-04-04
14602,Customer_04602,Male,38,Bengaluru,Karnataka,VIP,2023-02-01
14603,Customer_04603,Female,45,Agra,Uttar Pradesh,Regular,2023-05-20
14604,Customer_04604,Male,35,Nagpur,Maharashtra,Low Value,2025-08-30
14605,Customer_04605,Male,41,Lucknow,Uttar Pradesh,Regular,2025-11-10
14606,Customer_04606,Female,49,Lucknow,Uttar Pradesh,Low Value,2025-01-02
14607,Customer_04607,Female,62,Jaipur,Rajasthan,Low Value,2025-01-23
14608,Customer_04608,Female,50,Udaipur,Rajasthan,Regular,2023-02-27
14609,Customer_04609,Male,27,Mumbai,Maharashtra,Regular,2023-05-20
14610,Customer_04610,Male,26,Jodhpur,Rajasthan,High Value,2025-11-12
14611,Customer_04611,Female,50,Kozhikode,Kerala,Regular,2025-06-19
14612,Customer_04612,Male,50,Delhi,Delhi,Regular,2024-01-13
14613,Customer_04613,Female,24,Kolkata,West Bengal,High Value,2025-07-10
14614,Customer_04614,Female,21,Nashik,Maharashtra,Regular,2024-01-08
14615,Customer_04615,Female,45,Mumbai,Maharashtra,Low Value,2025-12-22
14616,Customer_04616,Male,40,Kozhikode,Kerala,Regular,2025-02-16
14617,Customer_04617,Female,49,Hyderabad,Telangana,High Value,2023-06-16
14618,Customer_04618,Male,61,Warangal,Telangana,High Value,2024-06-06
14619,Customer_04619,Male,33,Jodhpur,Rajasthan,Regular,2024-08-06
14620,Customer_04620,Male,63,Siliguri,West Bengal,Low Value,2024-05-15
14621,Customer_04621,Male,27,Jodhpur,Rajasthan,Low Value,2025-06-14
14622,Customer_04622,Female,31,Ahmedabad,Gujarat,Regular,2025-09-25
14623,Customer_04623,Male,56,Ahmedabad,Gujarat,Regular,2024-07-13
14624,Customer_04624,Male,53,Bengaluru,Karnataka,Regular,2025-10-08
14625,Customer_04625,Female,51,Ahmedabad,Gujarat,High Value,2023-08-21
14626,Customer_04626,Male,41,Hyderabad,Telangana,Regular,2024-07-13
14627,Customer_04627,Female,35,Delhi,Delhi,Regular,2025-07-09
14628,Customer_04628,Male,33,Surat,Gujarat,Regular,2025-05-10
14629,Customer_04629,Male,58,Jaipur,Rajasthan,Low Value,2025-05-21
14630,Customer_04630,Female,54,Kanpur,Uttar Pradesh,Regular,2023-03-22
14631,Customer_04631,Male,58,Pune,Maharashtra,Regular,2024-09-05
14632,Customer_04632,Female,42,New Delhi,Delhi,High Value,2024-12-03
14633,Customer_04633,Male,25,Delhi,Delhi,Low Value,2024-06-24
14634,Customer_04634,Male,41,Jaipur,Rajasthan,Regular,2025-02-03
14635,Customer_04635,Male,37,Pune,Maharashtra,Low Value,2025-01-07
14636,Customer_04636,Male,65,Warangal,Telangana,Regular,2024-08-28
14637,Customer_04637,Male,47,Delhi,Delhi,Regular,2024-09-13
14638,Customer_04638,Female,37,Hubballi,Karnataka,Regular,2025-10-18
14639,Customer_04639,Male,35,Jaipur,Rajasthan,High Value,2023-07-15
14640,Customer_04640,Male,21,New Delhi,Delhi,Regular,2025-09-21
14641,Customer_04641,Male,65,Siliguri,West Bengal,Low Value,2025-08-03
14642,Customer_04642,Female,53,Pune,Maharashtra,High Value,2023-02-13
14643,Customer_04643,Female,23,Ahmedabad,Gujarat,High Value,2024-01-28
14644,Customer_04644,Female,20,Delhi,Delhi,Regular,2023-06-04
14645,Customer_04645,Female,35,Udaipur,Rajasthan,Regular,2025-09-04
14646,Customer_04646,Male,64,Surat,Gujarat,Regular,2023-02-28
14647,Customer_04647,Male,57,Hubballi,Karnataka,Regular,2023-04-20
14648,Customer_04648,Female,35,Vadodara,Gujarat,Regular,2024-04-23
14649,Customer_04649,Female,40,Siliguri,West Bengal,Low Value,2024-09-09
14650,Customer_04650,Male,52,Warangal,Telangana,Regular,2025-02-22
14651,Customer_04651,Male,23,Delhi,Delhi,Low Value,2025-12-08
14652,Customer_04652,Other,43,Chennai,Tamil Nadu,Regular,2025-11-21
14653,Customer_04653,Female,38,Chennai,Tamil Nadu,Low Value,2024-08-23
14654,Customer_04654,Male,41,Vadodara,Gujarat,VIP,2025-07-28
14655,Customer_04655,Female,32,Thiruvananthapuram,Kerala,High Value,2025-09-18
14656,Customer_04656,Male,44,Pune,Maharashtra,High Value,2024-06-14
14657,Customer_04657,Male,49,Coimbatore,Tamil Nadu,Regular,2025-10-23
14658,Customer_04658,Male,29,Kozhikode,Kerala,Low Value,2024-01-13
14659,Customer_04659,Male,22,Coimbatore,Tamil Nadu,Regular,2024-07-25
14660,Customer_04660,Male,24,Kochi,Kerala,Low Value,2024-08-09
14661,Customer_04661,Female,39,Thane,Maharashtra,Regular,2023-12-23
14662,Customer_04662,Male,44,Lucknow,Uttar Pradesh,Regular,2024-11-15
14663,Customer_04663,Female,32,Madurai,Tamil Nadu,Low Value,2025-05-07
14664,Customer_04664,Male,56,Siliguri,West Bengal,Regular,2024-10-20
14665,Customer_04665,Male,62,Delhi,Delhi,Regular,2023-02-04
14666,Customer_04666,Female,52,Kochi,Kerala,High Value,2025-10-03
14667,Customer_04667,Female,43,Delhi,Delhi,Low Value,2024-04-05
14668,Customer_04668,Female,40,Udaipur,Rajasthan,Regular,2024-12-18
14669,Customer_04669,Other,30,Jodhpur,Rajasthan,Regular,2024-05-26
14670,Customer_04670,Male,43,Mumbai,Maharashtra,High Value,2025-12-07
14671,Customer_04671,Male,20,Thiruvananthapuram,Kerala,Regular,2024-05-05
14672,Customer_04672,Female,46,Hubballi,Karnataka,Low Value,2023-09-30
14673,Customer_04673,Other,19,Udaipur,Rajasthan,Low Value,2025-10-09
14674,Customer_04674,Female,45,Mumbai,Maharashtra,VIP,2024-06-10
14675,Customer_04675,Female,40,Udaipur,Rajasthan,Regular,2023-07-29
14676,Customer_04676,Female,53,Jodhpur,Rajasthan,Regular,2024-09-15
14677,Customer_04677,Male,23,Bengaluru,Karnataka,High Value,2023-06-22
14678,Customer_04678,Female,28,Coimbatore,Tamil Nadu,Regular,2024-03-22
14679,Customer_04679,Female,55,Surat,Gujarat,High Value,2023-01-11
14680,Customer_04680,Female,51,Agra,Uttar Pradesh,Regular,2025-01-30
14681,Customer_04681,Male,34,Jaipur,Rajasthan,Regular,2023-11-19
14682,Customer_04682,Male,20,Jaipur,Rajasthan,Regular,2025-09-03
14683,Customer_04683,Male,61,Kolkata,West Bengal,Regular,2024-03-20
14684,Customer_04684,Male,63,Lucknow,Uttar Pradesh,Low Value,2023-12-08
14685,Customer_04685,Female,51,Hubballi,Karnataka,High Value,2023-08-09
14686,Customer_04686,Male,39,New Delhi,Delhi,Regular,2023-04-20
14687,Customer_04687,Male,46,Kochi,Kerala,High Value,2024-02-14
14688,Customer_04688,Male,46,Jodhpur,Rajasthan,Regular,2024-05-19
14689,Customer_04689,Female,22,Vadodara,Gujarat,VIP,2023-02-09
14690,Customer_04690,Female,27,Kochi,Kerala,High Value,2023-09-20
14691,Customer_04691,Male,27,Kanpur,Uttar Pradesh,Regular,2024-12-08
14692,Customer_04692,Male,26,Kochi,Kerala,Regular,2025-04-02
14693,Customer_04693,Male,38,Chennai,Tamil Nadu,Low Value,2024-04-05
14694,Customer_04694,Female,30,Udaipur,Rajasthan,Regular,2023-08-05
14695,Customer_04695,Male,27,Kochi,Kerala,Low Value,2023-03-18
14696,Customer_04696,Female,55,Delhi,Delhi,Regular,2025-06-10
14697,Customer_04697,Male,28,New Delhi,Delhi,High Value,2024-01-25
14698,Customer_04698,Male,21,Udaipur,Rajasthan,Regular,2025-11-15
14699,Customer_04699,Female,63,Warangal,Telangana,Regular,2024-01-09
14700,Customer_04700,Male,48,New Delhi,Delhi,Regular,2024-10-15
14701,Customer_04701,Female,51,Kochi,Kerala,Regular,2025-06-22
14702,Customer_04702,Male,59,Nagpur,Maharashtra,Regular,2025-11-13
14703,Customer_04703,Female,52,Delhi,Delhi,Regular,2025-01-13
14704,Customer_04704,Female,56,Kanpur,Uttar Pradesh,High Value,2024-02-27
14705,Customer_04705,Female,56,Hyderabad,Telangana,VIP,2025-05-02
14706,Customer_04706,Male,50,Kozhikode,Kerala,High Value,2025-04-10
14707,Customer_04707,Male,25,Bengaluru,Karnataka,High Value,2025-08-30
14708,Customer_04708,Male,49,Siliguri,West Bengal,Regular,2024-09-20
14709,Customer_04709,Female,50,Hubballi,Karnataka,High Value,2024-07-23
14710,Customer_04710,Female,25,Chennai,Tamil Nadu,Regular,2023-05-02
14711,Customer_04711,Male,63,Kolkata,West Bengal,Regular,2023-06-08
14712,Customer_04712,Male,31,Madurai,Tamil Nadu,VIP,2023-11-03
14713,Customer_04713,Female,51,Siliguri,West Bengal,Low Value,2025-01-20
14714,Customer_04714,Male,25,Kolkata,West Bengal,Regular,2025-11-27
14715,Customer_04715,Male,59,Mumbai,Maharashtra,High Value,2024-08-13
14716,Customer_04716,Male,24,Vadodara,Gujarat,Low Value,2023-12-12
14717,Customer_04717,Female,30,Agra,Uttar Pradesh,VIP,2023-05-29
14718,Customer_04718,Female,38,Hubballi,Karnataka,High Value,2025-11-05
14719,Customer_04719,Other,64,New Delhi,Delhi,Regular,2025-04-14
14720,Customer_04720,Male,49,Thiruvananthapuram,Kerala,Regular,2025-02-19
14721,Customer_04721,Female,28,Hyderabad,Telangana,Regular,2023-04-28
14722,Customer_04722,Female,31,Lucknow,Uttar Pradesh,VIP,2024-12-04
14723,Customer_04723,Male,28,Coimbatore,Tamil Nadu,Low Value,2023-11-13
14724,Customer_04724,Female,19,Pune,Maharashtra,Regular,2023-10-15
14725,Customer_04725,Male,51,Chennai,Tamil Nadu,High Value,2025-06-26
14726,Customer_04726,Male,61,Vadodara,Gujarat,Regular,2023-10-24
14727,Customer_04727,Male,64,Hyderabad,Telangana,Low Value,2024-03-18
14728,Customer_04728,Male,34,Nashik,Maharashtra,VIP,2025-06-19
14729,Customer_04729,Female,31,Coimbatore,Tamil Nadu,Regular,2023-10-28
14730,Customer_04730,Male,42,Surat,Gujarat,Regular,2025-06-16
14731,Customer_04731,Male,65,Kozhikode,Kerala,Regular,2024-03-01
14732,Customer_04732,Male,44,Thiruvananthapuram,Kerala,Regular,2023-09-07
14733,Customer_04733,Female,25,Coimbatore,Tamil Nadu,Low Value,2024-11-16
14734,Customer_04734,Female,34,Noida,Uttar Pradesh,High Value,2025-01-21
14735,Customer_04735,Female,22,Warangal,Telangana,High Value,2025-09-24
14736,Customer_04736,Female,29,Udaipur,Rajasthan,Low Value,2024-02-10
14737,Customer_04737,Male,55,Noida,Uttar Pradesh,Regular,2025-03-11
14738,Customer_04738,Male,35,Thiruvananthapuram,Kerala,Regular,2023-09-01
14739,Customer_04739,Female,43,Warangal,Telangana,Regular,2024-01-02
14740,Customer_04740,Male,48,Surat,Gujarat,Regular,2023-04-30
14741,Customer_04741,Male,54,Nashik,Maharashtra,Regular,2025-04-29
14742,Customer_04742,Female,23,Kolkata,West Bengal,Low Value,2024-03-08
14743,Customer_04743,Male,58,Chennai,Tamil Nadu,Regular,2023-07-02
14744,Customer_04744,Male,32,Hubballi,Karnataka,Regular,2025-01-28
14745,Customer_04745,Male,59,Warangal,Telangana,Regular,2023-01-31
14746,Customer_04746,Male,43,Delhi,Delhi,Regular,2025-09-03
14747,Customer_04747,Female,29,Ahmedabad,Gujarat,Regular,2024-06-11
14748,Customer_04748,Female,58,Jodhpur,Rajasthan,Regular,2025-05-13
14749,Customer_04749,Female,64,Kolkata,West Bengal,High Value,2023-04-12
14750,Customer_04750,Female,31,Delhi,Delhi,Regular,2025-12-31
14751,Customer_04751,Male,18,Udaipur,Rajasthan,Regular,2024-09-14
14752,Customer_04752,Male,34,Mysuru,Karnataka,Regular,2025-03-15
14753,Customer_04753,Male,50,Kochi,Kerala,Regular,2024-02-12
14754,Customer_04754,Male,46,Noida,Uttar Pradesh,High Value,2025-04-09
14755,Customer_04755,Other,62,Madurai,Tamil Nadu,Regular,2025-02-27
14756,Customer_04756,Female,48,Nagpur,Maharashtra,Regular,2024-09-09
14757,Customer_04757,Male,25,Jodhpur,Rajasthan,Regular,2024-07-02
14758,Customer_04758,Male,47,Kolkata,West Bengal,Regular,2023-10-18
14759,Customer_04759,Male,30,Hyderabad,Telangana,Regular,2024-02-26
14760,Customer_04760,Male,33,Kochi,Kerala,High Value,2023-06-30
14761,Customer_04761,Male,19,Warangal,Telangana,Regular,2024-10-16
14762,Customer_04762,Female,62,Kolkata,West Bengal,High Value,2023-04-24
14763,Customer_04763,Female,35,Warangal,Telangana,Regular,2023-09-17
14764,Customer_04764,Female,52,Udaipur,Rajasthan,High Value,2023-09-01
14765,Customer_04765,Male,62,Surat,Gujarat,VIP,2024-02-27
14766,Customer_04766,Male,36,Warangal,Telangana,Regular,2023-12-01
14767,Customer_04767,Female,30,Noida,Uttar Pradesh,Regular,2025-11-12
14768,Customer_04768,Female,21,Bengaluru,Karnataka,Regular,2023-09-28
14769,Customer_04769,Female,36,Nagpur,Maharashtra,Regular,2024-03-29
14770,Customer_04770,Female,42,Jodhpur,Rajasthan,Regular,2024-08-16
14771,Customer_04771,Female,55,Delhi,Delhi,Regular,2025-10-06
14772,Customer_04772,Female,48,Kolkata,West Bengal,Regular,2025-05-05
14773,Customer_04773,Male,53,Kochi,Kerala,Regular,2023-05-12
14774,Customer_04774,Female,21,Jaipur,Rajasthan,Regular,2025-02-06
14775,Customer_04775,Male,56,Surat,Gujarat,Regular,2024-05-15
14776,Customer_04776,Male,24,Thiruvananthapuram,Kerala,Low Value,2023-05-15
14777,Customer_04777,Female,33,Agra,Uttar Pradesh,High Value,2025-02-05
14778,Customer_04778,Male,65,Siliguri,West Bengal,Low Value,2025-03-22
14779,Customer_04779,Male,22,Kozhikode,Kerala,VIP,2025-02-08
14780,Customer_04780,Male,64,Warangal,Telangana,Regular,2023-04-04
14781,Customer_04781,Male,40,Jodhpur,Rajasthan,Regular,2023-06-14
14782,Customer_04782,Male,53,Bengaluru,Karnataka,Regular,2023-11-21
14783,Customer_04783,Male,49,Kolkata,West Bengal,High Value,2025-07-28
14784,Customer_04784,Male,41,Chennai,Tamil Nadu,Low Value,2024-09-11
14785,Customer_04785,Male,42,Kanpur,Uttar Pradesh,Low Value,2023-08-19
14786,Customer_04786,Other,62,Mumbai,Maharashtra,Regular,2024-08-04
14787,Customer_04787,Male,45,Siliguri,West Bengal,Regular,2025-01-02
14788,Customer_04788,Male,36,Vadodara,Gujarat,Low Value,2024-11-01
14789,Customer_04789,Female,24,Jaipur,Rajasthan,Low Value,2024-02-07
14790,Customer_04790,Female,61,Hyderabad,Telangana,Regular,2025-11-21
14791,Customer_04791,Female,58,Mumbai,Maharashtra,Regular,2023-05-01
14792,Customer_04792,Male,34,Nagpur,Maharashtra,Regular,2024-12-27
14793,Customer_04793,Female,19,Agra,Uttar Pradesh,Regular,2024-01-20
14794,Customer_04794,Female,33,Kozhikode,Kerala,Regular,2024-04-20
14795,Customer_04795,Female,56,Surat,Gujarat,Regular,2024-07-13
14796,Customer_04796,Female,35,Thiruvananthapuram,Kerala,VIP,2024-01-24
14797,Customer_04797,Female,56,Hyderabad,Telangana,Regular,2025-02-28
14798,Customer_04798,Female,18,Nagpur,Maharashtra,Regular,2025-01-22
14799,Customer_04799,Female,20,Vadodara,Gujarat,Low Value,2024-12-04
14800,Customer_04800,Male,38,Surat,Gujarat,Low Value,2023-02-22
14801,Customer_04801,Female,47,Delhi,Delhi,Regular,2024-07-20
14802,Customer_04802,Female,28,Jaipur,Rajasthan,Regular,2025-03-31
14803,Customer_04803,Male,39,Nashik,Maharashtra,High Value,2025-11-10
14804,Customer_04804,Other,64,Thane,Maharashtra,Regular,2025-11-08
14805,Customer_04805,Male,42,Ahmedabad,Gujarat,VIP,2025-05-11
14806,Customer_04806,Male,20,Thiruvananthapuram,Kerala,Regular,2023-11-18
14807,Customer_04807,Female,47,Pune,Maharashtra,Regular,2025-04-06
14808,Customer_04808,Male,41,Ahmedabad,Gujarat,Regular,2024-03-08
14809,Customer_04809,Male,62,Nashik,Maharashtra,VIP,2025-12-18
14810,Customer_04810,Male,53,Ahmedabad,Gujarat,Low Value,2023-02-27
14811,Customer_04811,Male,40,New Delhi,Delhi,Regular,2025-10-14
14812,Customer_04812,Male,25,Jaipur,Rajasthan,VIP,2025-01-20
14813,Customer_04813,Male,21,Ahmedabad,Gujarat,VIP,2023-07-01
14814,Customer_04814,Male,56,Thane,Maharashtra,Regular,2024-08-29
14815,Customer_04815,Other,60,Warangal,Telangana,High Value,2025-08-18
14816,Customer_04816,Other,48,Udaipur,Rajasthan,Regular,2023-04-15
14817,Customer_04817,Male,46,Delhi,Delhi,Regular,2024-08-29
14818,Customer_04818,Female,53,Vadodara,Gujarat,Low Value,2025-09-16
14819,Customer_04819,Male,30,Hyderabad,Telangana,High Value,2024-04-28
14820,Customer_04820,Male,58,Surat,Gujarat,Regular,2023-05-09
14821,Customer_04821,Male,26,Thiruvananthapuram,Kerala,Regular,2023-11-15
14822,Customer_04822,Female,38,Pune,Maharashtra,Regular,2024-12-07
14823,Customer_04823,Female,20,Siliguri,West Bengal,Regular,2024-05-23
14824,Customer_04824,Male,42,Lucknow,Uttar Pradesh,Low Value,2023-01-20
14825,Customer_04825,Male,42,Bengaluru,Karnataka,High Value,2025-01-21
14826,Customer_04826,Male,29,Kochi,Kerala,Regular,2023-08-23
14827,Customer_04827,Female,46,Hyderabad,Telangana,Low Value,2024-08-28
14828,Customer_04828,Female,28,Thiruvananthapuram,Kerala,VIP,2024-07-07
14829,Customer_04829,Male,28,Madurai,Tamil Nadu,VIP,2024-03-28
14830,Customer_04830,Female,43,Vadodara,Gujarat,High Value,2024-08-08
14831,Customer_04831,Male,31,Surat,Gujarat,Regular,2025-09-10
14832,Customer_04832,Female,33,Mysuru,Karnataka,Regular,2024-02-27
14833,Customer_04833,Female,27,Mangaluru,Karnataka,High Value,2023-01-06
14834,Customer_04834,Male,48,Madurai,Tamil Nadu,Regular,2024-04-02
14835,Customer_04835,Female,48,Nashik,Maharashtra,Regular,2024-07-07
14836,Customer_04836,Female,53,Lucknow,Uttar Pradesh,High Value,2024-06-05
14837,Customer_04837,Male,27,Kolkata,West Bengal,Regular,2025-04-25
14838,Customer_04838,Male,43,Siliguri,West Bengal,Regular,2024-07-04
14839,Customer_04839,Female,37,New Delhi,Delhi,Low Value,2023-01-11
14840,Customer_04840,Male,61,Delhi,Delhi,Regular,2024-05-11
14841,Customer_04841,Male,26,Nagpur,Maharashtra,Regular,2025-11-05
14842,Customer_04842,Male,32,New Delhi,Delhi,Regular,2025-11-22
14843,Customer_04843,Female,26,New Delhi,Delhi,Regular,2025-01-14
14844,Customer_04844,Female,24,Madurai,Tamil Nadu,Regular,2024-05-03
14845,Customer_04845,Female,43,Chennai,Tamil Nadu,Low Value,2025-01-05
14846,Customer_04846,Female,41,Delhi,Delhi,Regular,2024-04-02
14847,Customer_04847,Male,29,Kozhikode,Kerala,Low Value,2025-12-10
14848,Customer_04848,Female,37,Udaipur,Rajasthan,Low Value,2024-04-08
14849,Customer_04849,Female,31,Udaipur,Rajasthan,VIP,2023-02-12
14850,Customer_04850,Male,39,Mumbai,Maharashtra,VIP,2024-06-22
14851,Customer_04851,Male,33,Siliguri,West Bengal,High Value,2024-07-21
14852,Customer_04852,Male,46,Mangaluru,Karnataka,Regular,2023-05-01
14853,Customer_04853,Female,49,Pune,Maharashtra,High Value,2024-09-16
14854,Customer_04854,Female,36,Delhi,Delhi,Low Value,2023-11-12
14855,Customer_04855,Female,52,Coimbatore,Tamil Nadu,VIP,2025-10-18
14856,Customer_04856,Other,60,Surat,Gujarat,Regular,2024-09-12
14857,Customer_04857,Male,49,Thiruvananthapuram,Kerala,High Value,2024-03-29
14858,Customer_04858,Female,37,Warangal,Telangana,Low Value,2024-11-17
14859,Customer_04859,Female,57,Chennai,Tamil Nadu,Regular,2024-09-15
14860,Customer_04860,Male,37,Jodhpur,Rajasthan,Low Value,2024-09-03
14861,Customer_04861,Female,25,Chennai,Tamil Nadu,Low Value,2025-08-16
14862,Customer_04862,Male,52,Kozhikode,Kerala,Regular,2024-10-08
14863,Customer_04863,Female,59,Hubballi,Karnataka,High Value,2025-02-01
14864,Customer_04864,Female,30,Delhi,Delhi,High Value,2023-08-28
14865,Customer_04865,Female,58,Vadodara,Gujarat,High Value,2025-01-03
14866,Customer_04866,Female,23,Jodhpur,Rajasthan,Regular,2024-01-12
14867,Customer_04867,Male,64,Jodhpur,Rajasthan,VIP,2023-01-04
14868,Customer_04868,Female,33,Agra,Uttar Pradesh,VIP,2025-03-04
14869,Customer_04869,Male,22,Kolkata,West Bengal,Regular,2025-04-25
14870,Customer_04870,Female,62,Mysuru,Karnataka,Regular,2023-07-16
14871,Customer_04871,Female,51,Jaipur,Rajasthan,Regular,2024-01-24
14872,Customer_04872,Female,23,Siliguri,West Bengal,Regular,2023-09-18
14873,Customer_04873,Male,50,Jaipur,Rajasthan,Low Value,2024-08-25
14874,Customer_04874,Female,32,Delhi,Delhi,Regular,2023-04-04
14875,Customer_04875,Female,32,Kolkata,West Bengal,High Value,2023-05-16
14876,Customer_04876,Female,31,Kochi,Kerala,Regular,2024-06-08
14877,Customer_04877,Male,56,Noida,Uttar Pradesh,Low Value,2024-05-12
14878,Customer_04878,Male,22,Delhi,Delhi,VIP,2023-04-22
14879,Customer_04879,Male,43,Kochi,Kerala,Regular,2024-01-04
14880,Customer_04880,Female,65,Ahmedabad,Gujarat,Regular,2025-07-24
14881,Customer_04881,Female,34,Hubballi,Karnataka,High Value,2025-02-06
14882,Customer_04882,Other,60,Mangaluru,Karnataka,Low Value,2024-08-08
14883,Customer_04883,Male,64,Warangal,Telangana,Regular,2024-11-03
14884,Customer_04884,Male,33,Hyderabad,Telangana,Regular,2024-05-25
14885,Customer_04885,Female,52,Kolkata,West Bengal,Regular,2024-12-13
14886,Customer_04886,Female,55,Mangaluru,Karnataka,Regular,2025-03-30
14887,Customer_04887,Female,40,Siliguri,West Bengal,High Value,2024-01-12
14888,Customer_04888,Female,30,Hyderabad,Telangana,High Value,2024-06-28
14889,Customer_04889,Male,50,Vadodara,Gujarat,VIP,2023-03-14
14890,Customer_04890,Female,46,Udaipur,Rajasthan,High Value,2025-08-31
14891,Customer_04891,Female,63,Kozhikode,Kerala,Regular,2024-05-18
14892,Customer_04892,Female,51,Coimbatore,Tamil Nadu,Low Value,2025-03-15
14893,Customer_04893,Male,51,Siliguri,West Bengal,Regular,2024-12-10
14894,Customer_04894,Male,44,Vadodara,Gujarat,Regular,2023-11-21
14895,Customer_04895,Male,32,Kochi,Kerala,Regular,2024-01-23
14896,Customer_04896,Female,26,Hubballi,Karnataka,Regular,2025-04-07
14897,Customer_04897,Male,43,Jodhpur,Rajasthan,Low Value,2023-08-28
14898,Customer_04898,Male,20,Kochi,Kerala,High Value,2025-09-02
14899,Customer_04899,Male,53,Lucknow,Uttar Pradesh,Low Value,2023-01-31
14900,Customer_04900,Female,64,Hyderabad,Telangana,Regular,2024-04-23
14901,Customer_04901,Male,22,Kochi,Kerala,Low Value,2025-11-03
14902,Customer_04902,Female,37,Chennai,Tamil Nadu,Regular,2024-12-17
14903,Customer_04903,Male,37,Surat,Gujarat,Regular,2023-03-09
14904,Customer_04904,Male,22,Udaipur,Rajasthan,High Value,2025-10-02
14905,Customer_04905,Female,27,Delhi,Delhi,VIP,2024-06-21
14906,Customer_04906,Male,33,Kochi,Kerala,Regular,2023-10-18
14907,Customer_04907,Male,42,Nashik,Maharashtra,Low Value,2025-09-01
14908,Customer_04908,Male,61,Coimbatore,Tamil Nadu,Regular,2023-01-24
14909,Customer_04909,Female,42,Madurai,Tamil Nadu,Regular,2024-02-19
14910,Customer_04910,Female,47,Nagpur,Maharashtra,Low Value,2025-04-30
14911,Customer_04911,Male,31,Lucknow,Uttar Pradesh,Regular,2025-08-19
14912,Customer_04912,Male,39,New Delhi,Delhi,Regular,2024-11-11
14913,Customer_04913,Female,60,Hyderabad,Telangana,VIP,2025-11-25
14914,Customer_04914,Female,45,Surat,Gujarat,High Value,2023-04-11
14915,Customer_04915,Male,47,Jaipur,Rajasthan,Low Value,2024-06-29
14916,Customer_04916,Female,36,Surat,Gujarat,Low Value,2023-02-08
14917,Customer_04917,Female,55,Delhi,Delhi,Regular,2023-07-30
14918,Customer_04918,Female,59,Surat,Gujarat,Regular,2025-01-11
14919,Customer_04919,Male,37,Thane,Maharashtra,Regular,2024-08-14
14920,Customer_04920,Male,52,Coimbatore,Tamil Nadu,Low Value,2025-01-19
14921,Customer_04921,Male,39,Ahmedabad,Gujarat,Regular,2023-06-21
14922,Customer_04922,Female,32,Kolkata,West Bengal,Regular,2025-04-17
14923,Customer_04923,Female,28,Thiruvananthapuram,Kerala,High Value,2024-03-17
14924,Customer_04924,Male,51,New Delhi,Delhi,Regular,2025-12-18
14925,Customer_04925,Female,41,Agra,Uttar Pradesh,High Value,2024-06-17
14926,Customer_04926,Female,23,Siliguri,West Bengal,Low Value,2023-12-31
14927,Customer_04927,Other,34,Mumbai,Maharashtra,Regular,2024-01-02
14928,Customer_04928,Female,45,Bengaluru,Karnataka,Low Value,2023-10-23
14929,Customer_04929,Other,48,Thane,Maharashtra,Regular,2024-08-28
14930,Customer_04930,Male,53,Noida,Uttar Pradesh,Low Value,2025-01-25
14931,Customer_04931,Female,26,Kanpur,Uttar Pradesh,Regular,2024-06-06
14932,Customer_04932,Female,27,Kolkata,West Bengal,Regular,2023-09-22
14933,Customer_04933,Male,38,Thiruvananthapuram,Kerala,Regular,2025-11-27
14934,Customer_04934,Male,51,New Delhi,Delhi,VIP,2024-01-17
14935,Customer_04935,Female,48,Warangal,Telangana,Low Value,2024-03-06
14936,Customer_04936,Male,46,Madurai,Tamil Nadu,Regular,2024-01-24
14937,Customer_04937,Female,60,Siliguri,West Bengal,Regular,2023-02-23
14938,Customer_04938,Male,60,Agra,Uttar Pradesh,Low Value,2023-01-24
14939,Customer_04939,Male,28,Mangaluru,Karnataka,Low Value,2024-01-30
14940,Customer_04940,Male,50,Jaipur,Rajasthan,Regular,2024-09-24
14941,Customer_04941,Male,63,Agra,Uttar Pradesh,Low Value,2023-04-29
14942,Customer_04942,Female,18,Thiruvananthapuram,Kerala,VIP,2025-09-09
14943,Customer_04943,Female,38,Kozhikode,Kerala,High Value,2023-07-11
14944,Customer_04944,Male,40,Lucknow,Uttar Pradesh,Regular,2024-05-01
14945,Customer_04945,Male,26,Kochi,Kerala,Regular,2024-09-24
14946,Customer_04946,Male,18,Kolkata,West Bengal,Regular,2024-12-21
14947,Customer_04947,Male,38,Noida,Uttar Pradesh,Regular,2024-01-19
14948,Customer_04948,Female,39,Kanpur,Uttar Pradesh,Regular,2025-03-22
14949,Customer_04949,Male,21,New Delhi,Delhi,Low Value,2023-12-12
14950,Customer_04950,Male,18,Madurai,Tamil Nadu,Regular,2024-04-17
14951,Customer_04951,Male,27,Mysuru,Karnataka,Low Value,2024-11-06
14952,Customer_04952,Male,32,Kochi,Kerala,Regular,2023-01-03
14953,Customer_04953,Male,53,Delhi,Delhi,Regular,2025-12-09
14954,Customer_04954,Male,46,Hyderabad,Telangana,Regular,2025-07-13
14955,Customer_04955,Female,63,Warangal,Telangana,Regular,2025-05-25
14956,Customer_04956,Female,22,Vadodara,Gujarat,Low Value,2025-09-10
14957,Customer_04957,Female,46,Siliguri,West Bengal,VIP,2025-08-30
14958,Customer_04958,Male,64,Kolkata,West Bengal,High Value,2024-01-14
14959,Customer_04959,Male,64,Nashik,Maharashtra,Low Value,2023-05-18
14960,Customer_04960,Female,44,Mysuru,Karnataka,Regular,2023-05-05
14961,Customer_04961,Female,42,Kanpur,Uttar Pradesh,High Value,2025-07-22
14962,Customer_04962,Other,33,Thiruvananthapuram,Kerala,High Value,2024-04-24
14963,Customer_04963,Male,33,Mysuru,Karnataka,Low Value,2024-07-23
14964,Customer_04964,Male,53,Ahmedabad,Gujarat,Low Value,2023-03-07
14965,Customer_04965,Female,42,Thane,Maharashtra,Regular,2025-05-01
14966,Customer_04966,Female,58,Delhi,Delhi,Regular,2024-03-07
14967,Customer_04967,Female,18,Mangaluru,Karnataka,Low Value,2024-08-23
14968,Customer_04968,Female,22,New Delhi,Delhi,Regular,2025-05-05
14969,Customer_04969,Female,58,Hyderabad,Telangana,Low Value,2023-01-06
14970,Customer_04970,Female,37,Thiruvananthapuram,Kerala,Regular,2023-06-07
14971,Customer_04971,Female,22,Surat,Gujarat,Low Value,2023-11-26
14972,Customer_04972,Female,53,Agra,Uttar Pradesh,Regular,2023-08-11
14973,Customer_04973,Female,46,Thiruvananthapuram,Kerala,High Value,2024-02-06
14974,Customer_04974,Male,65,Coimbatore,Tamil Nadu,Regular,2024-06-28
14975,Customer_04975,Male,51,Siliguri,West Bengal,Regular,2024-05-23
14976,Customer_04976,Female,65,Ahmedabad,Gujarat,Low Value,2023-07-03
14977,Customer_04977,Male,35,Mysuru,Karnataka,High Value,2025-07-03
14978,Customer_04978,Female,19,Kozhikode,Kerala,Low Value,2024-08-03
14979,Customer_04979,Male,33,Jaipur,Rajasthan,Regular,2024-06-21
14980,Customer_04980,Male,46,Kolkata,West Bengal,Regular,2024-06-01
14981,Customer_04981,Female,50,Siliguri,West Bengal,VIP,2025-02-06
14982,Customer_04982,Male,33,Jaipur,Rajasthan,Regular,2023-10-22
14983,Customer_04983,Male,52,Nashik,Maharashtra,Regular,2025-10-11
14984,Customer_04984,Male,64,Mumbai,Maharashtra,Regular,2023-09-17
14985,Customer_04985,Female,60,Jodhpur,Rajasthan,High Value,2025-04-05
14986,Customer_04986,Male,59,Coimbatore,Tamil Nadu,Regular,2023-11-12
14987,Customer_04987,Female,34,Warangal,Telangana,Low Value,2025-01-15
14988,Customer_04988,Male,21,Jaipur,Rajasthan,Regular,2024-12-19
14989,Customer_04989,Female,21,Warangal,Telangana,Regular,2024-11-10
14990,Customer_04990,Male,42,Kochi,Kerala,Regular,2025-05-03
14991,Customer_04991,Male,50,Coimbatore,Tamil Nadu,Low Value,2024-04-05
14992,Customer_04992,Male,31,Ahmedabad,Gujarat,Regular,2025-12-15
14993,Customer_04993,Male,41,Warangal,Telangana,VIP,2025-03-17
14994,Customer_04994,Female,28,Kolkata,West Bengal,Regular,2025-03-03
14995,Customer_04995,Male,42,Kozhikode,Kerala,Regular,2025-07-18
14996,Customer_04996,Male,45,Kolkata,West Bengal,High Value,2023-05-29
14997,Customer_04997,Female,24,Madurai,Tamil Nadu,Low Value,2025-02-06
14998,Customer_04998,Male,53,Hyderabad,Telangana,Regular,2023-12-11
14999,Customer_04999,Male,27,New Delhi,Delhi,Regular,2025-08-31
15000,Customer_05000,Female,53,Coimbatore,Tamil Nadu,Regular,2025-07-10
12765,Customer_02765,Female,22,Ahmedabad,Gujarat,High Value,2023-10-01
14768,Customer_04768,Female,21,Bengaluru,Karnataka,Regular,2023-09-28
13815,Customer_03815,Female,23,Warangal,Telangana,VIP,2023-09-16
13500,Customer_03500,Female,32,Nagpur,Maharashtra,Regular,2025-11-19
12736,Customer_02736,Male,19,Kanpur,Uttar Pradesh,Regular,2025-07-31
13923,Customer_03923,Female,46,Nashik,Maharashtra,Low Value,2025-04-18
12702,Customer_02702,Female,26,Hyderabad,Telangana,Regular,2024-01-01
11180,Customer_01180,Male,23,Lucknow,Uttar Pradesh,Regular,2023-06-12
10933,Customer_00933,Female,26,Ahmedabad,Gujarat,Low Value,2025-03-05
10793,Customer_00793,Male,47,Delhi,Delhi,Low Value,2025-05-23
11853,Customer_01853,Female,24,Mangaluru,Karnataka,Regular,2025-03-27
11186,Customer_01186,Female,30,Kochi,Kerala,High Value,2024-01-25
11725,Customer_01725,Male,64,Kolkata,West Bengal,Low Value,2023-08-17
14081,Customer_04081,Female,65,Siliguri,West Bengal,Regular,2025-07-15
13824,Customer_03824,Male,26,Jaipur,Rajasthan,Regular,2025-08-15
14055,Customer_04055,Female,18,Siliguri,West Bengal,Regular,2023-07-28
12722,Customer_02722,Male,27,Warangal,Telangana,Low Value,2023-05-30
13904,Customer_03904,Female,65,Agra,Uttar Pradesh,Regular,2023-08-02
11866,Customer_01866,Male,48,Surat,Gujarat,VIP,2023-09-02
10760,Customer_00760,Male,22,Kozhikode,Kerala,High Value,2024-02-03
12417,Customer_02417,Male,38,Thiruvananthapuram,Kerala,Regular,2024-01-08
13671,Customer_03671,Female,48,Warangal,Telangana,Regular,2023-02-11
14839,Customer_04839,Female,37,New Delhi,Delhi,Low Value,2023-01-11
13091,Customer_03091,Female,58,Delhi,Delhi,Low Value,2025-01-05
11547,Customer_01547,Male,47,New Delhi,Delhi,Regular,2025-06-19
